ID;CONTEXT;TYPE;TEXT (IT);TEXT (ENG);SYSTEM;MAPPING OASIS;
1;Geolocation and navigation;Access only while in use;Condivido i dati sulla mia posizione con le applicazioni solo ed esclusivamente mentre le sto utilizzando attivamente. Non autorizzo alcuna app a tracciare la mia posizione in background quando non  aperta.;I share my location data with applications only and exclusively while I am actively using them. I do not authorize any app to track my location in the background when it is not open.;GEMINI 2.5;"<?xml version=""1.0"" encoding=""UTF-8""?>
<Policy xmlns=""urn:oasis:names:tc:xacml:3.0:core:schema:wd-17""
        PolicyId=""policy-geolocation-while-in-use-1""
        Version=""1.0""
        RuleCombiningAlgId=""urn:oasis:names:tc:xacml:3.0:rule-combining-algorithm:deny-unless-permit"">
    
    <Description>ID 1: Accesso alla posizione solo se l'app  in uso attivo. Nega il tracciamento in background.</Description>

    <Target>
        <AnyOf>
            <AllOf>
                <Match MatchId=""urn:oasis:names:tc:xacml:1.0:function:string-equal"">
                    <AttributeValue DataType=""http://www.w3.org/2001/XMLSchema#string"">geolocation</AttributeValue>
                    <AttributeDesignator AttributeId=""urn:oasis:names:tc:xacml:1.0:resource:resource-id"" DataType=""http://www.w3.org/2001/XMLSchema#string"" Category=""urn:oasis:names:tc:xacml:3.0:attribute-category:resource"" MustBePresent=""true""/>
                </Match>
                <Match MatchId=""urn:oasis:names:tc:xacml:1.0:function:string-equal"">
                    <AttributeValue DataType=""http://www.w3.org/2001/XMLSchema#string"">access</AttributeValue>
                    <AttributeDesignator AttributeId=""urn:oasis:names:tc:xacml:1.0:action:action-id"" DataType=""http://www.w3.org/2001/XMLSchema#string"" Category=""urn:oasis:names:tc:xacml:3.0:attribute-category:action"" MustBePresent=""true""/>
                </Match>
            </AllOf>
        </AnyOf>
    </Target>

    <Rule RuleId=""permit-if-foreground"" Effect=""Permit"">
        <Description>L'accesso  consentito solo se lo stato dell'applicazione  'foreground'.</Description>
        <Condition>
            <Apply FunctionId=""urn:oasis:names:tc:xacml:1.0:function:string-equal"">
                <AttributeValue DataType=""http://www.w3.org/2001/XMLSchema#string"">foreground</AttributeValue>
                <AttributeDesignator
                    AttributeId=""urn:phone:attribute:app-status""
                    DataType=""http://www.w3.org/2001/XMLSchema#string""
                    Category=""urn:oasis:names:tc:xacml:3.0:attribute-category:environment""
                    MustBePresent=""true""/>
            </Apply>
        </Condition>
    </Rule>
</Policy>";
2;Geolocation and navigation;Imprecise location;Preferisco non condividere la mia posizione esatta. Abilito la condivisione della posizione approssimativa per le app che non necessitano di coordinate precise per funzionare, come quelle per il meteo o le notizie locali.;I prefer not to share my exact location. I enable approximate location sharing for apps that do not need precise coordinates to function, like those for weather or local news.;GEMINI 2.5;"<?xml version=""1.0"" encoding=""UTF-8""?>
<Policy xmlns=""urn:oasis:names:tc:xacml:3.0:core:schema:wd-17""
        PolicyId=""policy-geolocation-imprecise-2""
        Version=""1.0""
        RuleCombiningAlgId=""urn:oasis:names:tc:xacml:3.0:rule-combining-algorithm:deny-overrides"">

    <Description>ID 2: Nega la condivisione della posizione esatta, abilita la posizione approssimativa.</Description>

    <Target>
        <AnyOf>
            <AllOf>
                <Match MatchId=""urn:oasis:names:tc:xacml:1.0:function:string-equal"">
                    <AttributeValue DataType=""http://www.w3.org/2001/XMLSchema#string"">geolocation</AttributeValue>
                    <AttributeDesignator AttributeId=""urn:oasis:names:tc:xacml:1.0:resource:resource-id"" DataType=""http://www.w3.org/2001/XMLSchema#string"" Category=""urn:oasis:names:tc:xacml:3.0:attribute-category:resource"" MustBePresent=""true""/>
                </Match>
                <Match MatchId=""urn:oasis:names:tc:xacml:1.0:function:string-equal"">
                    <AttributeValue DataType=""http://www.w3.org/2001/XMLSchema#string"">access</AttributeValue>
                    <AttributeDesignator AttributeId=""urn:oasis:names:tc:xacml:1.0:action:action-id"" DataType=""http://www.w3.org/2001/XMLSchema#string"" Category=""urn:oasis:names:tc:xacml:3.0:attribute-category:action"" MustBePresent=""true""/>
                </Match>
            </AllOf>
        </AnyOf>
    </Target>

    <Rule RuleId=""deny-if-exact-requested"" Effect=""Deny"">
        <Description>Nega se l'applicazione richiede un livello di precisione 'esatta'.</Description>
        <Condition>
            <Apply FunctionId=""urn:oasis:names:tc:xacml:1.0:function:string-equal"">
                <AttributeValue DataType=""http://www.w3.org/2001/XMLSchema#string"">exact</AttributeValue>
                <AttributeDesignator
                    AttributeId=""urn:request:location-precision""
                    DataType=""http://www.w3.org/2001/XMLSchema#string""
                    Category=""urn:oasis:names:tc:xacml:3.0:attribute-category:environment""
                    MustBePresent=""true""/>
            </Apply>
        </Condition>
    </Rule>
    
    <Rule RuleId=""permit-by-default"" Effect=""Permit"">
        <Description>Permetti tutte le altre richieste (presumibilmente imprecise).</Description>
    </Rule>
</Policy>";
3;Geolocation and navigation;Ask every time;Voglio che il mio dispositivo mi chieda l'autorizzazione ogni singola volta che un'applicazione tenta di accedere alla mia posizione, in modo da poter valutare la necessitˆ della richiesta al momento.;I want my device to ask for my permission every single time an application attempts to access my location, so I can evaluate the need for the request at that moment.;GEMINI 2.5;"<?xml version=""1.0"" encoding=""UTF-8""?>
<Policy xmlns=""urn:oasis:names:tc:xacml:3.0:core:schema:wd-17""
        PolicyId=""policy-geolocation-ask-every-time-3""
        Version=""1.0""
        RuleCombiningAlgId=""urn:oasis:names:tc:xacml:3.0:rule-combining-algorithm:deny-unless-permit"">

    <Description>ID 3: Richiedi l'autorizzazione ogni singola volta (chiedi consenso esplicito).</Description>

    <Target>
        <AnyOf>
            <AllOf>
                <Match MatchId=""urn:oasis:names:tc:xacml:1.0:function:string-equal"">
                    <AttributeValue DataType=""http://www.w3.org/2001/XMLSchema#string"">geolocation</AttributeValue>
                    <AttributeDesignator AttributeId=""urn:oasis:names:tc:xacml:1.0:resource:resource-id"" DataType=""http://www.w3.org/2001/XMLSchema#string"" Category=""urn:oasis:names:tc:xacml:3.0:attribute-category:resource"" MustBePresent=""true""/>
                </Match>
            </AllOf>
        </AnyOf>
    </Target>

    <Rule RuleId=""permit-if-consent-provided"" Effect=""Permit"">
        <Description>Permetti l'accesso solo se la richiesta contiene l'attributo di consenso esplicito per questa istanza.</Description>
        <Condition>
            <Apply FunctionId=""urn:oasis:names:tc:xacml:1.0:function:boolean-equal"">
                <AttributeValue DataType=""http://www.w3.org/2001/XMLSchema#boolean"">true</AttributeValue>
                <AttributeDesignator
                    AttributeId=""urn:request:attribute:user-consent-provided""
                    DataType=""http://www.w3.org/2001/XMLSchema#boolean""
                    Category=""urn:oasis:names:tc:xacml:3.0:attribute-category:environment""
                    MustBePresent=""true""/>
            </Apply>
        </Condition>
    </Rule>
</Policy>";
4;Geolocation and navigation;No access;Nessuna applicazione deve avere accesso alla mia posizione. Se un servizio ne ha bisogno per funzionare, lo attiver˜ manualmente per il tempo strettamente necessario e lo disattiver˜ subito dopo.;No application should have access to my location. If a service needs it to function, I will activate it manually for the strictly necessary time and deactivate it immediately after.;GEMINI 2.5;"<?xml version=""1.0"" encoding=""UTF-8""?>
<Policy xmlns=""urn:oasis:names:tc:xacml:3.0:core:schema:wd-17""
        PolicyId=""policy-geolocation-no-access-4""
        Version=""1.0""
        RuleCombiningAlgId=""urn:oasis:names:tc:xacml:3.0:rule-combining-algorithm:deny-overrides"">

    <Description>ID 4: Nessuna applicazione deve avere accesso alla posizione.</Description>

    <Target>
        <AnyOf>
            <AllOf>
                <Match MatchId=""urn:oasis:names:tc:xacml:1.0:function:string-equal"">
                    <AttributeValue DataType=""http://www.w3.org/2001/XMLSchema#string"">geolocation</AttributeValue>
                    <AttributeDesignator AttributeId=""urn:oasis:names:tc:xacml:1.0:resource:resource-id"" DataType=""http://www.w3.org/2001/XMLSchema#string"" Category=""urn:oasis:names:tc:xacml:3.0:attribute-category:resource"" MustBePresent=""true""/>
                </Match>
            </AllOf>
        </AnyOf>
    </Target>

    <Rule RuleId=""deny-all-geolocation-access"" Effect=""Deny"">
        <Description>Nega incondizionatamente ogni tentativo di accesso alla geolocalizzazione.</Description>
    </Rule>
</Policy>";
5;Microphone and camera;Access only while in use;Autorizzo l'accesso a microfono e fotocamera solo quando sto usando un'app e voglio che un indicatore visivo mi segnali sempre quando sono attivi. Nessuna app pu˜ utilizzarli in background.;I authorize access to the microphone and camera only when I am using an app, and I want a visual indicator to always show me when they are active. No app can use them in the background.;GEMINI 2.5;"<?xml version=""1.0"" encoding=""UTF-8""?>
<Policy xmlns=""urn:oasis:names:tc:xacml:3.0:core:schema:wd-17""
        PolicyId=""policy-media-while-in-use-5""
        Version=""1.0""
        RuleCombiningAlgId=""urn:oasis:names:tc:xacml:3.0:rule-combining-algorithm:deny-unless-permit"">
    
    <Description>ID 5: Accesso a microfono/fotocamera solo quando l'app  in uso. Nega in background.</Description>

    <Target>
        <AnyOf>
            <AllOf>
                <Match MatchId=""urn:oasis:names:tc:xacml:1.0:function:string-one-and-only"">
                    <AttributeValue DataType=""http://www.w3.org/2001/XMLSchema#string"">microphone</AttributeValue>
                    <AttributeValue DataType=""http://www.w3.org/2001/XMLSchema#string"">camera</AttributeValue>
                    <AttributeDesignator AttributeId=""urn:oasis:names:tc:xacml:1.0:resource:resource-id"" DataType=""http://www.w3.org/2001/XMLSchema#string"" Category=""urn:oasis:names:tc:xacml:3.0:attribute-category:resource"" MustBePresent=""true""/>
                </Match>
                <Match MatchId=""urn:oasis:names:tc:xacml:1.0:function:string-equal"">
                    <AttributeValue DataType=""http://www.w3.org/2001/XMLSchema#string"">access</AttributeValue>
                    <AttributeDesignator AttributeId=""urn:oasis:names:tc:xacml:1.0:action:action-id"" DataType=""http://www.w3.org/2001/XMLSchema#string"" Category=""urn:oasis:names:tc:xacml:3.0:attribute-category:action"" MustBePresent=""true""/>
                </Match>
            </AllOf>
        </AnyOf>
    </Target>

    <Rule RuleId=""permit-if-foreground"" Effect=""Permit"">
        <Description>L'accesso  consentito solo se lo stato dell'applicazione  'foreground'.</Description>
        <Condition>
            <Apply FunctionId=""urn:oasis:names:tc:xacml:1.0:function:string-equal"">
                <AttributeValue DataType=""http://www.w3.org/2001/XMLSchema#string"">foreground</AttributeValue>
                <AttributeDesignator
                    AttributeId=""urn:phone:attribute:app-status""
                    DataType=""http://www.w3.org/2001/XMLSchema#string""
                    Category=""urn:oasis:names:tc:xacml:3.0:attribute-category:environment""
                    MustBePresent=""true""/>
            </Apply>
        </Condition>
    </Rule>
</Policy>";
6;Microphone and camera;Ask every time;Per la mia sicurezza, richiedo che ogni app mi chieda esplicitamente il permesso di usare il microfono o la fotocamera a ogni utilizzo, senza salvare una preferenza permanente.;For my safety, I require that every app explicitly ask for my permission to use the microphone or camera for each use, without saving a permanent preference.;GEMINI 2.5;"<?xml version=""1.0"" encoding=""UTF-8""?>
<Policy xmlns=""urn:oasis:names:tc:xacml:3.0:core:schema:wd-17""
        PolicyId=""policy-media-ask-every-time-6""
        Version=""1.0""
        RuleCombiningAlgId=""urn:oasis:names:tc:xacml:3.0:rule-combining-algorithm:deny-unless-permit"">

    <Description>ID 6: Richiedi esplicitamente il permesso di usare microfono o fotocamera a ogni utilizzo.</Description>

    <Target>
        <AnyOf>
            <AllOf>
                <Match MatchId=""urn:oasis:names:tc:xacml:1.0:function:string-one-and-only"">
                    <AttributeValue DataType=""http://www.w3.org/2001/XMLSchema#string"">microphone</AttributeValue>
                    <AttributeValue DataType=""http://www.w3.org/2001/XMLSchema#string"">camera</AttributeValue>
                    <AttributeDesignator AttributeId=""urn:oasis:names:tc:xacml:1.0:resource:resource-id"" DataType=""http://www.w3.org/2001/XMLSchema#string"" Category=""urn:oasis:names:tc:xacml:3.0:attribute-category:resource"" MustBePresent=""true""/>
                </Match>
            </AllOf>
        </AnyOf>
    </Target>

    <Rule RuleId=""permit-if-consent-provided"" Effect=""Permit"">
        <Description>Permetti l'accesso solo se la richiesta contiene l'attributo di consenso esplicito.</Description>
        <Condition>
            <Apply FunctionId=""urn:oasis:names:tc:xacml:1.0:function:boolean-equal"">
                <AttributeValue DataType=""http://www.w3.org/2001/XMLSchema#boolean"">true</AttributeValue>
                <AttributeDesignator
                    AttributeId=""urn:request:attribute:user-consent-provided""
                    DataType=""http://www.w3.org/2001/XMLSchema#boolean""
                    Category=""urn:oasis:names:tc:xacml:3.0:attribute-category:environment""
                    MustBePresent=""true""/>
            </Apply>
        </Condition>
    </Rule>
</Policy>";
7;Microphone and camera;Access only while in use;Non voglio che il mio dispositivo o le sue applicazioni ascoltino costantemente per rilevare comandi vocali. Attiver˜ manualmente l'assistente vocale solo quando intendo usarlo.;I do not want my device or its applications to constantly listen to detect voice commands. I will manually activate the voice assistant only when I intend to use it.;GEMINI 2.5;"<?xml version=""1.0"" encoding=""UTF-8""?>
<Policy xmlns=""urn:oasis:names:tc:xacml:3.0:core:schema:wd-17""
        PolicyId=""policy-mic-no-passive-listen-7""
        Version=""1.0""
        RuleCombiningAlgId=""urn:oasis:names:tc:xacml:3.0:rule-combining-algorithm:deny-overrides"">

    <Description>ID 7: Non consentire l'ascolto costante per rilevare comandi vocali (hotword).</Description>

    <Target>
        <AnyOf>
            <AllOf>
                <Match MatchId=""urn:oasis:names:tc:xacml:1.0:function:string-equal"">
                    <AttributeValue DataType=""http://www.w3.org/2001/XMLSchema#string"">microphone</AttributeValue>
                    <AttributeDesignator AttributeId=""urn:oasis:names:tc:xacml:1.0:resource:resource-id"" DataType=""http://www.w3.org/2001/XMLSchema#string"" Category=""urn:oasis:names:tc:xacml:3.0:attribute-category:resource"" MustBePresent=""true""/>
                </Match>
                <Match MatchId=""urn:oasis:names:tc:xacml:1.0:function:string-equal"">
                    <AttributeValue DataType=""http://www.w3.org/2001/XMLSchema#string"">passive-listen</AttributeValue>
                    <AttributeDesignator AttributeId=""urn:oasis:names:tc:xacml:1.0:action:action-id"" DataType=""http://www.w3.org/2001/XMLSchema#string"" Category=""urn:oasis:names:tc:xacml:3.0:attribute-category:action"" MustBePresent=""true""/>
                </Match>
            </AllOf>
        </AnyOf>
    </Target>

    <Rule RuleId=""deny-passive-mic-access"" Effect=""Deny"">
        <Description>Nega l'azione specifica di ascolto passivo del microfono.</Description>
    </Rule>
</Policy>";
8;Contacts, calendar, and messages;No access;Le mie applicazioni non devono avere accesso alla mia rubrica. Se ho bisogno di condividere un contatto, lo far˜ manualmente senza concedere all'app l'autorizzazione a scansionare tutti i miei contatti.;My applications must not have access to my address book. If I need to share a contact, I will do so manually without granting the app permission to scan all my contacts.;GEMINI 2.5;"<?xml version=""1.0"" encoding=""UTF-8""?>
<Policy xmlns=""urn:oasis:names:tc:xacml:3.0:core:schema:wd-17""
        PolicyId=""policy-contacts-no-access-8""
        Version=""1.0""
        RuleCombiningAlgId=""urn:oasis:names:tc:xacml:3.0:rule-combining-algorithm:deny-overrides"">

    <Description>ID 8: Le applicazioni non devono avere accesso alla mia rubrica.</Description>

    <Target>
        <AnyOf>
            <AllOf>
                <Match MatchId=""urn:oasis:names:tc:xacml:1.0:function:string-equal"">
                    <AttributeValue DataType=""http://www.w3.org/2001/XMLSchema#string"">contacts-database</AttributeValue>
                    <AttributeDesignator AttributeId=""urn:oasis:names:tc:xacml:1.0:resource:resource-id"" DataType=""http://www.w3.org/2001/XMLSchema#string"" Category=""urn:oasis:names:tc:xacml:3.0:attribute-category:resource"" MustBePresent=""true""/>
                </Match>
                <Match MatchId=""urn:oasis:names:tc:xacml:1.0:function:string-one-and-only"">
                    <AttributeValue DataType=""http://www.w3.org/2001/XMLSchema#string"">read</AttributeValue>
                    <AttributeValue DataType=""http://www.w3.org/2001/XMLSchema#string"">scan</AttributeValue>
                    <AttributeDesignator AttributeId=""urn:oasis:names:tc:xacml:1.0:action:action-id"" DataType=""http://www.w3.org/2001/XMLSchema#string"" Category=""urn:oasis:names:tc:xacml:3.0:attribute-category:action"" MustBePresent=""true""/>
                </Match>
            </AllOf>
        </AnyOf>
    </Target>

    <Rule RuleId=""deny-all-contact-access"" Effect=""Deny"">
        <Description>Nega incondizionatamente ogni accesso ai contatti.</Description>
    </Rule>
</Policy>";
9;Contacts, calendar, and messages;Limited access;Concedo l'accesso al mio calendario solo alle applicazioni strettamente necessarie per la produttivitˆ, e solo per leggere o aggiungere eventi specifici dopo una mia autorizzazione esplicita.;I grant access to my calendar only to applications strictly necessary for productivity, and only to read or add specific events after my explicit authorization.;GEMINI 2.5;"<?xml version=""1.0"" encoding=""UTF-8""?>
<Policy xmlns=""urn:oasis:names:tc:xacml:3.0:core:schema:wd-17""
        PolicyId=""policy-calendar-limited-access-9""
        Version=""1.0""
        RuleCombiningAlgId=""urn:oasis:names:tc:xacml:3.0:rule-combining-algorithm:deny-unless-permit"">

    <Description>ID 9: Concedi l'accesso al calendario solo ad app di produttivitˆ, dopo autorizzazione esplicita.</Description>

    <Target>
        <AnyOf>
            <AllOf>
                <Match MatchId=""urn:oasis:names:tc:xacml:1.0:function:string-equal"">
                    <AttributeValue DataType=""http://www.w3.org/2001/XMLSchema#string"">calendar-database</AttributeValue>
                    <AttributeDesignator AttributeId=""urn:oasis:names:tc:xacml:1.0:resource:resource-id"" DataType=""http://www.w3.org/2001/XMLSchema#string"" Category=""urn:oasis:names:tc:xacml:3.0:attribute-category:resource"" MustBePresent=""true""/>
                </Match>
            </AllOf>
        </AnyOf>
    </Target>

    <Rule RuleId=""permit-if-productivity-and-consent"" Effect=""Permit"">
        <Description>Permetti se l'app  di produttivitˆ E ha il consenso esplicito dell'utente.</Description>
        <Condition>
            <Apply FunctionId=""urn:oasis:names:tc:xacml:1.0:function:and"">
                <Apply FunctionId=""urn:oasis:names:tc:xacml:1.0:function:string-equal"">
                    <AttributeValue DataType=""http://www.w3.org/2001/XMLSchema#string"">productivity</AttributeValue>
                    <AttributeDesignator
                        AttributeId=""urn:app:attribute:category""
                        DataType=""http://www.w3.org/2001/XMLSchema#string""
                        Category=""urn:oasis:names:tc:xacml:1.0:subject-category:access-subject""
                        MustBePresent=""true""/>
                </Apply>
                <Apply FunctionId=""urn:oasis:names:tc:xacml:1.0:function:boolean-equal"">
                    <AttributeValue DataType=""http://www.w3.org/2001/XMLSchema#boolean"">true</AttributeValue>
                    <AttributeDesignator
                        AttributeId=""urn:request:attribute:user-consent-provided""
                        DataType=""http://www.w3.org/2001/XMLSchema#boolean""
                        Category=""urn:oasis:names:tc:xacml:3.0:attribute-category:environment""
                        MustBePresent=""true""/>
                </Apply>
            </Apply>
        </Condition>
    </Rule>
</Policy>";
10;Contacts, calendar, and messages;No access;Utilizzo una tastiera che rispetta la mia privacy e non memorizza nŽ condivide con terze parti ci˜ che digito, per proteggere la confidenzialitˆ dei miei messaggi e delle mie password.;I use a keyboard that respects my privacy and does not store or share what I type with third parties, to protect the confidentiality of my messages and passwords.;GEMINI 2.5;"<?xml version=""1.0"" encoding=""UTF-8""?>
<Policy xmlns=""urn:oasis:names:tc:xacml:3.0:core:schema:wd-17""
        PolicyId=""policy-keyboard-no-data-sharing-10""
        Version=""1.0""
        RuleCombiningAlgId=""urn:oasis:names:tc:xacml:3.0:rule-combining-algorithm:deny-overrides"">

    <Description>ID 10: Impedisci alla tastiera di memorizzare o condividere i dati di digitazione (keylogging).</Description>

    <Target>
        <AnyOf>
            <AllOf>
                <Match MatchId=""urn:oasis:names:tc:xacml:1.0:function:string-equal"">
                    <AttributeValue DataType=""http://www.w3.org/2001/XMLSchema#string"">urn:app:id:keyboard-app</AttributeValue>
                    <AttributeDesignator AttributeId=""urn:oasis:names:tc:xacml:1.0:subject:subject-id"" DataType=""http://www.w3.org/2001/XMLSchema#string"" Category=""urn:oasis:names:tc:xacml:1.0:subject-category:access-subject"" MustBePresent=""true""/>
                </Match>
                <Match MatchId=""urn:oasis:names:tc:xacml:1.0:function:string-equal"">
                    <AttributeValue DataType=""http://www.w3.org/2001/XMLSchema#string"">network-outbound</AttributeValue>
                    <AttributeDesignator AttributeId=""urn:oasis:names:tc:xacml:1.0:resource:resource-id"" DataType=""http://www.w3.org/2001/XMLSchema#string"" Category=""urn:oasis:names:tc:xacml:3.0:attribute-category:resource"" MustBePresent=""true""/>
                </Match>
            </AllOf>
        </AnyOf>
    </Target>

    <Rule RuleId=""deny-keystroke-data-exfiltration"" Effect=""Deny"">
        <Description>Nega l'invio di dati di sequenze di tasti (keylogging).</Description>
        <Condition>
            <Apply FunctionId=""urn:oasis:names:tc:xacml:1.0:function:string-equal"">
                <AttributeValue DataType=""http://www.w3.org/2001/XMLSchema#string"">keystroke-data</AttributeValue>
                <AttributeDesignator
                    AttributeId=""urn:data:content-type""
                    DataType=""http://www.w3.org/2001/XMLSchema#string""
                    Category=""urn:oasis:names:tc:xacml:3.0:attribute-category:environment""
                    MustBePresent=""true""/>
            </Apply>
        </Condition>
    </Rule>
</Policy>";
11;Photos, files, and storage;Limited access;Quando un'app mi chiede di accedere alle mie foto, non concedo mai l'accesso all'intera galleria. Scelgo di condividere solo le singole immagini o gli album specifici necessari per quella determinata funzione.;When an app asks to access my photos, I never grant access to the entire gallery. I choose to share only the specific images or albums necessary for that particular function.;GEMINI 2.5;"<?xml version=""1.0"" encoding=""UTF-8""?>
<Policy xmlns=""urn:oasis:names:tc:xacml:3.0:core:schema:wd-17""
        PolicyId=""policy-photos-no-full-library-11""
        Version=""1.0""
        RuleCombiningAlgId=""urn:oasis:names:tc:xacml:3.0:rule-combining-algorithm:deny-overrides"">

    <Description>ID 11: Non concedere mai l'accesso all'intera galleria. Nega l'azione 'read-all'.</Description>

    <Target>
        <AnyOf>
            <AllOf>
                <Match MatchId=""urn:oasis:names:tc:xacml:1.0:function:string-equal"">
                    <AttributeValue DataType=""http://www.w3.org/2001/XMLSchema#string"">photo-library</AttributeValue>
                    <AttributeDesignator AttributeId=""urn:oasis:names:tc:xacml:1.0:resource:resource-id"" DataType=""http://www.w3.org/2001/XMLSchema#string"" Category=""urn:oasis:names:tc:xacml:3.0:attribute-category:resource"" MustBePresent=""true""/>
                </Match>
                <Match MatchId=""urn:oasis:names:tc:xacml:1.0:function:string-equal"">
                    <AttributeValue DataType=""http://www.w3.org/2001/XMLSchema#string"">read-all</AttributeValue>
                    <AttributeDesignator AttributeId=""urn:oasis:names:tc:xacml:1.0:action:action-id"" DataType=""http://www.w3.org/2001/XMLSchema#string"" Category=""urn:oasis:names:tc:xacml:3.0:attribute-category:action"" MustBePresent=""true""/>
                </Match>
            </AllOf>
        </AnyOf>
    </Target>

    <Rule RuleId=""deny-full-library-read"" Effect=""Deny"">
        <Description>Nega l'accesso se l'azione richiesta  la lettura dell'intera libreria.</Description>
    </Rule>
    
</Policy>";
12;Photos, files, and storage;No access;Nessuna applicazione  autorizzata a scansionare o indicizzare i file presenti nella memoria del mio dispositivo. L'accesso ai documenti deve essere richiesto caso per caso e approvato da me.;No application is authorized to scan or index the files on my device's storage. Access to documents must be requested on a case-by-case basis and approved by me.;GEMINI 2.5;"<?xml version=""1.0"" encoding=""UTF-8""?>
<Policy xmlns=""urn:oasis:names:tc:xacml:3.0:core:schema:wd-17""
        PolicyId=""policy-files-no-scan-12""
        Version=""1.0""
        RuleCombiningAlgId=""urn:oasis:names:tc:xacml:3.0:rule-combining-algorithm:deny-overrides"">

    <Description>ID 12: Nessuna applicazione  autorizzata a scansionare o indicizzare i file.</Description>

    <Target>
        <AnyOf>
            <AllOf>
                <Match MatchId=""urn:oasis:names:tc:xacml:1.0:function:string-equal"">
                    <AttributeValue DataType=""http://www.w3.org/2001/XMLSchema#string"">file-system</AttributeValue>
                    <AttributeDesignator AttributeId=""urn:oasis:names:tc:xacml:1.0:resource:resource-id"" DataType=""http://www.w3.org/2001/XMLSchema#string"" Category=""urn:oasis:names:tc:xacml:3.0:attribute-category:resource"" MustBePresent=""true""/>
                </Match>
                <Match MatchId=""urn:oasis:names:tc:xacml:1.0:function:string-one-and-only"">
                    <AttributeValue DataType=""http://www.w3.org/2001/XMLSchema#string"">scan</AttributeValue>
                    <AttributeValue DataType=""http://www.w3.org/2001/XMLSchema#string"">index</AttributeValue>
                    <AttributeDesignator AttributeId=""urn:oasis:names:tc:xacml:1.0:action:action-id"" DataType=""http://www.w3.org/2001/XMLSchema#string"" Category=""urn:oasis:names:tc:xacml:3.0:attribute-category:action"" MustBePresent=""true""/>
                </Match>
            </AllOf>
        </AnyOf>
    </Target>

    <Rule RuleId=""deny-file-scanning-indexing"" Effect=""Deny"">
        <Description>Nega incondizionatamente la scansione o l'indicizzazione dei file.</Description>
    </Rule>
</Policy>";
13;Photos, files, and storage;Ask every time;Voglio essere avvisato ogni volta che un'applicazione tenta di leggere il contenuto dei miei appunti, per evitare che dati sensibili che ho copiato vengano letti senza il mio consenso.;I want to be notified every time an application attempts to read the contents of my clipboard, to prevent sensitive data I have copied from being read without my consent.;GEMINI 2.5;"<?xml version=""1.0"" encoding=""UTF-8""?>
<Policy xmlns=""urn:oasis:names:tc:xacml:3.0:core:schema:wd-17""
        PolicyId=""policy-clipboard-ask-every-time-13""
        Version=""1.0""
        RuleCombiningAlgId=""urn:oasis:names:tc:xacml:3.0:rule-combining-algorithm:deny-unless-permit"">

    <Description>ID 13: Essere avvisato ogni volta che un'applicazione tenta di leggere gli appunti (clipboard).</Description>

    <Target>
        <AnyOf>
            <AllOf>
                <Match MatchId=""urn:oasis:names:tc:xacml:1.0:function:string-equal"">
                    <AttributeValue DataType=""http://www.w3.org/2001/XMLSchema#string"">clipboard</AttributeValue>
                    <AttributeDesignator AttributeId=""urn:oasis:names:tc:xacml:1.0:resource:resource-id"" DataType=""http://www.w3.org/2001/XMLSchema#string"" Category=""urn:oasis:names:tc:xacml:3.0:attribute-category:resource"" MustBePresent=""true""/>
                </Match>
                <Match MatchId=""urn:oasis:names:tc:xacml:1.0:function:string-equal"">
                    <AttributeValue DataType=""http://www.w3.org/2001/XMLSchema#string"">read</AttributeValue>
                    <AttributeDesignator AttributeId=""urn:oasis:names:tc:xacml:1.0:action:action-id"" DataType=""http://www.w3.org/2001/XMLSchema#string"" Category=""urn:oasis:names:tc:xacml:3.0:attribute-category:action"" MustBePresent=""true""/>
                </Match>
            </AllOf>
        </AnyOf>
    </Target>

    <Rule RuleId=""permit-if-consent-provided"" Effect=""Permit"">
        <Description>Permetti la lettura solo se la richiesta contiene l'attributo di consenso esplicito.</Description>
        <Condition>
            <Apply FunctionId=""urn:oasis:names:tc:xacml:1.0:function:boolean-equal"">
                <AttributeValue DataType=""http://www.w3.org/2001/XMLSchema#boolean"">true</AttributeValue>
                <AttributeDesignator
                    AttributeId=""urn:request:attribute:user-consent-provided""
                    DataType=""http://www.w3.org/2001/XMLSchema#boolean""
                    Category=""urn:oasis:names:tc:xacml:3.0:attribute-category:environment""
                    MustBePresent=""true""/>
            </Apply>
        </Condition>
    </Rule>
</Policy>";
14;Advertising data and tracking;Disable tracking;Nego a tutte le applicazioni il permesso di tracciare la mia attivitˆ su altre app e siti web. Non voglio che le mie abitudini di navigazione vengano usate per creare un profilo pubblicitario dettagliato.;I deny all applications permission to track my activity across other apps and websites. I do not want my browsing habits to be used to create a detailed advertising profile.;GEMINI 2.5;"<?xml version=""1.0"" encoding=""UTF-8""?>
<Policy xmlns=""urn:oasis:names:tc:xacml:3.0:core:schema:wd-17""
        PolicyId=""policy-tracking-disable-att-14""
        Version=""1.0""
        RuleCombiningAlgId=""urn:oasis:names:tc:xacml:3.0:rule-combining-algorithm:deny-overrides"">

    <Description>ID 14: Nega il permesso di tracciare l'attivitˆ su altre app e siti web (Disable Tracking).</Description>

    <Target>
        <AnyOf>
            <AllOf>
                <Match MatchId=""urn:oasis:names:tc:xacml:1.0:function:string-equal"">
                    <AttributeValue DataType=""http://www.w3.org/2001/XMLSchema#string"">advertising-identifier</AttributeValue>
                    <AttributeDesignator AttributeId=""urn:oasis:names:tc:xacml:1.0:resource:resource-id"" DataType=""http://www.w3.org/2001/XMLSchema#string"" Category=""urn:oasis:names:tc:xacml:3.0:attribute-category:resource"" MustBePresent=""true""/>
                </Match>
                <Match MatchId=""urn:oasis:names:tc:xacml:1.0:function:string-equal"">
                    <AttributeValue DataType=""http://www.w3.org/2001/XMLSchema#string"">read</AttributeValue>
                    <AttributeDesignator AttributeId=""urn:oasis:names:tc:xacml:1.0:action:action-id"" DataType=""http://www.w3.org/2001/XMLSchema#string"" Category=""urn:oasis:names:tc:xacml:3.0:attribute-category:action"" MustBePresent=""true""/>
                </Match>
            </AllOf>
        </AnyOf>
    </Target>

    <Rule RuleId=""deny-read-advertising-id"" Effect=""Deny"">
        <Description>Nega incondizionatamente la lettura dell'identificativo pubblicitario.</Description>
    </Rule>
</Policy>";
15;Advertising data and tracking;No personalization;Periodicamente resetto l'identificativo pubblicitario del mio dispositivo per limitare l'accumulo di dati associati al mio profilo e ridurre l'efficacia della pubblicitˆ mirata.;I periodically reset my device's advertising identifier to limit the accumulation of data associated with my profile and reduce the effectiveness of targeted advertising.;GEMINI 2.5;Nota: Questo non  codificabile come policy XACML. XACML  per le decisioni di accesso, non per le azioni di sistema come la cancellazione o il reset dei dati.;
16;Advertising data and tracking;No personalization;Disattivo la personalizzazione degli annunci basata sui miei dati personali. Preferisco ricevere pubblicitˆ generica piuttosto che cedere le mie informazioni per annunci su misura.;I disable ad personalization based on my personal data. I prefer to receive generic advertising rather than giving up my information for tailored ads.;GEMINI 2.5;"<?xml version=""1.0"" encoding=""UTF-8""?>
<Policy xmlns=""urn:oasis:names:tc:xacml:3.0:core:schema:wd-17""
        PolicyId=""policy-ads-no-personalization-16""
        Version=""1.0""
        RuleCombiningAlgId=""urn:oasis:names:tc:xacml:3.0:rule-combining-algorithm:deny-overrides"">

    <Description>ID 16: Disattiva la personalizzazione degli annunci basata sui dati personali.</Description>

    <Target>
        <AnyOf>
            <AllOf>
                <Match MatchId=""urn:oasis:names:tc:xacml:1.0:function:string-equal"">
                    <AttributeValue DataType=""http://www.w3.org/2001/XMLSchema#string"">user-advertising-data</AttributeValue>
                    <AttributeDesignator AttributeId=""urn:oasis:names:tc:xacml:1.0:resource:resource-id"" DataType=""http://www.w3.org/2001/XMLSchema#string"" Category=""urn:oasis:names:tc:xacml:3.0:attribute-category:resource"" MustBePresent=""true""/>
                </Match>
                <Match MatchId=""urn:oasis:names:tc:xacml:1.0:function:string-equal"">
                    <AttributeValue DataType=""http://www.w3.org/2001/XMLSchema#string"">personalize</AttributeValue>
                    <AttributeDesignator AttributeId=""urn:oasis:names:tc:xacml:1.0:action:action-id"" DataType=""http://www.w3.org/2001/XMLSchema#string"" Category=""urn:oasis:names:tc:xacml:3.0:attribute-category:action"" MustBePresent=""true""/>
                </Match>
            </AllOf>
        </AnyOf>
    </Target>

    <Rule RuleId=""deny-ad-personalization"" Effect=""Deny"">
        <Description>Nega l'utilizzo dei dati per personalizzare gli annunci.</Description>
    </Rule>
</Policy>";
17;Data usage and background activity;No background refresh;Ho disattivato l'aggiornamento delle app in background per la maggior parte delle applicazioni. Solo quelle essenziali, come la messaggistica, sono autorizzate a sincronizzarsi per preservare la batteria e limitare la raccolta dati.;I have disabled background app refresh for most applications. Only essential ones, like messaging, are authorized to sync to preserve battery and limit data collection.;GEMINI 2.5;"<?xml version=""1.0"" encoding=""UTF-8""?>
<Policy xmlns=""urn:oasis:names:tc:xacml:3.0:core:schema:wd-17""
        PolicyId=""policy-data-no-background-refresh-17""
        Version=""1.0""
        RuleCombiningAlgId=""urn:oasis:names:tc:xacml:3.0:rule-combining-algorithm:deny-unless-permit"">

    <Description>ID 17: Disattivato l'aggiornamento delle app in background, eccetto per le essenziali (messaggistica).</Description>

    <Target>
        <AnyOf>
            <AllOf>
                <Match MatchId=""urn:oasis:names:tc:xacml:1.0:function:string-equal"">
                    <AttributeValue DataType=""http://www.w3.org/2001/XMLSchema#string"">data-sync</AttributeValue>
                    <AttributeDesignator AttributeId=""urn:oasis:names:tc:xacml:1.0:resource:resource-id"" DataType=""http://www.w3.org/2001/XMLSchema#string"" Category=""urn:oasis:names:tc:xacml:3.0:attribute-category:resource"" MustBePresent=""true""/>
                </Match>
                <Match MatchId=""urn:oasis:names:tc:xacml:1.0:function:string-equal"">
                    <AttributeValue DataType=""http://www.w3.org/2001/XMLSchema#string"">background-sync</AttributeValue>
                    <AttributeDesignator AttributeId=""urn:oasis:names:tc:xacml:1.0:action:action-id"" DataType=""http://www.w3.org/2001/XMLSchema#string"" Category=""urn:oasis:names:tc:xacml:3.0:attribute-category:action"" MustBePresent=""true""/>
                </Match>
            </AllOf>
        </AnyOf>
    </Target>

    <Rule RuleId=""permit-only-essential-apps"" Effect=""Permit"">
        <Description>Permetti la sincronizzazione in background solo se l'app  di categoria 'messaging'.</Description>
        <Condition>
            <Apply FunctionId=""urn:oasis:names:tc:xacml:1.0:function:string-equal"">
                <AttributeValue DataType=""http://www.w3.org/2001/XMLSchema#string"">messaging</AttributeValue>
                <AttributeDesignator
                    AttributeId=""urn:app:attribute:category""
                    DataType=""http://www.w3.org/2001/XMLSchema#string""
                    Category=""urn:oasis:names:tc:xacml:1.0:subject-category:access-subject""
                    MustBePresent=""true""/>
            </Apply>
        </Condition>
    </Rule>
</Policy>";
18;Data usage and background activity;Limited access;Impedisco alle applicazioni non essenziali di utilizzare i dati della mia rete mobile in background. La sincronizzazione e i download importanti devono avvenire solo quando sono connesso a una rete Wi-Fi.;I prevent non-essential applications from using my mobile data in the background. Synchronization and important downloads must only occur when I am connected to a Wi-Fi network.;GEMINI 2.5;"<?xml version=""1.0"" encoding=""UTF-8""?>
<Policy xmlns=""urn:oasis:names:tc:xacml:3.0:core:schema:wd-17""
        PolicyId=""policy-data-no-mobile-background-18""
        Version=""1.0""
        RuleCombiningAlgId=""urn:oasis:names:tc:xacml:3.0:rule-combining-algorithm:deny-overrides"">

    <Description>ID 18: Impedisci alle app non essenziali di usare i dati mobili in background.</Description>

    <Target>
        <AnyOf>
            <AllOf>
                <Match MatchId=""urn:oasis:names:tc:xacml:1.0:function:string-equal"">
                    <AttributeValue DataType=""http://www.w3.org/2001/XMLSchema#string"">background-sync</AttributeValue>
                    <AttributeDesignator AttributeId=""urn:oasis:names:tc:xacml:1.0:action:action-id"" DataType=""http://www.w3.org/2001/XMLSchema#string"" Category=""urn:oasis:names:tc:xacml:3.0:attribute-category:action"" MustBePresent=""true""/>
                </Match>
                <Match MatchId=""urn:oasis:names:tc:xacml:1.0:function:string-equal"">
                    <AttributeValue DataType=""http://www.w3.org/2001/XMLSchema#string"">mobile-network</AttributeValue>
                    <AttributeDesignator AttributeId=""urn:oasis:names:tc:xacml:1.0:resource:resource-id"" DataType=""http://www.w3.org/2001/XMLSchema#string"" Category=""urn:oasis:names:tc:xacml:3.0:attribute-category:resource"" MustBePresent=""true""/>
                </Match>
            </AllOf>
        </AnyOf>
    </Target>

    <Rule RuleId=""deny-non-essential-mobile-sync"" Effect=""Deny"">
        <Description>Nega la sincronizzazione in background se la rete  mobile E l'app non  essenziale.</Description>
        <Condition>
            <Apply FunctionId=""urn:oasis:names:tc:xacml:1.0:function:boolean-equal"">
                <AttributeValue DataType=""http://www.w3.org/2001/XMLSchema#boolean"">false</AttributeValue>
                <AttributeDesignator
                    AttributeId=""urn:app:attribute:is-essential""
                    DataType=""http://www.w3.org/2001/XMLSchema#boolean""
                    Category=""urn:oasis:names:tc:xacml:1.0:subject-category:access-subject""
                    MustBePresent=""true""/>
            </Apply>
        </Condition>
    </Rule>
</Policy>";
19;Data usage and background activity;No data sharing;Scelgo di non condividere automaticamente i dati di utilizzo e le segnalazioni di crash con gli sviluppatori, a meno che non decida di inviare una segnalazione specifica per un problema che ho riscontrato.;I choose not to automatically share usage data and crash reports with developers, unless I decide to send a specific report for a problem I have encountered.;GEMINI 2.5;"<?xml version=""1.0"" encoding=""UTF-8""?>
<Policy xmlns=""urn:oasis:names:tc:xacml:3.0:core:schema:wd-17""
        PolicyId=""policy-data-no-sharing-19""
        Version=""1.0""
        RuleCombiningAlgId=""urn:oasis:names:tc:xacml:3.0:rule-combining-algorithm:deny-unless-permit"">

    <Description>ID 19: Non condividere dati di utilizzo e crash, a meno che non si invii una segnalazione specifica.</Description>

    <Target>
        <AnyOf>
            <AllOf>
                <Match MatchId=""urn:oasis:names:tc:xacml:1.0:function:string-equal"">
                    <AttributeValue DataType=""http://www.w3.org/2001/XMLSchema#string"">send-report</AttributeValue>
                    <AttributeDesignator AttributeId=""urn:oasis:names:tc:xacml:1.0:action:action-id"" DataType=""http://www.w3.org/2001/XMLSchema#string"" Category=""urn:oasis:names:tc:xacml:3.0:attribute-category:action"" MustBePresent=""true""/>
                </Match>
            </AllOf>
        </AnyOf>
    </Target>

    <Rule RuleId=""permit-if-specific-consent-provided"" Effect=""Permit"">
        <Description>Permetti solo se il report  una segnalazione specifica con consenso (non automatico).</Description>
        <Condition>
            <Apply FunctionId=""urn:oasis:names:tc:xacml:1.0:function:and"">
                <Apply FunctionId=""urn:oasis:names:tc:xacml:1.0:function:string-is-in"">
                    <AttributeValue DataType=""http://www.w3.org/2001/XMLSchema#string"">crash-report</AttributeValue>
                    <AttributeValue DataType=""http://www.w3.org/2001/XMLSchema#string"">usage-analytics</AttributeValue>
                    <AttributeDesignator
                        AttributeId=""urn:data:content-type""
                        DataType=""http://www.w3.org/2001/XMLSchema#string""
                        Category=""urn:oasis:names:tc:xacml:3.0:attribute-category:resource""
                        MustBePresent=""true""/>
                </Apply>
                <Apply FunctionId=""urn:oasis:names:tc:xacml:1.0:function:boolean-equal"">
                    <AttributeValue DataType=""http://www.w3.org/2001/XMLSchema#boolean"">true</AttributeValue>
                    <AttributeDesignator
                        AttributeId=""urn:request:attribute:user-consent-specific-report""
                        DataType=""http://www.w3.org/2001/XMLSchema#boolean""
                        Category=""urn:oasis:names:tc:xacml:3.0:attribute-category:environment""
                        MustBePresent=""true""/>
                </Apply>
            </Apply>
        </Condition>
    </Rule>
</Policy>";
20;General preferences;User Profile: Absolute security and control;Per proteggere la mia privacy, adotto un approccio di 'negazione per impostazione predefinita'. Nessuna applicazione ha accesso a microfono, fotocamera, contatti o posizione a meno che non sia io ad attivarlo manualmente per una specifica funzione e per il tempo strettamente necessario. Rifiuto sistematicamente la richiesta di tracciamento tra app e siti web e resetto il mio ID pubblicitario settimanalmente. Inoltre, ho disabilitato l'aggiornamento in background per quasi tutte le app, consentendolo solo ai servizi di messaggistica crittografata, per minimizzare la raccolta dati quando non sto usando attivamente il dispositivo. Ogni accesso a file o foto viene concesso solo per elementi singoli, mai all'intera libreria.;To protect my privacy, I adopt a 'deny by default' approach. No application has access to the microphone, camera, contacts, or location unless I manually activate it for a specific function and for the strictly necessary time. I systematically refuse requests to track across apps and websites and reset my advertising ID weekly. Furthermore, I have disabled background refresh for almost all apps, allowing it only for encrypted messaging services, to minimize data collection when I am not actively using the device. All access to files or photos is granted only for single items, never the entire library.;GEMINI 2.5;"<?xml version=""1.0"" encoding=""UTF-8""?>
<PolicySet xmlns=""urn:oasis:names:tc:xacml:3.0:core:schema:wd-17""
           PolicySetId=""policyset-absolute-security-profile-20""
           Version=""1.0""
           PolicyCombiningAlgId=""urn:oasis:names:tc:xacml:3.0:policy-combining-algorithm:deny-overrides"">
    
    <Description>ID 20: Profilo Utente ""Absolute Security and Control"" - Approccio 'Deny by Default'.</Description>

    <Target/> <PolicyIdReference>policy-geolocation-no-access-4</PolicyIdReference>
    
    <PolicyIdReference>policy-media-ask-every-time-6</PolicyIdReference>
    
    <PolicyIdReference>policy-contacts-no-access-8</PolicyIdReference>
    
    <PolicyIdReference>policy-tracking-disable-att-14</PolicyIdReference>
    
    <PolicyIdReference>policy-data-no-background-refresh-17</PolicyIdReference>
    
    <PolicyIdReference>policy-photos-no-full-library-11</PolicyIdReference>
    <PolicyIdReference>policy-files-no-scan-12</PolicyIdReference>

    <Policy>
        <Description>Regola Finale: Nega in generale se nessuna delle policy specifiche permette l'accesso.</Description>
        <Target/>
        <Rule RuleId=""deny-catch-all"" Effect=""Deny""/>
    </Policy>
    
</PolicySet>";
21;General preferences;User Profile: Balancing functionality and privacy;La mia filosofia  concedere solo i permessi indispensabili al funzionamento di un'app. Per questo motivo, la mia posizione viene condivisa solo in modo approssimativo e unicamente mentre uso attivamente servizi come mappe o meteo, ma mai in background. Autorizzo l'accesso alle foto solo a una selezione di immagini che scelgo io al momento, senza mai dare il pieno controllo sulla mia galleria. Disattivo la personalizzazione degli annunci e limito l'uso dei dati in background alle sole reti Wi-Fi, per evitare che le app consumino il mio piano dati per inviare telemetria o scaricare contenuti non richiesti. Per me  fondamentale che ogni permesso non essenziale sia disattivato.;My philosophy is to grant only the permissions essential for an app's operation. For this reason, my location is shared only approximately and only while I am actively using services like maps or weather, but never in the background. I authorize access to photos only for a selection of images I choose at the moment, without ever giving full control over my gallery. I disable ad personalization and limit background data use to Wi-Fi networks only, to prevent apps from using my data plan to send telemetry or download unwanted content. It is fundamental for me that every non-essential permission is disabled.;GEMINI 2.5;"<?xml version=""1.0"" encoding=""UTF-8""?>
<PolicySet xmlns=""urn:oasis:names:tc:xacml:3.0:core:schema:wd-17""
           PolicySetId=""policyset-balancing-functionality-21""
           Version=""1.0""
           PolicyCombiningAlgId=""urn:oasis:names:tc:xacml:3.0:policy-combining-algorithm:deny-overrides"">
    
    <Description>ID 21: Profilo Utente: Bilanciamento tra Funzionalitˆ e Privacy.</Description>

    <Target/>

    <Policy>
        <Description>Posizione: Solo approssimativa E solo in foreground.</Description>
        <Target>
            <AnyOf><AllOf><Match MatchId=""urn:oasis:names:tc:xacml:1.0:function:string-equal""><AttributeValue DataType=""http://www.w3.org/2001/XMLSchema#string"">geolocation</AttributeValue><AttributeDesignator AttributeId=""urn:oasis:names:tc:xacml:1.0:resource:resource-id"" DataType=""http://www.w3.org/2001/XMLSchema#string"" Category=""urn:oasis:names:tc:xacml:3.0:attribute-category:resource"" MustBePresent=""true""/></Match></AllOf></AnyOf>
        </Target>
        <Rule RuleId=""permit-if-approximate-and-foreground"" Effect=""Permit"">
            <Condition>
                <Apply FunctionId=""urn:oasis:names:tc:x";
22;General preferences;User Profile: No profiling;Sono consapevole che ogni dato contribuisce a creare un profilo su di me, quindi agisco per renderlo il pi vago possibile. Non consento a nessuna app social o di shopping di accedere ai miei contatti o al mio calendario, per evitare che mappino la mia rete sociale. Utilizzo una tastiera che non impara dalle mie abitudini di scrittura e ho negato a tutte le app il permesso di tracciare le mie attivitˆ per fini pubblicitari. Preferisco ricevere notifiche generiche sulla schermata di blocco, senza anteprima del contenuto, per proteggere le informazioni sensibili da sguardi indiscreti. La condivisione di dati di diagnostica e utilizzo con gli sviluppatori  sempre disattivata per ridurre la mia impronta digitale.;I am aware that all data contributes to creating a profile of me, so I act to make it as vague as possible. I do not allow any social or shopping apps to access my contacts or calendar, to prevent them from mapping my social network. I use a keyboard that does not learn from my writing habits and I have denied all apps permission to track my activities for advertising purposes. I prefer to receive generic notifications on the lock screen, without content preview, to protect sensitive information from prying eyes. Sharing diagnostics and usage data with developers is always disabled to reduce my digital footprint.;GEMINI 2.5;"<?xml version=""1.0"" encoding=""UTF-8""?>
<PolicySet xmlns=""urn:oasis:names:tc:xacml:3.0:core:schema:wd-17""
           PolicySetId=""policyset-no-profiling-22""
           Version=""1.0""
           PolicyCombiningAlgId=""urn:oasis:names:tc:xacml:3.0:policy-combining-algorithm:deny-overrides"">

    <Description>ID 22: Profilo Utente ""No profiling"". Rende il profilo il pi vago possibile.</Description>

    <Target/>

    <PolicyIdReference>policy-contacts-no-access-8</PolicyIdReference>

    <Policy PolicyId=""policy-calendar-no-social-access"">
        <Target>
            <AnyOf>
                <AllOf>
                    <Match MatchId=""urn:oasis:names:tc:xacml:1.0:function:string-equal"">
                        <AttributeValue DataType=""http://www.w3.org/2001/XMLSchema#string"">calendar-database</AttributeValue>
                        <AttributeDesignator AttributeId=""urn:oasis:names:tc:xacml:1.0:resource:resource-id"" DataType=""http://www.w3.org/2001/XMLSchema#string"" Category=""urn:oasis:names:tc:xacml:3.0:attribute-category:resource"" MustBePresent=""true""/>
                    </Match>
                    <Match MatchId=""urn:oasis:names:tc:xacml:1.0:function:string-is-in"">
                        <AttributeValue DataType=""http://www.w3.org/2001/XMLSchema#string"">social</AttributeValue>
                        <AttributeValue DataType=""http://www.w3.org/2001/XMLSchema#string"">shopping</AttributeValue>
                        <AttributeDesignator AttributeId=""urn:app:attribute:category"" DataType=""http://www.w3.org/2001/XMLSchema#string"" Category=""urn:oasis:names:tc:xacml:1.0:subject-category:access-subject"" MustBePresent=""true""/>
                    </Match>
                </AllOf>
            </AnyOf>
        </Target>
        <Rule RuleId=""deny-calendar-access"" Effect=""Deny""/>
    </Policy>
    
    <PolicyIdReference>policy-keyboard-no-data-sharing-10</PolicyIdReference>
    
    <PolicyIdReference>policy-tracking-disable-att-14</PolicyIdReference>
    
    <PolicyIdReference>policy-data-no-sharing-19</PolicyIdReference>

</PolicySet>";
23;General preferences;User Profile: Personal privacy;"Sul mio dispositivo personale, la privacy  una prioritˆ assoluta. Tutte le applicazioni non strettamente necessarie sono impostate per non accedere a posizione e contatti. Concedo l'accesso al microfono solo alle app di comunicazione che uso per chiamate personali e solo mentre sono in uso, con un chiaro indicatore visivo. L'accesso ai file  bloccato per impostazione predefinita; quando devo allegare un documento, lo seleziono manualmente tramite il sistema operativo, senza permettere all'app di esplorare le mie cartelle. Ho anche disabilitato l'accesso agli appunti per la maggior parte delle app, per evitare che password o informazioni sensibili vengano lette senza il mio consenso.";"On my personal device, privacy is a top priority. All non-strictly-necessary applications are set to not access location and contacts. I grant microphone access only to communication apps I use for personal calls and only while in use, with a clear visual indicator. File access is blocked by default; when I need to attach a document, I select it manually through the operating system, without allowing the app to browse my folders. I have also disabled clipboard access for most apps, to prevent passwords or sensitive information from being read without my consent.";GEMINI 2.5;"<?xml version=""1.0"" encoding=""UTF-8""?>
<PolicySet xmlns=""urn:oasis:names:tc:xacml:3.0:core:schema:wd-17""
           PolicySetId=""policyset-personal-privacy-23""
           Version=""1.0""
           PolicyCombiningAlgId=""urn:oasis:names:tc:xacml:3.0:policy-combining-algorithm:deny-overrides"">

    <Description>ID 23: Profilo Utente ""Personal privacy"". Negazione per impostazione predefinita.</Description>

    <Target/>

    <PolicyIdReference>policy-geolocation-no-access-4</PolicyIdReference>
    
    <PolicyIdReference>policy-contacts-no-access-8</PolicyIdReference>

    <Policy PolicyId=""policy-mic-only-communication"">
        <Target>
            <AnyOf>
                <AllOf>
                    <Match MatchId=""urn:oasis:names:tc:xacml:1.0:function:string-equal"">
                        <AttributeValue DataType=""http://www.w3.org/2001/XMLSchema#string"">microphone</AttributeValue>
                        <AttributeDesignator AttributeId=""urn:oasis:names:tc:xacml:1.0:resource:resource-id"" DataType=""http://www.w3.org/2001/XMLSchema#string"" Category=""urn:oasis:names:tc:xacml:3.0:attribute-category:resource"" MustBePresent=""true""/>
                    </Match>
                </AllOf>
            </AnyOf>
        </Target>
        <Rule RuleId=""permit-if-communication-app-in-use"" Effect=""Permit"">
            <Condition>
                <Apply FunctionId=""urn:oasis:names:tc:xacml:1.0:function:and"">
                    <Apply FunctionId";
24;Food delivery and home services;Access only while in use / Disable tracking;Non consento a Glovo di accedere alla mia posizione esatta in background. L'accesso alla posizione precisa  autorizzato solo ed esclusivamente quando ho l'applicazione aperta per seguire l'arrivo di un ordine. Le notifiche sono abilitate, ma senza anteprima del contenuto sulla schermata di blocco per privacy.;I do not allow DoorDash to access my exact location in the background. Access to precise location is authorized only and exclusively when I have the application open to track an order's arrival. Notifications are enabled, but without content preview on the lock screen for privacy.;GEMINI 2.5;"<Policy PolicyId=""urn:xacml:policy:24:GlovoPolicy"" Version=""1.0"" RuleCombiningAlgId=""urn:oasis:names:tc:xacml:1.0:rule-combining-algorithm:deny-overrides"">
  <Description>Regole di accesso alla posizione per Glovo, limitato all'uso attivo.</Description>
  <Target/>

  <Rule RuleId=""urn:xacml:rule:24:DenyBackgroundLocation"" Effect=""Deny"">
    <Target>
      <Resources>
        <Resource>
          <Match MatchId=""urn:oasis:names:tc:xacml:1.0:function:string-equal"">
            <AttributeValue DataType=""http://www.w3.org/2001/XMLSchema#string"">Location.Precise</AttributeValue>
            <ResourceAttributeDesignator AttributeId=""urn:xacml:location:attribute:resource-type"" DataType=""http://www.w3.org/2001/XMLSchema#string""/>
          </Match>
        </Resource>
      </Resources>
      <Actions>
        <Action>
          <Match MatchId=""urn:oasis:names:tc:xacml:1.0:function:string-equal"">
            <AttributeValue DataType=""http://www.w3.org/2001/XMLSchema#string"">access</AttributeValue>
            <ActionAttributeDesignator AttributeId=""urn:xacml:1.0:action:action-id"" DataType=""http://www.w3.org/2001/XMLSchema#string""/>
          </Match>
        </Action>
      </Actions>
    </Target>
    <Condition>
      <Apply FunctionId=""urn:oasis:names:tc:xacml:1.0:function:boolean-equal"">
        <AttributeValue DataType=""http://www.w3.org/2001/XMLSchema#boolean"">true</AttributeValue>
        <AttributeDesignator AttributeId=""urn:xacml:context:attribute:app-status:background"" Category=""urn:oasis:names:tc:xacml:3.0:attribute-category:environment"" DataType=""http://www.w3.org/2001/XMLSchema#boolean""/>
      </Apply>
    </Condition>
  </Rule>

  <Rule RuleId=""urn:xacml:rule:24:PermitActiveTracking"" Effect=""Permit"">
    <Target>
      <Resources>
        <Resource>
          <Match MatchId=""urn:oasis:names:tc:xacml:1.0:function:string-equal"">
            <AttributeValue DataType=""http://www.w3.org/2001/XMLSchema#string"">Location.Precise</AttributeValue>
            <ResourceAttributeDesignator AttributeId=""urn:xacml:location:attribute:resource-type"" DataType=""http://www.w3.org/2001/XMLSchema#string""/>
          </Match>
        </Resource>
      </Resources>
    </Target>
    <Condition>
      <Apply FunctionId=""urn:oasis:names:tc:xacml:1.0:function:and"">
        <Apply FunctionId=""urn:oasis:names:tc:xacml:1.0:function:boolean-equal"">
          <AttributeValue DataType=""http://www.w3.org/2001/XMLSchema#boolean"">true</AttributeValue>
          <AttributeDesignator AttributeId=""urn:xacml:context:attribute:app-status:foreground"" Category=""urn:oasis:names:tc:xacml:3.0:attribute-category:environment"" DataType=""http://www.w3.org/2001/XMLSchema#boolean""/>
        </Apply>
        <Apply FunctionId=""urn:oasis:names:tc:xacml:1.0:function:string-equal"">
          <AttributeValue DataType=""http://www.w3.org/2001/XMLSchema#string"">follow_order</AttributeValue>
          <AttributeDesignator AttributeId=""urn:xacml:context:attribute:action-detail"" Category=""urn:oasis:names:tc:xacml:3.0:attribute-category:action"" DataType=""http://www.w3.org/2001/XMLSchema#string""/>
        </Apply>
      </Apply>
    </Condition>
  </Rule>
  
  <Rule RuleId=""urn:xacml:rule:24:DenyLockedScreenPreview"" Effect=""Deny"">
    <Target>
      <Resources>
        <Resource>
          <Match MatchId=""urn:oasis:names:tc:xacml:1.0:function:string-equal"">
            <AttributeValue DataType=""http://www.w3.org/2001/XMLSchema#string"">Notification.Content</AttributeValue>
            <ResourceAttributeDesignator AttributeId=""urn:xacml:notification:attribute:resource-type"" DataType=""http://www.w3.org/2001/XMLSchema#string""/>
          </Match>
        </Resource>
      </Resources>
      <Actions>
        <Action>
          <Match MatchId=""urn:oasis:names:tc:xacml:1.0:function:string-equal"">
            <AttributeValue DataType=""http://www.w3.org/2001/XMLSchema#string"">preview</AttributeValue>
            <ActionAttributeDesignator AttributeId=""urn:xacml:1.0:action:action-id"" DataType=""http://www.w3.org/2001/XMLSchema#string""/>
          </Match>
        </Action>
      </Actions>
    </Target>
    <Condition>
      <Apply FunctionId=""urn:oasis:names:tc:xacml:1.0:function:string-equal"">
        <AttributeValue DataType=""http://www.w3.org/2001/XMLSchema#string"">locked</AttributeValue>
        <AttributeDesignator AttributeId=""urn:xacml:context:attribute:screen-status"" Category=""urn:oasis:names:tc:xacml:3.0:attribute-category:environment"" DataType=""http://www.w3.org/2001/XMLSchema#string""/>
      </Apply>
    </Condition>
  </Rule>
  
  <Rule RuleId=""urn:xacml:rule:24:DefaultDeny"" Effect=""Deny""/>
</Policy>";
25;Food delivery and home services;No access;Nego a Deliveroo l'accesso alla mia rubrica contatti. Se devo condividere la posizione di un ordine, utilizzo la funzione di condivisione del mio sistema operativo, senza dare all'app il permesso di leggere l'intera lista dei miei contatti. Inoltre, non autorizzo il tracciamento della mia attivitˆ su altre app per fini pubblicitari.;I deny Grubhub access to my contacts. If I need to share an order's location, I use my operating system's sharing function, without giving the app permission to read my entire contacts list. Furthermore, I do not authorize the tracking of my activity on other apps for advertising purposes.;GEMINI 2.5;"<Policy PolicyId=""urn:xacml:policy:25:DeliverooPolicy"" Version=""1.0"" RuleCombiningAlgId=""urn:oasis:names:tc:xacml:1.0:rule-combining-algorithm:deny-overrides"">
  <Description>Regole di negazione accesso a contatti e tracciamento app-esterno per Deliveroo.</Description>
  <Target/>

  <Rule RuleId=""urn:xacml:rule:25:DenyContactBookAccess"" Effect=""Deny"">
    <Target>
      <Resources>
        <Resource>
          <Match MatchId=""urn:oasis:names:tc:xacml:1.0:function:string-equal"">
            <AttributeValue DataType=""http://www.w3.org/2001/XMLSchema#string"">User.ContactBook</AttributeValue>
            <ResourceAttributeDesignator AttributeId=""urn:xacml:data:attribute:resource-type"" DataType=""http://www.w3.org/2001/XMLSchema#string""/>
          </Match>
        </Resource>
      </Resources>
      <Actions>
        <Action>
          <Match MatchId=""urn:oasis:names:tc:xacml:1.0:function:string-equal"">
            <AttributeValue DataType=""http://www.w3.org/2001/XMLSchema#string"">read</AttributeValue>
            <ActionAttributeDesignator AttributeId=""urn:xacml:1.0:action:action-id"" DataType=""http://www.w3.org/2001/XMLSchema#string""/>
          </Match>
        </Action>
      </Actions>
    </Target>
  </Rule>

  <Rule RuleId=""urn:xacml:rule:25:DenyExternalAdTracking"" Effect=""Deny"">
    <Target>
      <Resources>
        <Resource>
          <Match MatchId=""urn:oasis:names:tc:xacml:1.0:function:string-equal"">
            <AttributeValue DataType=""http://www.w3.org/2001/XMLSchema#string"">ActivityData.External</AttributeValue>
            <ResourceAttributeDesignator AttributeId=""urn:xacml:tracking:attribute:resource-type"" DataType=""http://www.w3.org/2001/XMLSchema#string""/>
          </Match>
        </Resource>
      </Resources>
      <Actions>
        <Action>
          <Match MatchId=""urn:oasis:names:tc:xacml:1.0:function:string-equal"">
            <AttributeValue DataType=""http://www.w3.org/2001/XMLSchema#string"">track</AttributeValue>
            <ActionAttributeDesignator AttributeId=""urn:xacml:1.0:action:action-id"" DataType=""http://www.w3.org/2001/XMLSchema#string""/>
          </Match>
        </Action>
      </Actions>
    </Target>
    <Condition>
      <Apply FunctionId=""urn:oasis:names:tc:xacml:1.0:function:string-equal"">
        <AttributeValue DataType=""http://www.w3.org/2001/XMLSchema#string"">advertising</AttributeValue>
        <AttributeDesignator AttributeId=""urn:xacml:context:attribute:purpose"" Category=""urn:oasis:names:tc:xacml:3.0:attribute-category:environment"" DataType=""http://www.w3.org/2001/XMLSchema#string""/>
      </Apply>
    </Condition>
  </Rule>
  
  <Rule RuleId=""urn:xacml:rule:25:DefaultDeny"" Effect=""Deny""/>
</Policy>";
26;Messaging;Limited access;Autorizzo WhatsApp e Telegram ad accedere a fotocamera, microfono e alla mia galleria di foto, poichŽ sono funzioni essenziali per la comunicazione. Tuttavia, l'accesso alla galleria  limitato a una 'selezione di foto' che scelgo io manualmente, non all'intera libreria. Ogni backup delle chat deve essere crittografato.;I authorize WhatsApp and Telegram to access the camera, microphone, and my photo gallery, as they are essential functions for communication. However, gallery access is limited to a 'selection of photos' that I choose manually, not the entire library. All chat backups must be encrypted.;GEMINI 2.5;"<Policy PolicyId=""urn:xacml:policy:26:MessagingEssentialPolicy"" Version=""1.0"" RuleCombiningAlgId=""urn:oasis:names:tc:xacml:1.0:rule-combining-algorithm:permit-overrides"">
  <Description>Regole di accesso limitato alle funzioni essenziali per WhatsApp/Telegram.</Description>
  <Target>
    <Subjects>
      <Subject>
        <Match MatchId=""urn:oasis:names:tc:xacml:1.0:function:string-equal"">
          <AttributeValue DataType=""http://www.w3.org/2001/XMLSchema#string"">WhatsApp</AttributeValue>
          <SubjectAttributeDesignator AttributeId=""urn:oasis:names:tc:xacml:1.0:subject:subject-id"" DataType=""http://www.w3.org/2001/XMLSchema#string""/>
        </Match>
        <Match MatchId=""urn:oasis:names:tc:xacml:1.0:function:string-equal"">
          <AttributeValue DataType=""http://www.w3.org/2001/XMLSchema#string"">Telegram</AttributeValue>
          <SubjectAttributeDesignator AttributeId=""urn:oasis:names:tc:xacml:1.0:subject:subject-id"" DataType=""http://www.w3.org/2001/XMLSchema#string""/>
        </Match>
      </Subject>
    </Subjects>
  </Target>

  <Rule RuleId=""urn:xacml:rule:26:PermitEssentialFunctions"" Effect=""Permit"">
    <Target>
      <Resources>
        <AnyOf>
          <AllOf>
            <Match MatchId=""urn:oasis:names:tc:xacml:1.0:function:string-equal"">
              <AttributeValue DataType=""http://www.w3.org/2001/XMLSchema#string"">Device.Camera</AttributeValue>
              <ResourceAttributeDesignator AttributeId=""urn:xacml:device:attribute:resource-type"" DataType=""http://www.w3.org/2001/XMLSchema#string""/>
            </Match>
          </AllOf>
          <AllOf>
            <Match MatchId=""urn:oasis:names:tc:xacml:1.0:function:string-equal"">
              <AttributeValue DataType=""http://www.w3.org/2001/XMLSchema#string"">Device.Microphone</AttributeValue>
              <ResourceAttributeDesignator AttributeId=""urn:xacml:device:attribute:resource-type"" DataType=""http://www.w3.org/2001/XMLSchema#string""/>
            </Match>
          </AllOf>
          <AllOf>
            <Match MatchId=""urn:oasis:names:tc:xacml:1.0:function:string-equal"">
              <AttributeValue DataType=""http://www.w3.org/2001/XMLSchema#string"">User.Gallery</AttributeValue>
              <ResourceAttributeDesignator AttributeId=""urn:xacml:data:attribute:resource-type"" DataType=""http://www.w3.org/2001/XMLSchema#string""/>
            </Match>
          </AllOf>
        </AnyOf>
      </Resources>
    </Target>
    <Condition>
      <Apply FunctionId=""urn:oasis:names:tc:xacml:1.0:function:boolean-equal"">
        <AttributeValue DataType=""http://www.w3.org/2001/XMLSchema#boolean"">true</AttributeValue>
        <AttributeDesignator AttributeId=""urn:xacml:context:attribute:purpose:communication-essential"" Category=""urn:oasis:names:tc:xacml:3.0:attribute-category:environment"" DataType=""http://www.w3.org/2001/XMLSchema#boolean""/>
      </Apply>
    </Condition>
  </Rule>

  <Rule RuleId=""urn:xacml:rule:26:DenyFullGalleryAccess"" Effect=""Deny"">
    <Target>
      <Resources>
        <Resource>
          <Match MatchId=""urn:oasis:names:tc:xacml:1.0:function:string-equal"">
            <AttributeValue DataType=""http://www.w3.org/2001/XMLSchema#string"">User.Gallery</AttributeValue>
            <ResourceAttributeDesignator AttributeId=""urn:xacml:data:attribute:resource-type"" DataType=""http://www.w3.org/2001/XMLSchema#string""/>
          </Match>
        </Resource>
      </Resources>
    </Target>
    <Condition>
      <Apply FunctionId=""urn:oasis:names:tc:xacml:1.0:function:string-equal"">
        <AttributeValue DataType=""http://www.w3.org/2001/XMLSchema#string"">full_library</AttributeValue>
        <AttributeDesignator AttributeId=""urn:xacml:context:attribute:access-scope"" Category=""urn:oasis:names:tc:xacml:3.0:attribute-category:environment"" DataType=""http://www.w3.org/2001/XMLSchema#string""/>
      </Apply>
    </Condition>
  </Rule>
  
  <Rule RuleId=""urn:xacml:rule:26:PermitBackupWithEncryption"" Effect=""Permit"">
    <Target>
      <Actions>
        <Action>
          <Match MatchId=""urn:oasis:names:tc:xacml:1.0:function:string-equal"">
            <AttributeValue DataType=""http://www.w3.org/2001/XMLSchema#string"">backup</AttributeValue>
            <ActionAttributeDesignator AttributeId=""urn:xacml:1.0:action:action-id"" DataType=""http://www.w3.org/2001/XMLSchema#string""/>
          </Match>
        </Action>
      </Actions>
    </Target>
    <ObligationExpressions>
      <ObligationExpression ObligationId=""urn:xacml:obligation:encryption:e2e-required"" FulfillOn=""Permit"">
        <AttributeAssignmentExpression AttributeId=""urn:xacml:attribute:encryption-standard"">
          <AttributeValue DataType=""http://www.w3.org/2001/XMLSchema#string"">E2E_Cryptographic</AttributeValue>
        </AttributeAssignmentExpression>
      </ObligationExpression>
    </ObligationExpressions>
  </Rule>

  <Rule RuleId=""urn:xacml:rule:26:DefaultDeny"" Effect=""Deny""/>
</Policy>";
27;Messaging;Location sharing;Su Telegram, la mia posizione non  mai condivisa in tempo reale in background. Quando invio la mia posizione in una chat, scelgo sempre l'opzione 'Invia posizione attuale' e mai 'Condividi posizione in tempo reale', a meno che non sia per un motivo specifico e per un tempo limitato.;On Telegram, my location is never shared in real-time in the background. When I send my location in a chat, I always choose the 'Send current location' option and never 'Share live location', unless it is for a specific reason and for a limited time.;GEMINI 2.5;"<Policy PolicyId=""urn:xacml:policy:27:TelegramLocationPolicy"" Version=""1.0"" RuleCombiningAlgId=""urn:oasis:names:tc:xacml:1.0:rule-combining-algorithm:deny-overrides"">
  <Description>Regole per la condivisione della posizione per Telegram.</Description>
  <Target>
    <Subjects>
      <Subject>
        <Match MatchId=""urn:oasis:names:tc:xacml:1.0:function:string-equal"">
          <AttributeValue DataType=""http://www.w3.org/2001/XMLSchema#string"">Telegram</AttributeValue>
          <SubjectAttributeDesignator AttributeId=""urn:oasis:names:tc:xacml:1.0:subject:subject-id"" DataType=""http://www.w3.org/2001/XMLSchema#string""/>
        </Match>
      </Subject>
    </Subjects>
  </Target>

  <Rule RuleId=""urn:xacml:rule:27:DenyRealTimeDefault"" Effect=""Deny"">
    <Target>
      <Resources>
        <Resource>
          <Match MatchId=""urn:oasis:names:tc:xacml:1.0:function:string-equal"">
            <AttributeValue DataType=""http://www.w3.org/2001/XMLSchema#string"">Location.RealTime</AttributeValue>
            <ResourceAttributeDesignator AttributeId=""urn:xacml:location:attribute:resource-type"" DataType=""http://www.w3.org/2001/XMLSchema#string""/>
          </Match>
        </Resource>
      </Resources>
      <Actions>
        <Action>
          <Match MatchId=""urn:oasis:names:tc:xacml:1.0:function:string-equal"">
            <AttributeValue DataType=""http://www.w3.org/2001/XMLSchema#string"">share</AttributeValue>
            <ActionAttributeDesignator AttributeId=""urn:xacml:1.0:action:action-id"" DataType=""http://www.w3.org/2001/XMLSchema#string""/>
          </Match>
        </Action>
      </Actions>
    </Target>
  </Rule>

  <Rule RuleId=""urn:xacml:rule:27:PermitCurrentLocation"" Effect=""Permit"">
    <Target>
      <Resources>
        <Resource>
          <Match MatchId=""urn:oasis:names:tc:xacml:1.0:function:string-equal"">
            <AttributeValue DataType=""http://www.w3.org/2001/XMLSchema#string"">Location.Current</AttributeValue>
            <ResourceAttributeDesignator AttributeId=""urn:xacml:location:attribute:resource-type"" DataType=""http://www.w3.org/2001/XMLSchema#string""/>
          </Match>
        </Resource>
      </Resources>
    </Target>
    <Condition>
      <Apply FunctionId=""urn:oasis:names:tc:xacml:1.0:function:string-equal"">
        <AttributeValue DataType=""http://www.w3.org/2001/XMLSchema#string"">Invia_Posizione_Attuale</AttributeValue>
        <AttributeDesignator AttributeId=""urn:xacml:context:attribute:location-sharing-mode"" Category=""urn:oasis:names:tc:xacml:3.0:attribute-category:action"" DataType=""http://www.w3.org/2001/XMLSchema#string""/>
      </Apply>
    </Condition>
  </Rule>
  
  <Rule RuleId=""urn:xacml:rule:27:PermitRealTimeLimited"" Effect=""Permit"">
    <Target>
      <Resources>
        <Resource>
          <Match MatchId=""urn:oasis:names:tc:xacml:1.0:function:string-equal"">
            <AttributeValue DataType=""http://www.w3.org/2001/XMLSchema#string"">Location.RealTime</AttributeValue>
            <ResourceAttributeDesignator AttributeId=""urn:xacml:location:attribute:resource-type"" DataType=""http://www.w3.org/2001/XMLSchema#string""/>
          </Match>
        </Resource>
      </Resources>
    </Target>
    <Condition>
      <Apply FunctionId=""urn:oasis:names:tc:xacml:1.0:function:and"">
        <Apply FunctionId=""urn:oasis:names:tc:xacml:1.0:function:boolean-equal"">
          <AttributeValue DataType=""http://www.w3.org/2001/XMLSchema#boolean"">true</AttributeValue>
          <AttributeDesignator AttributeId=""urn:xacml:context:attribute:location-sharing:specific-reason"" Category=""urn:oasis:names:tc:xacml:3.0:attribute-category:action"" DataType=""http://www.w3.org/2001/XMLSchema#boolean""/>
        </Apply>
        <Apply FunctionId=""urn:oasis:names:tc:xacml:1.0:function:boolean-equal"">
          <AttributeValue DataType=""http://www.w3.org/2001/XMLSchema#boolean"">true</AttributeValue>
          <AttributeDesignator AttributeId=""urn:xacml:context:attribute:location-sharing:time-limited"" Category=""urn:oasis:names:tc:xacml:3.0:attribute-category:environment"" DataType=""http://www.w3.org/2001/XMLSchema#boolean""/>
        </Apply>
      </Apply>
    </Condition>
  </Rule>
  
  <Rule RuleId=""urn:xacml:rule:27:DefaultDeny"" Effect=""Deny""/>
</Policy>";
28;Messaging;Controlled access;Sebbene consenta a WhatsApp di accedere ai miei contatti per trovare le persone con cui chattare, periodicamente verifico e rimuovo i permessi se non necessari e non condivido mai il mio stato o la mia immagine del profilo con contatti che non ho salvato.;Although I allow WhatsApp to access my contacts to find people to chat with, I periodically check and remove permissions if not needed and never share my status or profile picture with contacts I haven't saved.;GEMINI 2.5;"<Policy PolicyId=""urn:xacml:policy:28:WhatsAppControlledAccess"" Version=""1.0"" RuleCombiningAlgId=""urn:oasis:names:tc:xacml:1.0:rule-combining-algorithm:deny-overrides"">
  <Description>Regole di accesso controllato ai contatti e condivisione stato/profilo per WhatsApp.</Description>
  <Target>
    <Subjects>
      <Subject>
        <Match MatchId=""urn:oasis:names:tc:xacml:1.0:function:string-equal"">
          <AttributeValue DataType=""http://www.w3.org/2001/XMLSchema#string"">WhatsApp</AttributeValue>
          <SubjectAttributeDesignator AttributeId=""urn:oasis:names:tc:xacml:1.0:subject:subject-id"" DataType=""http://www.w3.org/2001/XMLSchema#string""/>
        </Match>
      </Subject>
    </Subjects>
  </Target>

  <Rule RuleId=""urn:xacml:rule:28:PermitContactDiscovery"" Effect=""Permit"">
    <Target>
      <Resources>
        <Resource>
          <Match MatchId=""urn:oasis:names:tc:xacml:1.0:function:string-equal"">
            <AttributeValue DataType=""http://www.w3.org/2001/XMLSchema#string"">User.ContactBook</AttributeValue>
            <ResourceAttributeDesignator AttributeId=""urn:xacml:data:attribute:resource-type"" DataType=""http://www.w3.org/2001/XMLSchema#string""/>
          </Match>
        </Resource>
      </Resources>
      <Actions>
        <Action>
          <Match MatchId=""urn:oasis:names:tc:xacml:1.0:function:string-equal"">
            <AttributeValue DataType=""http://www.w3.org/2001/XMLSchema#string"">read</AttributeValue>
            <ActionAttributeDesignator AttributeId=""urn:xacml:1.0:action:action-id"" DataType=""http://www.w3.org/2001/XMLSchema#string""/>
          </Match>
        </Action>
      </Actions>
    </Target>
    <Condition>
      <Apply FunctionId=""urn:oasis:names:tc:xacml:1.0:function:string-equal"">
        <AttributeValue DataType=""http://www.w3.org/2001/XMLSchema#string"">chat_discovery</AttributeValue>
        <AttributeDesignator AttributeId=""urn:xacml:context:attribute:purpose"" Category=""urn:oasis:names:tc:xacml:3.0:attribute-category:action"" DataType=""http://www.w3.org/2001/XMLSchema#string""/>
      </Apply>
    </Condition>
  </Rule>

  <Rule RuleId=""urn:xacml:rule:28:DenyUnsavedContactSharing"" Effect=""Deny"">
    <Target>
      <Resources>
        <AnyOf>
          <AllOf>
            <Match MatchId=""urn:oasis:names:tc:xacml:1.0:function:string-equal"">
              <AttributeValue DataType=""http://www.w3.org/2001/XMLSchema#string"">User.Status</AttributeValue>
              <ResourceAttributeDesignator AttributeId=""urn:xacml:profile:attribute:resource-type"" DataType=""http://www.w3.org/2001/XMLSchema#string""/>
            </Match>
          </AllOf>
          <AllOf>
            <Match MatchId=""urn:oasis:names:tc:xacml:1.0:function:string-equal"">
              <AttributeValue DataType=""http://www.w3.org/2001/XMLSchema#string"">User.ProfilePicture</AttributeValue>
              <ResourceAttributeDesignator AttributeId=""urn:xacml:profile:attribute:resource-type"" DataType=""http://www.w3.org/2001/XMLSchema#string""/>
            </Match>
          </AllOf>
        </AnyOf>
      </Resources>
      <Actions>
        <Action>
          <Match MatchId=""urn:oasis:names:tc:xacml:1.0:function:string-equal"">
            <AttributeValue DataType=""http://www.w3.org/2001/XMLSchema#string"">view</AttributeValue>
            <ActionAttributeDesignator AttributeId=""urn:xacml:1.0:action:action-id"" DataType=""http://www.w3.org/2001/XMLSchema#string""/>
          </Match>
        </Action>
      </Actions>
    </Target>
    <Condition>
      <Apply FunctionId=""urn:oasis:names:tc:xacml:1.0:function:boolean-equal"">
        <AttributeValue DataType=""http://www.w3.org/2001/XMLSchema#boolean"">false</AttributeValue>
        <AttributeDesignator AttributeId=""urn:xacml:context:attribute:target-user:is-saved-contact"" Category=""urn:oasis:names:tc:xacml:3.0:attribute-category:recipient"" DataType=""http://www.w3.org/2001/XMLSchema#boolean""/>
      </Apply>
    </Condition>
  </Rule>
  
  <Rule RuleId=""urn:xacml:rule:28:DefaultDeny"" Effect=""Deny""/>
</Policy>";
29;Social media and entertainment;Access only while in use / Disable tracking;"Su Instagram, autorizzo l'accesso a fotocamera e microfono solo quando sto creando una Storia o un Reel. Nego sempre l'accesso alla mia posizione precisa; se voglio taggare un luogo in un post, lo cerco e lo inserisco manualmente senza attivare il GPS per l'app.";"On Instagram, I authorize access to the camera and microphone only when I am creating a Story or a Reel. I always deny access to my precise location; if I want to tag a location in a post, I search for and insert it manually without activating GPS for the app.";GEMINI 2.5;"<Policy PolicyId=""urn:xacml:policy:29:InstagramLimitedAccess"" Version=""1.0"" RuleCombiningAlgId=""urn:oasis:names:tc:xacml:1.0:rule-combining-algorithm:deny-overrides"">
  <Description>Regole per l'accesso a fotocamera/microfono e posizione per Instagram.</Description>
  <Target>
    <Subjects>
      <Subject>
        <Match MatchId=""urn:oasis:names:tc:xacml:1.0:function:string-equal"">
          <AttributeValue DataType=""http://www.w3.org/2001/XMLSchema#string"">Instagram</AttributeValue>
          <SubjectAttributeDesignator AttributeId=""urn:oasis:names:tc:xacml:1.0:subject:subject-id"" DataType=""http://www.w3.org/2001/XMLSchema#string""/>
        </Match>
      </Subject>
    </Subjects>
  </Target>

  <Rule RuleId=""urn:xacml:rule:29:PermitContentCreation"" Effect=""Permit"">
    <Target>
      <Resources>
        <AnyOf>
          <AllOf>
            <Match MatchId=""urn:oasis:names:tc:xacml:1.0:function:string-equal"">
              <AttributeValue DataType=""http://www.w3.org/2001/XMLSchema#string"">Device.Camera</AttributeValue>
              <ResourceAttributeDesignator AttributeId=""urn:xacml:device:attribute:resource-type"" DataType=""http://www.w3.org/2001/XMLSchema#string""/>
            </Match>
          </AllOf>
          <AllOf>
            <Match MatchId=""urn:oasis:names:tc:xacml:1.0:function:string-equal"">
              <AttributeValue DataType=""http://www.w3.org/2001/XMLSchema#string"">Device.Microphone</AttributeValue>
              <ResourceAttributeDesignator AttributeId=""urn:xacml:device:attribute:resource-type"" DataType=""http://www.w3.org/2001/XMLSchema#string""/>
            </Match>
          </AllOf>
        </AnyOf>
      </Resources>
    </Target>
    <Condition>
      <Apply FunctionId=""urn:oasis:names:tc:xacml:1.0:function:or"">
        <Apply FunctionId=""urn:oasis:names:tc:xacml:1.0:function:string-equal"">
          <AttributeValue DataType=""http://www.w3.org/2001/XMLSchema#string"">create_story</AttributeValue>
          <AttributeDesignator AttributeId=""urn:xacml:context:attribute:action-detail"" Category=""urn:oasis:names:tc:xacml:3.0:attribute-category:action"" DataType=""http://www.w3.org/2001/XMLSchema#string""/>
        </Apply>
        <Apply FunctionId=""urn:oasis:names:tc:xacml:1.0:function:string-equal"">
          <AttributeValue DataType=""http://www.w3.org/2001/XMLSchema#string"">create_reel</AttributeValue>
          <AttributeDesignator AttributeId=""urn:xacml:context:attribute:action-detail"" Category=""urn:oasis:names:tc:xacml:3.0:attribute-category:action"" DataType=""http://www.w3.org/2001/XMLSchema#string""/>
        </Apply>
      </Apply>
    </Condition>
  </Rule>

  <Rule RuleId=""urn:xacml:rule:29:DenyPreciseLocation"" Effect=""Deny"">
    <Target>
      <Resources>
        <Resource>
          <Match MatchId=""urn:oasis:names:tc:xacml:1.0:function:string-equal"">
            <AttributeValue DataType=""http://www.w3.org/2001/XMLSchema#string"">Location.Precise</AttributeValue>
            <ResourceAttributeDesignator AttributeId=""urn:xacml:location:attribute:resource-type"" DataType=""http://www.w3.org/2001/XMLSchema#string""/>
          </Match>
        </Resource>
      </Resources>
      <Actions>
        <Action>
          <Match MatchId=""urn:oasis:names:tc:xacml:1.0:function:string-equal"">
            <AttributeValue DataType=""http://www.w3.org/2001/XMLSchema#string"">access</AttributeValue>
            <ActionAttributeDesignator AttributeId=""urn:xacml:1.0:action:action-id"" DataType=""http://www.w3.org/2001/XMLSchema#string""/>
          </Match>
        </Action>
      </Actions>
    </Target>
  </Rule>

  <Rule RuleId=""urn:xacml:rule:29:DenyGPSAutoActivation"" Effect=""Deny"">
    <Target>
      <Actions>
        <Action>
          <Match MatchId=""urn:oasis:names:tc:xacml:1.0:function:string-equal"">
            <AttributeValue DataType=""http://www.w3.org/2001/XMLSchema#string"">activate</AttributeValue>
            <ActionAttributeDesignator AttributeId=""urn:xacml:1.0:action:action-id"" DataType=""http://www.w3.org/2001/XMLSchema#string""/>
          </Match>
        </Action>
      </Actions>
    </Target>
    <Condition>
      <Apply FunctionId=""urn:oasis:names:tc:xacml:1.0:function:string-equal"">
        <AttributeValue DataType=""http://www.w3.org/2001/XMLSchema#string"">Device.GPS</AttributeValue>
        <AttributeDesignator AttributeId=""urn:xacml:device:attribute:resource-type"" Category=""urn:oasis:names:tc:xacml:3.0:attribute-category:environment"" DataType=""http://www.w3.org/2001/XMLSchema#string""/>
      </Apply>
    </Condition>
  </Rule>
  
  <Rule RuleId=""urn:xacml:rule:29:DefaultDeny"" Effect=""Deny""/>
</Policy>";
30;Social media and entertainment;Disable tracking;Rifiuto categoricamente la richiesta di Facebook di tracciare la mia attivitˆ su altre app e siti web. Ho inoltre disattivato nelle impostazioni la cronologia delle posizioni e ho limitato al minimo le categorie di dati che possono essere usate per mostrarmi annunci pubblicitari.;I categorically refuse Facebook's request to track my activity across other apps and websites. I have also disabled location history in the settings and have limited to the minimum the data categories that can be used to show me ads.;GEMINI 2.5;"<Policy PolicyId=""urn:xacml:policy:30:FacebookAntiTracking"" Version=""1.0"" RuleCombiningAlgId=""urn:oasis:names:tc:xacml:1.0:rule-combining-algorithm:deny-overrides"">
  <Description>Regole di negazione di tracciamento esterno per Facebook.</Description>
  <Target>
    <Subjects>
      <Subject>
        <Match MatchId=""urn:oasis:names:tc:xacml:1.0:function:string-equal"">
          <AttributeValue DataType=""http://www.w3.org/2001/XMLSchema#string"">Facebook</AttributeValue>
          <SubjectAttributeDesignator AttributeId=""urn:oasis:names:tc:xacml:1.0:subject:subject-id"" DataType=""http://www.w3.org/2001/XMLSchema#string""/>
        </Match>
      </Subject>
    </Subjects>
  </Target>

  <Rule RuleId=""urn:xacml:rule:30:DenyExternalTracking"" Effect=""Deny"">
    <Target>
      <Resources>
        <Resource>
          <Match MatchId=""urn:oasis:names:tc:xacml:1.0:function:string-equal"">
            <AttributeValue DataType=""http://www.w3.org/2001/XMLSchema#string"">ActivityData.External</AttributeValue>
            <ResourceAttributeDesignator AttributeId=""urn:xacml:tracking:attribute:resource-type"" DataType=""http://www.w3.org/2001/XMLSchema#string""/>
          </Match>
        </Resource>
      </Resources>
      <Actions>
        <Action>
          <Match MatchId=""urn:oasis:names:tc:xacml:1.0:function:string-equal"">
            <AttributeValue DataType=""http://www.w3.org/2001/XMLSchema#string"">track</AttributeValue>
            <ActionAttributeDesignator AttributeId=""urn:xacml:1.0:action:action-id"" DataType=""http://www.w3.org/2001/XMLSchema#string""/>
          </Match>
        </Action>
      </Actions>
    </Target>
  </Rule>

  <Rule RuleId=""urn:xacml:rule:30:DenyLocationHistory"" Effect=""Deny"">
    <Target>
      <Resources>
        <Resource>
          <Match MatchId=""urn:oasis:names:tc:xacml:1.0:function:string-equal"">
            <AttributeValue DataType=""http://www.w3.org/2001/XMLSchema#string"">Location.History</AttributeValue>
            <ResourceAttributeDesignator AttributeId=""urn:xacml:location:attribute:resource-type"" DataType=""http://www.w3.org/2001/XMLSchema#string""/>
          </Match>
        </Resource>
      </Resources>
      <Actions>
        <Action>
          <Match MatchId=""urn:oasis:names:tc:xacml:1.0:function:string-equal"">
            <AttributeValue DataType=""http://www.w3.org/2001/XMLSchema#string"">record</AttributeValue>
            <ActionAttributeDesignator AttributeId=""urn:xacml:1.0:action:action-id"" DataType=""http://www.w3.org/2001/XMLSchema#string""/>
          </Match>
        </Action>
      </Actions>
    </Target>
    <Condition>
      <Apply FunctionId=""urn:oasis:names:tc:xacml:1.0:function:boolean-equal"">
        <AttributeValue DataType=""http://www.w3.org/2001/XMLSchema#boolean"">true</AttributeValue>
        <AttributeDesignator AttributeId=""urn:xacml:context:attribute:setting:location-history-disabled"" Category=""urn:oasis:names:tc:xacml:3.0:attribute-category:environment"" DataType=""http://www.w3.org/2001/XMLSchema#boolean""/>
      </Apply>
    </Condition>
  </Rule>
  
  <Rule RuleId=""urn:xacml:rule:30:MinimizeAdCategories"" Effect=""Deny"">
    <Description>Implementazione di 'Limitato al minimo': nega l'uso di categorie di dati non essenziali per la pubblicitˆ.</Description>
    <Target>
      <Resources>
        <Resource>
          <Match MatchId=""urn:oasis:names:tc:xacml:1.0:function:string-equal"">
            <AttributeValue DataType=""http://www.w3.org/2001/XMLSchema#string"">Data.Categories</AttributeValue>
            <ResourceAttributeDesignator AttributeId=""urn:xacml:data:attribute:resource-type"" DataType=""http://www.w3.org/2001/XMLSchema#string""/>
          </Match>
        </Resource>
      </Resources>
      <Actions>
        <Action>
          <Match MatchId=""urn:oasis:names:tc:xacml:1.0:function:string-equal"">
            <AttributeValue DataType=""http://www.w3.org/2001/XMLSchema#string"">use</AttributeValue>
            <ActionAttributeDesignator AttributeId=""urn:xacml:1.0:action:action-id"" DataType=""http://www.w3.org/2001/XMLSchema#string""/>
          </Match>
        </Action>
      </Actions>
    </Target>
    <Condition>
      <Apply FunctionId=""urn:oasis:names:tc:xacml:1.0:function:string-equal"">
        <AttributeValue DataType=""http://www.w3.org/2001/XMLSchema#string"">non_essential_advertising</AttributeValue>
        <AttributeDesignator AttributeId=""urn:xacml:context:attribute:data-category-type"" Category=""urn:oasis:names:tc:xacml:3.0:attribute-category:environment"" DataType=""http://www.w3.org/2001/XMLSchema#string""/>
      </Apply>
    </Condition>
  </Rule>
  
  <Rule RuleId=""urn:xacml:rule:30:DefaultDeny"" Effect=""Deny""/>
</Policy>";
31;Social media and entertainment;Access only while in use / No access to contacts;Su TikTok, il microfono ha accesso solo durante la registrazione di un video. Non consento all'app di analizzare il contenuto di altre app o di accedere agli appunti del mio dispositivo. L'accesso ai contatti  perennemente negato per evitare suggerimenti di amicizia basati sulla mia rubrica privata.;On TikTok, the microphone only has access during video recording. I do not allow the app to analyze the content of other apps or access my device's clipboard. Access to contacts is permanently denied to avoid friend suggestions based on my private address book.;GEMINI 2.5;"<Policy PolicyId=""urn:xacml:policy:31:TikTokPrivacyPolicy"" Version=""1.0"" RuleCombiningAlgId=""urn:oasis:names:tc:xacml:1.0:rule-combining-algorithm:deny-overrides"">
  <Description>Regole di accesso ristretto a microfono, appunti e contatti per TikTok.</Description>
  <Target>
    <Subjects>
      <Subject>
        <Match MatchId=""urn:oasis:names:tc:xacml:1.0:function:string-equal"">
          <AttributeValue DataType=""http://www.w3.org/2001/XMLSchema#string"">TikTok</AttributeValue>
          <SubjectAttributeDesignator AttributeId=""urn:oasis:names:tc:xacml:1.0:subject:subject-id"" DataType=""http://www.w3.org/2001/XMLSchema#string""/>
        </Match>
      </Subject>
    </Subjects>
  </Target>

  <Rule RuleId=""urn:xacml:rule:31:PermitMicWhileRecording"" Effect=""Permit"">
    <Target>
      <Resources>
        <Resource>
          <Match MatchId=""urn:oasis:names:tc:xacml:1.0:function:string-equal"">
            <AttributeValue DataType=""http://www.w3.org/2001/XMLSchema#string"">Device.Microphone</AttributeValue>
            <ResourceAttributeDesignator AttributeId=""urn:xacml:device:attribute:resource-type"" DataType=""http://www.w3.org/2001/XMLSchema#string""/>
          </Match>
        </Resource>
      </Resources>
    </Target>
    <Condition>
      <Apply FunctionId=""urn:oasis:names:tc:xacml:1.0:function:string-equal"">
        <AttributeValue DataType=""http://www.w3.org/2001/XMLSchema#string"">video_recording</AttributeValue>
        <AttributeDesignator AttributeId=""urn:xacml:context:attribute:action-detail"" Category=""urn:oasis:names:tc:xacml:3.0:attribute-category:action"" DataType=""http://www.w3.org/2001/XMLSchema#string""/>
      </Apply>
    </Condition>
  </Rule>

  <Rule RuleId=""urn:xacml:rule:31:DenyClipboardAccess"" Effect=""Deny"">
    <Target>
      <Resources>
        <Resource>
          <Match MatchId=""urn:oasis:names:tc:xacml:1.0:function:string-equal"">
            <AttributeValue DataType=""http://www.w3.org/2001/XMLSchema#string"">Device.Clipboard</AttributeValue>
            <ResourceAttributeDesignator AttributeId=""urn:xacml:device:attribute:resource-type"" DataType=""http://www.w3.org/2001/XMLSchema#string""/>
          </Match>
        </Resource>
      </Resources>
    </Target>
  </Rule>

  <Rule RuleId=""urn:xacml:rule:31:DenyContactBookPermanent"" Effect=""Deny"">
    <Target>
      <Resources>
        <Resource>
          <Match MatchId=""urn:oasis:names:tc:xacml:1.0:function:string-equal"">
            <AttributeValue DataType=""http://www.w3.org/2001/XMLSchema#string"">User.ContactBook</AttributeValue>
            <ResourceAttributeDesignator AttributeId=""urn:xacml:data:attribute:resource-type"" DataType=""http://www.w3.org/2001/XMLSchema#string""/>
          </Match>
        </Resource>
      </Resources>
    </Target>
  </Rule>
  
  <Rule RuleId=""urn:xacml:rule:31:DefaultDeny"" Effect=""Deny""/>
</Policy>";
32;Transport and mobility;Access only while in use;Autorizzo Uber ad accedere alla mia posizione precisa solo mentre l'app  aperta per prenotare una corsa o durante il tragitto. Disattivo l'accesso appena la corsa  terminata. Non salvo in modo permanente i dati della mia carta di credito nell'app, preferendo inserirli tramite servizi di pagamento sicuri come Apple Pay o Google Pay.;I authorize Uber to access my precise location only while the app is open to book a ride or during the trip. I disable access as soon as the ride is finished. I do not permanently save my credit card data in the app, preferring to enter it via secure payment services like Apple Pay or Google Pay.;GEMINI 2.5;"<Policy PolicyId=""urn:xacml:policy:32:UberAccessPolicy"" Version=""1.0"" RuleCombiningAlgId=""urn:oasis:names:tc:xacml:1.0:rule-combining-algorithm:deny-overrides"">
  <Description>Regole di accesso alla posizione per Uber, limitato all'uso attivo.</Description>
  <Target>
    <Subjects>
      <Subject>
        <Match MatchId=""urn:oasis:names:tc:xacml:1.0:function:string-equal"">
          <AttributeValue DataType=""http://www.w3.org/2001/XMLSchema#string"">Uber</AttributeValue>
          <SubjectAttributeDesignator AttributeId=""urn:oasis:names:tc:xacml:1.0:subject:subject-id"" DataType=""http://www.w3.org/2001/XMLSchema#string""/>
        </Match>
      </Subject>
    </Subjects>
  </Target>

  <Rule RuleId=""urn:xacml:rule:32:PermitActiveLocation"" Effect=""Permit"">
    <Target>
      <Resources>
        <Resource>
          <Match MatchId=""urn:oasis:names:tc:xacml:1.0:function:string-equal"">
            <AttributeValue DataType=""http://www.w3.org/2001/XMLSchema#string"">Location.Precise</AttributeValue>
            <ResourceAttributeDesignator AttributeId=""urn:xacml:location:attribute:resource-type"" DataType=""http://www.w3.org/2001/XMLSchema#string""/>
          </Match>
        </Resource>
      </Resources>
      <Actions>
        <Action>
          <Match MatchId=""urn:oasis:names:tc:xacml:1.0:function:string-equal"">
            <AttributeValue DataType=""http://www.w3.org/2001/XMLSchema#string"">access</AttributeValue>
            <ActionAttributeDesignator AttributeId=""urn:xacml:1.0:action:action-id"" DataType=""http://www.w3.org/2001/XMLSchema#string""/>
          </Match>
        </Action>
      </Actions>
    </Target>
    <Condition>
      <Apply FunctionId=""urn:oasis:names:tc:xacml:1.0:function:or"">
        <Apply FunctionId=""urn:oasis:names:tc:xacml:1.0:function:string-equal"">
          <AttributeValue DataType=""http://www.w3.org/2001/XMLSchema#string"">ride_booking</AttributeValue>
          <AttributeDesignator AttributeId=""urn:xacml:context:attribute:action-detail"" Category=""urn:oasis:names:tc:xacml:3.0:attribute-category:action"" DataType=""http://www.w3.org/2001/XMLSchema#string""/>
        </Apply>
        <Apply FunctionId=""urn:oasis:names:tc:xacml:1.0:function:string-equal"">
          <AttributeValue DataType=""http://www.w3.org/2001/XMLSchema#string"">in_ride</AttributeValue>
          <AttributeDesignator AttributeId=""urn:xacml:context:attribute:action-detail"" Category=""urn:oasis:names:tc:xacml:3.0:attribute-category:action"" DataType=""http://www.w3.org/2001/XMLSchema#string""/>
        </Apply>
      </Apply>
    </Condition>
    <AdviceExpressions>
      <AdviceExpression AdviceId=""urn:xacml:advice:action:disable-after-ride"" AppliesTo=""Permit"">
        <AttributeAssignmentExpression AttributeId=""urn:xacml:attribute:location:setting"">
          <AttributeValue DataType=""http://www.w3.org/2001/XMLSchema#string"">DisabledAfterEndRide</AttributeValue>
        </AttributeAssignmentExpression>
      </AdviceExpression>
    </AdviceExpressions>
  </Rule>
  
  <Rule RuleId=""urn:xacml:rule:32:DenyPermanentCardSave"" Effect=""Deny"">
    <Target>
      <Resources>
        <Resource>
          <Match MatchId=""urn:oasis:names:tc:xacml:1.0:function:string-equal"">
            <AttributeValue DataType=""http://www.w3.org/2001/XMLSchema#string"">PaymentData.CreditCard</AttributeValue>
            <ResourceAttributeDesignator AttributeId=""urn:xacml:data:attribute:resource-type"" DataType=""http://www.w3.org/2001/XMLSchema#string""/>
          </Match>
        </Resource>
      </Resources>
      <Actions>
        <Action>
          <Match MatchId=""urn:oasis:names:tc:xacml:1.0:function:string-equal"">
            <AttributeValue DataType=""http://www.w3.org/2001/XMLSchema#string"">store_permanently</AttributeValue>
            <ActionAttributeDesignator AttributeId=""urn:xacml:1.0:action:action-id"" DataType=""http://www.w3.org/2001/XMLSchema#string""/>
          </Match>
        </Action>
      </Actions>
    </Target>
  </Rule>

  <Rule RuleId=""urn:xacml:rule:32:DefaultDeny"" Effect=""Deny""/>
</Policy>";
33;Transport and mobility;Limited access;Per l'app di Trenitalia, concedo l'accesso al calendario solo per aggiungere i biglietti che acquisto, ma nego l'accesso alla posizione in background. Utilizzo l'app solo per le sue funzioni essenziali di acquisto e consultazione, disattivando tutte le offerte di marketing basate sui miei dati di viaggio.;For the Amtrak app, I grant access to the calendar only to add the tickets I purchase, but I deny background location access. I use the app only for its essential functions of purchasing and consultation, disabling all marketing offers based on my travel data.;GEMINI 2.5;"<Policy PolicyId=""urn:xacml:policy:33:TrenitaliaLimitedPolicy"" Version=""1.0"" RuleCombiningAlgId=""urn:oasis:names:tc:xacml:1.0:rule-combining-algorithm:deny-overrides"">
  <Description>Regole di accesso limitato a calendario e posizione per l'app Trenitalia.</Description>
  <Target>
    <Subjects>
      <Subject>
        <Match MatchId=""urn:oasis:names:tc:xacml:1.0:function:string-equal"">
          <AttributeValue DataType=""http://www.w3.org/2001/XMLSchema#string"">Trenitalia</AttributeValue>
          <SubjectAttributeDesignator AttributeId=""urn:oasis:names:tc:xacml:1.0:subject:subject-id"" DataType=""http://www.w3.org/2001/XMLSchema#string""/>
        </Match>
      </Subject>
    </Subjects>
  </Target>

  <Rule RuleId=""urn:xacml:rule:33:PermitCalendarAddTicket"" Effect=""Permit"">
    <Target>
      <Resources>
        <Resource>
          <Match MatchId=""urn:oasis:names:tc:xacml:1.0:function:string-equal"">
            <AttributeValue DataType=""http://www.w3.org/2001/XMLSchema#string"">Device.Calendar</AttributeValue>
            <ResourceAttributeDesignator AttributeId=""urn:xacml:device:attribute:resource-type"" DataType=""http://www.w3.org/2001/XMLSchema#string""/>
          </Match>
        </Resource>
      </Resources>
    </Target>
    <Condition>
      <Apply FunctionId=""urn:oasis:names:tc:xacml:1.0:function:string-equal"">
        <AttributeValue DataType=""http://www.w3.org/2001/XMLSchema#string"">add_ticket</AttributeValue>
        <AttributeDesignator AttributeId=""urn:xacml:context:attribute:action-detail"" Category=""urn:oasis:names:tc:xacml:3.0:attribute-category:action"" DataType=""http://www.w3.org/2001/XMLSchema#string""/>
      </Apply>
    </Condition>
  </Rule>

  <Rule RuleId=""urn:xacml:rule:33:DenyBackgroundLocation"" Effect=""Deny"">
    <Target>
      <Resources>
        <Resource>
          <Match MatchId=""urn:oasis:names:tc:xacml:1.0:function:string-equal"">
            <AttributeValue DataType=""http://www.w3.org/2001/XMLSchema#string"">Location.Approximate</AttributeValue>
            <ResourceAttributeDesignator AttributeId=""urn:xacml:location:attribute:resource-type"" DataType=""http://www.w3.org/2001/XMLSchema#string""/>
          </Match>
        </Resource>
      </Resources>
    </Target>
    <Condition>
      <Apply FunctionId=""urn:oasis:names:tc:xacml:1.0:function:boolean-equal"">
        <AttributeValue DataType=""http://www.w3.org/2001/XMLSchema#boolean"">true</AttributeValue>
        <AttributeDesignator AttributeId=""urn:xacml:context:attribute:app-status:background"" Category=""urn:oasis:names:tc:xacml:3.0:attribute-category:environment"" DataType=""http://www.w3.org/2001/XMLSchema#boolean""/>
      </Apply>
    </Condition>
  </Rule>

  <Rule RuleId=""urn:xacml:rule:33:DenyTravelDataMarketing"" Effect=""Deny"">
    <Target>
      <Resources>
        <Resource>
          <Match MatchId=""urn:oasis:names:tc:xacml:1.0:function:string-equal"">
            <AttributeValue DataType=""http://www.w3.org/2001/XMLSchema#string"">TravelData.History</AttributeValue>
            <ResourceAttributeDesignator AttributeId=""urn:xacml:data:attribute:resource-type"" DataType=""http://www.w3.org/2001/XMLSchema#string""/>
          </Match>
        </Resource>
      </Resources>
      <Actions>
        <Action>
          <Match MatchId=""urn:oasis:names:tc:xacml:1.0:function:string-equal"">
            <AttributeValue DataType=""http://www.w3.org/2001/XMLSchema#string"">use</AttributeValue>
            <ActionAttributeDesignator AttributeId=""urn:xacml:1.0:action:action-id"" DataType=""http://www.w3.org/2001/XMLSchema#string""/>
          </Match>
        </Action>
      </Actions>
    </Target>
    <Condition>
      <Apply FunctionId=""urn:oasis:names:tc:xacml:1.0:function:string-equal"">
        <AttributeValue DataType=""http://www.w3.org/2001/XMLSchema#string"">marketing_offers</AttributeValue>
        <AttributeDesignator AttributeId=""urn:xacml:context:attribute:purpose"" Category=""urn:oasis:names:tc:xacml:3.0:attribute-category:environment"" DataType=""http://www.w3.org/2001/XMLSchema#string""/>
      </Apply>
    </Condition>
  </Rule>

  <Rule RuleId=""urn:xacml:rule:33:DefaultDeny"" Effect=""Deny""/>
</Policy>";
34;General preferences;User Profile: Security and confidentiality;Gestisco il mio dispositivo con una rigida separazione tra vita privata e professionale, utilizzando profili di lavoro distinti. All'interno del mio profilo professionale, app comeÊOutlookÊeÊMicrosoft TeamsÊhanno accesso ai miei contatti e al calendario di lavoro per garantire la massima produttivitˆ, ma questo accesso  confinato e non pu˜ leggere i miei dati personali. Nego sistematicamente la sincronizzazione dei contatti aÊLinkedIn, preferendo aggiungere manualmente i collegamenti per evitare che l'app mappi le mie relazioni professionali e personali. Per le app bancarie, comeÊIntesa SanpaoloÊoÊFineco, non solo nego qualsiasi accesso a fotocamera, microfono o posizione, ma ho anche impostato restrizioni per impedire loro di leggere il contenuto degli appunti, prevenendo cos“ il rischio di intercettazione di password o codici temporanei. Utilizzo costantemente una VPN e ho disabilitato la connessione automatica a reti Wi-Fi pubbliche per proteggere le trasmissioni di dati sensibili.;I manage my device with a strict separation between private and professional life, using distinct work profiles. Within my work profile, apps like Outlook and Microsoft Teams have access to my work contacts and calendar to ensure maximum productivity, but this access is confined and cannot read my personal data. I systematically deny contact synchronization to LinkedIn, preferring to add connections manually to prevent the app from mapping my professional and personal relationships. For banking apps, like Bank of America or Chase, I not only deny any access to the camera, microphone, or location, but I have also set restrictions to prevent them from reading clipboard content, thus preventing the risk of password or temporary code interception. I constantly use a VPN and have disabled automatic connection to public Wi-Fi networks to protect sensitive data transmissions.;GEMINI 2.5;"<Policy PolicyId=""urn:xacml:policy:34:SecurityAndConfidentiality"" Version=""1.0"" RuleCombiningAlgId=""urn:oasis:names:tc:xacml:1.0:rule-combining-algorithm:deny-overrides"">
  <Description>Politiche rigide di separazione dei dati e sicurezza per app bancarie/professionali.</Description>
  <Target/>

  <Rule RuleId=""urn:xacml:rule:34:PermitWorkProfile"" Effect=""Permit"">
    <Target>
      <Subjects>
        <Subject>
          <Match MatchId=""urn:oasis:names:tc:xacml:1.0:function:string-equal"">
            <AttributeValue DataType=""http://www.w3.org/2001/XMLSchema#string"">Outlook</AttributeValue>
            <SubjectAttributeDesignator AttributeId=""urn:oasis:names:tc:xacml:1.0:subject:subject-id"" DataType=""http://www.w3.org/2001/XMLSchema#string""/>
          </Match>
          <Match MatchId=""urn:oasis:names:tc:xacml:1.0:function:string-equal"">
            <AttributeValue DataType=""http://www.w3.org/2001/XMLSchema#string"">MicrosoftTeams</AttributeValue>
            <SubjectAttributeDesignator AttributeId=""urn:oasis:names:tc:xacml:1.0:subject:subject-id"" DataType=""http://www.w3.org/2001/XMLSchema#string""/>
          </Match>
        </Subject>
      </Subjects>
      <Resources>
        <AnyOf>
          <AllOf>
            <Match MatchId=""urn:oasis:names:tc:xacml:1.0:function:string-equal"">
              <AttributeValue DataType=""http://www.w3.org/2001/XMLSchema#string"">User.ContactBook.Work</AttributeValue>
              <ResourceAttributeDesignator AttributeId=""urn:xacml:data:attribute:resource-type"" DataType=""http://www.w3.org/2001/XMLSchema#string""/>
            </Match>
          </AllOf>
          <AllOf>
            <Match MatchId=""urn:oasis:names:tc:xacml:1.0:function:string-equal"">
              <AttributeValue DataType=""http://www.w3.org/2001/XMLSchema#string"">Device.Calendar.Work</AttributeValue>
              <ResourceAttributeDesignator AttributeId=""urn:xacml:device:attribute:resource-type"" DataType=""http://www.w3.org/2001/XMLSchema#string""/>
            </Match>
          </AllOf>
        </AnyOf>
      </Resources>
    </Target>
    <Condition>
      <Apply FunctionId=""urn:oasis:names:tc:xacml:1.0:function:string-equal"">
        <AttributeValue DataType=""http://www.w3.org/2001/XMLSchema#string"">Work</AttributeValue>
        <AttributeDesignator AttributeId=""urn:xacml:context:attribute:device-profile"" Category=""urn:oasis:names:tc:xacml:3.0:attribute-category:environment"" DataType=""http://www.w3.org/2001/XMLSchema#string""/>
      </Apply>
    </Condition>
  </Rule>

  <Rule RuleId=""urn:xacml:rule:34:DenyLinkedInSync"" Effect=""Deny"">
    <Target>
      <Subjects>
        <Subject>
          <Match MatchId=""urn:oasis:names:tc:xacml:1.0:function:string-equal"">
            <AttributeValue DataType=""http://www.w3.org/2001/XMLSchema#string"">LinkedIn</AttributeValue>
            <SubjectAttributeDesignator AttributeId=""urn:oasis:names:tc:xacml:1.0:subject:subject-id"" DataType=""http://www.w3.org/2001/XMLSchema#string""/>
          </Match>
        </Subject>
      </Subjects>
      <Resources>
        <Resource>
          <Match MatchId=""urn:oasis:names:tc:xacml:1.0:function:string-equal"">
            <AttributeValue DataType=""http://www.w3.org/2001/XMLSchema#string"">User.ContactBook</AttributeValue>
            <ResourceAttributeDesignator AttributeId=""urn:xacml:data:attribute:resource-type"" DataType=""http://www.w3.org/2001/XMLSchema#string""/>
          </Match>
        </Resource>
      </Resources>
      <Actions>
        <Action>
          <Match MatchId=""urn:oasis:names:tc:xacml:1.0:function:string-equal"">
            <AttributeValue DataType=""http://www.w3.org/2001/XMLSchema#string"">synchronize</AttributeValue>
            <ActionAttributeDesignator AttributeId=""urn:xacml:1.0:action:action-id"" DataType=""http://www.w3.org/2001/XMLSchema#string""/>
          </Match>
        </Action>
      </Actions>
    </Target>
  </Rule>

  <Rule RuleId=""urn:xacml:rule:34:DenyBankingHardwareAccess"" Effect=""Deny"">
    <Target>
      <Subjects>
        <Subject>
          <Match MatchId=""urn:oasis:names:tc:xacml:1.0:function:string-equal"">
            <AttributeValue DataType=""http://www.w3.org/2001/XMLSchema#string"">IntesaSanpaolo</AttributeValue>
            <SubjectAttributeDesignator AttributeId=""urn:oasis:names:tc:xacml:1.0:subject:subject-id"" DataType=""http://www.w3.org/2001/XMLSchema#string""/>
          </Match>
          <Match MatchId=""urn:oasis:names:tc:xacml:1.0:function:string-equal"">
            <AttributeValue DataType=""http://www.w3.org/2001/XMLSchema#string"">Fineco</AttributeValue>
            <SubjectAttributeDesignator AttributeId=""urn:oasis:names:tc:xacml:1.0:subject:subject-id"" DataType=""http://www.w3.org/2001/XMLSchema#string""/>
          </Match>
        </Subject>
      </Subjects>
      <Resources>
        <AnyOf>
          <AllOf>
            <Match MatchId=""urn:oasis:names:tc:xacml:1.0:function:string-equal"">
              <AttributeValue DataType=""http://www.w3.org/2001/XMLSchema#string"">Device.Camera</AttributeValue>
              <ResourceAttributeDesignator AttributeId=""urn:xacml:device:attribute:resource-type"" DataType=""http://www.w3.org/2001/XMLSchema#string""/>
            </Match>
          </AllOf>
          <AllOf>
            <Match MatchId=""urn:oasis:names:tc:xacml:1.0:function:string-equal"">
              <AttributeValue DataType=""http://www.w3.org/2001/XMLSchema#string"">Device.Microphone</AttributeValue>
              <ResourceAttributeDesignator AttributeId=""urn:xacml:device:attribute:resource-type"" DataType=""http://www.w3.org/2001/XMLSchema#string""/>
            </Match>
          </AllOf>
          <AllOf>
            <Match MatchId=""urn:oasis:names:tc:xacml:1.0:function:string-equal"">
              <AttributeValue DataType=""http://www.w3.org/2001/XMLSchema#string"">Location.Any</AttributeValue>
              <ResourceAttributeDesignator AttributeId=""urn:xacml:location:attribute:resource-type"" DataType=""http://www.w3.org/2001/XMLSchema#string""/>
            </Match>
          </AllOf>
          <AllOf>
            <Match MatchId=""urn:oasis:names:tc:xacml:1.0:function:string-equal"">
              <AttributeValue DataType=""http://www.w3.org/2001/XMLSchema#string"">Device.Clipboard</AttributeValue>
              <ResourceAttributeDesignator AttributeId=""urn:xacml:device:attribute:resource-type"" DataType=""http://www.w3.org/2001/XMLSchema#string""/>
            </Match>
          </AllOf>
        </AnyOf>
      </Resources>
    </Target>
  </Rule>

  <Rule RuleId=""urn:xacml:rule:34:DenyPublicWiFiAutoConnect"" Effect=""Deny"">
    <Target>
      <Resources>
        <Resource>
          <Match MatchId=""urn:oasis:names:tc:xacml:1.0:function:string-equal"">
            <AttributeValue DataType=""http://www.w3.org/2001/XMLSchema#string"">Network.PublicWiFi</AttributeValue>
            <ResourceAttributeDesignator AttributeId=""urn:xacml:network:attribute:resource-type"" DataType=""http://www.w3.org/2001/XMLSchema#string""/>
          </Match>
        </Resource>
      </Resources>
      <Actions>
        <Action>
          <Match MatchId=""urn:oasis:names:tc:xacml:1.0:function:string-equal"">
            <AttributeValue DataType=""http://www.w3.org/2001/XMLSchema#string"">auto_connect</AttributeValue>
            <ActionAttributeDesignator AttributeId=""urn:xacml:1.0:action:action-id"" DataType=""http://www.w3.org/2001/XMLSchema#string""/>
          </Match>
        </Action>
      </Actions>
    </Target>
  </Rule>

  <Rule RuleId=""urn:xacml:rule:34:DefaultDeny"" Effect=""Deny""/>
</Policy>";
35;General preferences;User Profile: Privacy-conscious parent for a minor;Nella configurazione del tablet di mio figlio, la prioritˆ  la sicurezza e la creazione di un ambiente protetto. Tramite i controlli parentali, ogni nuova installazione di app richiede la mia approvazione. Su YouTube Kids, ho disattivato la funzione di ricerca e ho preselezionato manualmente solo i canali che ritengo appropriati, bloccando ogni possibilitˆ di navigazione libera. Per giochi come Roblox o Minecraft, l'accesso a microfono e fotocamera  permanentemente negato per impedire interazioni con sconosciuti, e ho disabilitato tutte le funzionalitˆ di chat vocale e testuale. L'accesso alla posizione  disattivato per tutte le app di terze parti, ma  attivo a livello di sistema operativo e condiviso solo con il mio account genitore tramite il servizio 'Trova il mio dispositivo'. Ho inoltre bloccato ogni possibilitˆ di effettuare acquisti in-app e ho disattivato l'ID pubblicitario per impedire la profilazione comportamentale.;In configuring my child's tablet, the priority is safety and creating a protected environment. Through parental controls, every new app installation requires my approval. On YouTube Kids, I have disabled the search function and manually pre-selected only the channels I deem appropriate, blocking any possibility of free browsing. For games like Roblox or Minecraft, microphone and camera access is permanently denied to prevent interactions with strangers, and I have disabled all voice and text chat functionalities. Location access is disabled for all third-party apps, but it is active at the operating system level and shared only with my parent account via the 'Find My Device' service. I have also blocked all ability to make in-app purchases and have disabled the advertising ID to prevent behavioral profiling.;GEMINI 2.5;"<Policy PolicyId=""urn:xacml:policy:35:MinorDevicePolicy"" Version=""1.0"" RuleCombiningAlgId=""urn:oasis:names:tc:xacml:1.0:rule-combining-algorithm:deny-overrides"">
  <Description>Politiche di controllo parentale e privacy per dispositivo di un minore.</Description>
  <Target>
    <Subjects>
      <Subject>
        <Match MatchId=""urn:oasis:names:tc:xacml:1.0:function:string-equal"">
          <AttributeValue DataType=""http://www.w3.org/2001/XMLSchema#string"">MinorUser</AttributeValue>
          <SubjectAttributeDesignator AttributeId=""urn:oasis:names:tc:xacml:1.0:subject:subject-id"" DataType=""http://www.w3.org/2001/XMLSchema#string""/>
        </Match>
      </Subject>
    </Subjects>
  </Target>

  <Rule RuleId=""urn:xacml:rule:35:DenyAppInstallWithoutApproval"" Effect=""Deny"">
    <Target>
      <Actions>
        <Action>
          <Match MatchId=""urn:oasis:names:tc:xacml:1.0:function:string-equal"">
            <AttributeValue DataType=""http://www.w3.org/2001/XMLSchema#string"">install</AttributeValue>
            <ActionAttributeDesignator AttributeId=""urn:xacml:1.0:action:action-id"" DataType=""http://www.w3.org/2001/XMLSchema#string""/>
          </Match>
        </Action>
      </Actions>
    </Target>
    <Condition>
      <Apply FunctionId=""urn:oasis:names:tc:xacml:1.0:function:boolean-equal"">
        <AttributeValue DataType=""http://www.w3.org/2001/XMLSchema#boolean"">false</AttributeValue>
        <AttributeDesignator AttributeId=""urn:xacml:context:attribute:parental-control:is-approved"" Category=""urn:oasis:names:tc:xacml:3.0:attribute-category:environment"" DataType=""http://www.w3.org/2001/XMLSchema#boolean""/>
      </Apply>
    </Condition>
  </Rule>

  <Rule RuleId=""urn:xacml:rule:35:DenyGameInteraction"" Effect=""Deny"">
    <Target>
      <Subjects>
        <Subject>
          <Match MatchId=""urn:oasis:names:tc:xacml:1.0:function:string-equal"">
            <AttributeValue DataType=""http://www.w3.org/2001/XMLSchema#string"">Roblox</AttributeValue>
            <SubjectAttributeDesignator AttributeId=""urn:oasis:names:tc:xacml:1.0:subject:subject-id"" DataType=""http://www.w3.org/2001/XMLSchema#string""/>
          </Match>
          <Match MatchId=""urn:oasis:names:tc:xacml:1.0:function:string-equal"">
            <AttributeValue DataType=""http://www.w3.org/2001/XMLSchema#string"">Minecraft</AttributeValue>
            <SubjectAttributeDesignator AttributeId=""urn:oasis:names:tc:xacml:1.0:subject:subject-id"" DataType=""http://www.w3.org/2001/XMLSchema#string""/>
          </Match>
        </Subject>
      </Subjects>
      <Resources>
        <AnyOf>
          <AllOf>
            <Match MatchId=""urn:oasis:names:tc:xacml:1.0:function:string-equal"">
              <AttributeValue DataType=""http://www.w3.org/2001/XMLSchema#string"">Device.Camera</AttributeValue>
              <ResourceAttributeDesignator AttributeId=""urn:xacml:device:attribute:resource-type"" DataType=""http://www.w3.org/2001/XMLSchema#string""/>
            </Match>
          </AllOf>
          <AllOf>
            <Match MatchId=""urn:oasis:names:tc:xacml:1.0:function:string-equal"">
              <AttributeValue DataType=""http://www.w3.org/2001/XMLSchema#string"">Device.Microphone</AttributeValue>
              <ResourceAttributeDesignator AttributeId=""urn:xacml:device:attribute:resource-type"" DataType=""http://www.w3.org/2001/XMLSchema#string""/>
            </Match>
          </AllOf>
          <AllOf>
            <Match MatchId=""urn:oasis:names:tc:xacml:1.0:function:string-equal"">
              <AttributeValue DataType=""http://www.w3.org/2001/XMLSchema#string"">Game.Chat.Voice/Text</AttributeValue>
              <ResourceAttributeDesignator AttributeId=""urn:xacml:communication:attribute:resource-type"" DataType=""http://www.w3.org/2001/XMLSchema#string""/>
            </Match>
          </AllOf>
        </AnyOf>
      </Resources>
    </Target>
  </Rule>

  <Rule RuleId=""urn:xacml:rule:35:Deny3rdPartyLocation"" Effect=""Deny"">
    <Target>
      <Resources>
        <Resource>
          <Match MatchId=""urn:oasis:names:tc:xacml:1.0:function:string-equal"">
            <AttributeValue DataType=""http://www.w3.org/2001/XMLSchema#string"">Location.Any</AttributeValue>
            <ResourceAttributeDesignator AttributeId=""urn:xacml:location:attribute:resource-type"" DataType=""http://www.w3.org/2001/XMLSchema#string""/>
          </Match>
        </Resource>
      </Resources>
    </Target>
    <Condition>
      <Apply FunctionId=""urn:oasis:names:tc:xacml:1.0:function:string-equal"">
        <AttributeValue DataType=""http://www.w3.org/2001/XMLSchema#string"">ThirdPartyApp</AttributeValue>
        <AttributeDesignator AttributeId=""urn:xacml:context:attribute:app-type"" Category=""urn:oasis:names:tc:xacml:3.0:attribute-category:environment"" DataType=""http://www.w3.org/2001/XMLSchema#string""/>
      </Apply>
    </Condition>
  </Rule>

  <Rule RuleId=""urn:xacml:rule:35:DenyInAppPurchases"" Effect=""Deny"">
    <Target>
      <Actions>
        <Action>
          <Match MatchId=""urn:oasis:names:tc:xacml:1.0:function:string-equal"">
            <AttributeValue DataType=""http://www.w3.org/2001/XMLSchema#string"">in_app_purchase</AttributeValue>
            <ActionAttributeDesignator AttributeId=""urn:xacml:1.0:action:action-id"" DataType=""http://www.w3.org/2001/XMLSchema#string""/>
          </Match>
        </Action>
      </Actions>
    </Target>
  </Rule>

  <Rule RuleId=""urn:xacml:rule:35:DenyAdIDUsage"" Effect=""Deny"">
    <Target>
      <Resources>
        <Resource>
          <Match MatchId=""urn:oasis:names:tc:xacml:1.0:function:string-equal"">
            <AttributeValue DataType=""http://www.w3.org/2001/XMLSchema#string"">Device.AdvertisingID</AttributeValue>
            <ResourceAttributeDesignator AttributeId=""urn:xacml:device:attribute:resource-type"" DataType=""http://www.w3.org/2001/XMLSchema#string""/>
          </Match>
        </Resource>
      </Resources>
      <Actions>
        <Action>
          <Match MatchId=""urn:oasis:names:tc:xacml:1.0:function:string-equal"">
            <AttributeValue DataType=""http://www.w3.org/2001/XMLSchema#string"">use</AttributeValue>
            <ActionAttributeDesignator AttributeId=""urn:xacml:1.0:action:action-id"" DataType=""http://www.w3.org/2001/XMLSchema#string""/>
          </Match>
        </Action>
      </Actions>
    </Target>
    <Condition>
      <Apply FunctionId=""urn:oasis:names:tc:xacml:1.0:function:string-equal"">
        <AttributeValue DataType=""http://www.w3.org/2001/XMLSchema#string"">behavioral_profiling</AttributeValue>
        <AttributeDesignator AttributeId=""urn:xacml:context:attribute:purpose"" Category=""urn:oasis:names:tc:xacml:3.0:attribute-category:environment"" DataType=""http://www.w3.org/2001/XMLSchema#string""/>
      </Apply>
    </Condition>
  </Rule>

  <Rule RuleId=""urn:xacml:rule:35:DefaultDeny"" Effect=""Deny""/>
</Policy>";
36;General preferences;User Profile: Socially active but security-conscious;"Uso i social network in modo attivo, ma controllo meticolosamente la mia impronta digitale. SuÊInstagramÊeÊTikTok, l'accesso alla fotocamera e al microfono  concesso 'solo mentre l'app  in uso', ma l'accesso alla galleria  impostato su 'Seleziona foto', costringendomi a scegliere manualmente ogni singolo contenuto da caricare. Non geotaggo mai i miei post in tempo reale; se desidero indicare un luogo, lo aggiungo manualmente in un secondo momento. SuÊWhatsApp, eseguo backup crittografati end-to-end e la condivisione della posizione  limitata alla singola coordinata statica, mai quella in tempo reale. Per app di shopping comeÊAmazonÊoÊZalando, rifiuto il tracciamento cross-site e pulisco regolarmente i cookie e i dati di navigazione dal browser interno all'app, per evitare che i miei interessi di acquisto vengano usati per costruire un profilo dettagliato su di me altrove sul web.";"I use social networks actively, but I meticulously control my digital footprint. On Instagram and TikTok, camera and microphone access is granted 'only while the app is in use', but gallery access is set to 'Select Photos', forcing me to manually choose every single piece of content to upload. I never geotag my posts in real-time; if I want to indicate a location, I add it manually later. On WhatsApp, I perform end-to-end encrypted backups, and location sharing is limited to a single static coordinate, never real-time. For shopping apps like Amazon or Zalando, I refuse cross-site tracking and regularly clear cookies and browsing data from the in-app browser, to prevent my shopping interests from being used to build a detailed profile of me elsewhere on the web.";GEMINI 2.5;"<Policy PolicyId=""urn:xacml:policy:36:SocialSecurityConscious"" Version=""1.0"" RuleCombiningAlgId=""urn:oasis:names:tc:xacml:1.0:rule-combining-algorithm:deny-overrides"">
  <Description>Politiche per l'utente social ma attento alla sicurezza.</Description>
  <Target/>

  <Rule RuleId=""urn:xacml:rule:36:PermitCameraMicInUse"" Effect=""Permit"">
    <Target>
      <Subjects>
        <Subject>
          <Match MatchId=""urn:oasis:names:tc:xacml:1.0:function:string-equal"">
            <AttributeValue DataType=""http://www.w3.org/2001/XMLSchema#string"">Instagram</AttributeValue>
            <SubjectAttributeDesignator AttributeId=""urn:oasis:names:tc:xacml:1.0:subject:subject-id"" DataType=""http://www.w3.org/2001/XMLSchema#string""/>
          </Match>
          <Match MatchId=""urn:oasis:names:tc:xacml:1.0:function:string-equal"">
            <AttributeValue DataType=""http://www.w3.org/2001/XMLSchema#string"">TikTok</AttributeValue>
            <SubjectAttributeDesignator AttributeId=""urn:oasis:names:tc:xacml:1.0:subject:subject-id"" DataType=""http://www.w3.org/2001/XMLSchema#string""/>
          </Match>
        </Subject>
      </Subjects>
      <Resources>
        <AnyOf>
          <AllOf>
            <Match MatchId=""urn:oasis:names:tc:xacml:1.0:function:string-equal"">
              <AttributeValue DataType=""http://www.w3.org/2001/XMLSchema#string"">Device.Camera</AttributeValue>
              <ResourceAttributeDesignator AttributeId=""urn:xacml:device:attribute:resource-type"" DataType=""http://www.w3.org/2001/XMLSchema#string""/>
            </Match>
          </AllOf>
          <AllOf>
            <Match MatchId=""urn:oasis:names:tc:xacml:1.0:function:string-equal"">
              <AttributeValue DataType=""http://www.w3.org/2001/XMLSchema#string"">Device.Microphone</AttributeValue>
              <ResourceAttributeDesignator AttributeId=""urn:xacml:device:attribute:resource-type"" DataType=""http://www.w3.org/2001/XMLSchema#string""/>
            </Match>
          </AllOf>
        </AnyOf>
      </Resources>
    </Target>
    <Condition>
      <Apply FunctionId=""urn:oasis:names:tc:xacml:1.0:function:string-equal"">
        <AttributeValue DataType=""http://www.w3.org/2001/XMLSchema#string"">foreground</AttributeValue>
        <AttributeDesignator AttributeId=""urn:xacml:context:attribute:app-status"" Category=""urn:oasis:names:tc:xacml:3.0:attribute-category:environment"" DataType=""http://www.w3.org/2001/XMLSchema#string""/>
      </Apply>
    </Condition>
  </Rule>

  <Rule RuleId=""urn:xacml:rule:36:DenyFullGalleryAccess"" Effect=""Deny"">
    <Target>
      <Resources>
        <Resource>
          <Match MatchId=""urn:oasis:names:tc:xacml:1.0:function:string-equal"">
            <AttributeValue DataType=""http://www.w3.org/2001/XMLSchema#string"">User.Gallery</AttributeValue>
            <ResourceAttributeDesignator AttributeId=""urn:xacml:data:attribute:resource-type"" DataType=""http://www.w3.org/2001/XMLSchema#string""/>
          </Match>
        </Resource>
      </Resources>
    </Target>
    <Condition>
      <Apply FunctionId=""urn:oasis:names:tc:xacml:1.0:function:string-equal"">
        <AttributeValue DataType=""http://www.w3.org/2001/XMLSchema#string"">full_library</AttributeValue>
        <AttributeDesignator AttributeId=""urn:xacml:context:attribute:access-scope"" Category=""urn:oasis:names:tc:xacml:3.0:attribute-category:environment"" DataType=""http://www.w3.org/2001/XMLSchema#string""/>
      </Apply>
    </Condition>
  </Rule>

  <Rule RuleId=""urn:xacml:rule:36:DenyRealTimeLocation"" Effect=""Deny"">
    <Target>
      <Resources>
        <Resource>
          <Match MatchId=""urn:oasis:names:tc:xacml:1.0:function:string-equal"">
            <AttributeValue DataType=""http://www.w3.org/2001/XMLSchema#string"">Location.RealTime</AttributeValue>
            <ResourceAttributeDesignator AttributeId=""urn:xacml:location:attribute:resource-type"" DataType=""http://www.w3.org/2001/XMLSchema#string""/>
          </Match>
        </Resource>
      </Resources>
      <Actions>
        <Action>
          <Match MatchId=""urn:oasis:names:tc:xacml:1.0:function:string-equal"">
            <AttributeValue DataType=""http://www.w3.org/2001/XMLSchema#string"">share</AttributeValue>
            <ActionAttributeDesignator AttributeId=""urn:xacml:1.0:action:action-id"" DataType=""http://www.w3.org/2001/XMLSchema#string""/>
          </Match>
        </Action>
      </Actions>
    </Target>
  </Rule>

  <Rule RuleId=""urn:xacml:rule:36:DenyCrossSiteTracking"" Effect=""Deny"">
    <Target>
      <Subjects>
        <Subject>
          <Match MatchId=""urn:oasis:names:tc:xacml:1.0:function:string-equal"">
            <AttributeValue DataType=""http://www.w3.org/2001/XMLSchema#string"">Amazon</AttributeValue>
            <SubjectAttributeDesignator AttributeId=""urn:oasis:names:tc:xacml:1.0:subject:subject-id"" DataType=""http://www.w3.org/2001/XMLSchema#string""/>
          </Match>
          <Match MatchId=""urn:oasis:names:tc:xacml:1.0:function:string-equal"">
            <AttributeValue DataType=""http://www.w3.org/2001/XMLSchema#string"">Zalando</AttributeValue>
            <SubjectAttributeDesignator AttributeId=""urn:oasis:names:tc:xacml:1.0:subject:subject-id"" DataType=""http://www.w3.org/2001/XMLSchema#string""/>
          </Match>
        </Subject>
      </Subjects>
      <Resources>
        <Resource>
          <Match MatchId=""urn:oasis:names:tc:xacml:1.0:function:string-equal"">
            <AttributeValue DataType=""http://www.w3.org/2001/XMLSchema#string"">ActivityData.External</AttributeValue>
            <ResourceAttributeDesignator AttributeId=""urn:xacml:tracking:attribute:resource-type"" DataType=""http://www.w3.org/2001/XMLSchema#string""/>
          </Match>
        </Resource>
      </Resources>
      <Actions>
        <Action>
          <Match MatchId=""urn:oasis:names:tc:xacml:1.0:function:string-equal"">
            <AttributeValue DataType=""http://www.w3.org/2001/XMLSchema#string"">track</AttributeValue>
            <ActionAttributeDesignator AttributeId=""urn:xacml:1.0:action:action-id"" DataType=""http://www.w3.org/2001/XMLSchema#string""/>
          </Match>
        </Action>
      </Actions>
    </Target>
  </Rule>

  <Rule RuleId=""urn:xacml:rule:36:DefaultDeny"" Effect=""Deny""/>
</Policy>";
37;General preferences;User Profile: Essential permissions;Il mio approccio  di 'minimo privilegio': ogni app riceve solo le autorizzazioni strettamente indispensabili per la sua funzione primaria, e solo quando serve a me. PerÊGoogle Maps, l'accesso alla posizione precisa  attivo 'solo mentre l'app  in uso' per la navigazione, ma lo disattivo subito dopo e ho cancellato l'intera cronologia delle posizioni dal mio account Google. Un'app per il meteo, ad esempio, ottiene solo la mia posizione approssimativa. Rifiuto di usare il login tramite social network (es. 'Accedi con Facebook/Google') per registrarmi a nuovi servizi, preferendo creare un account separato con un indirizzo email alias per compartimentare i dati. Ho disinstallato tutte le app che non sono strettamente funzionali e per quelle restanti, come la mia app bancaria oÊSpotify, ho negato ogni permesso non essenziale (contatti, microfono, sensori di movimento). Lo streaming musicale su Spotify avviene solo con download offline per limitare la telemetria inviata durante l'ascolto.;My approach is 'minimum privilege': every app receives only the permissions strictly essential for its primary function, and only when I need it. For Google Maps, precise location access is active 'only while the app is in use' for navigation, but I disable it immediately after and have deleted the entire location history from my Google account. A weather app, for example, only gets my approximate location. I refuse to use social logins (e.g., 'Log in with Facebook/Google') to register for new services, preferring to create a separate account with an email alias to compartmentalize data. I have uninstalled all apps that are not strictly functional, and for the remaining ones, like my banking app or Spotify, I have denied every non-essential permission (contacts, microphone, motion sensors). Music streaming on Spotify is done only with offline downloads to limit the telemetry sent during listening.;GEMINI 2.5;"<Policy PolicyId=""urn:xacml:policy:37:MinimumPrivilegePolicy"" Version=""1.0"" RuleCombiningAlgId=""urn:oasis:names:tc:xacml:1.0:rule-combining-algorithm:deny-overrides"">
  <Description>Politica di minimo privilegio: autorizzazioni strettamente indispensabili.</Description>
  <Target/>

  <Rule RuleId=""urn:xacml:rule:37:PermitMapsLocationInUse"" Effect=""Permit"">
    <Target>
      <Subjects>
        <Subject>
          <Match MatchId=""urn:oasis:names:tc:xacml:1.0:function:string-equal"">
            <AttributeValue DataType=""http://www.w3.org/2001/XMLSchema#string"">GoogleMaps</AttributeValue>
            <SubjectAttributeDesignator AttributeId=""urn:oasis:names:tc:xacml:1.0:subject:subject-id"" DataType=""http://www.w3.org/2001/XMLSchema#string""/>
          </Match>
        </Subject>
      </Subjects>
      <Resources>
        <Resource>
          <Match MatchId=""urn:oasis:names:tc:xacml:1.0:function:string-equal"">
            <AttributeValue DataType=""http://www.w3.org/2001/XMLSchema#string"">Location.Precise</AttributeValue>
            <ResourceAttributeDesignator AttributeId=""urn:xacml:location:attribute:resource-type"" DataType=""http://www.w3.org/2001/XMLSchema#string""/>
          </Match>
        </Resource>
      </Resources>
    </Target>
    <Condition>
      <Apply FunctionId=""urn:oasis:names:tc:xacml:1.0:function:string-equal"">
        <AttributeValue DataType=""http://www.w3.org/2001/XMLSchema#string"">foreground</AttributeValue>
        <AttributeDesignator AttributeId=""urn:xacml:context:attribute:app-status"" Category=""urn:oasis:names:tc:xacml:3.0:attribute-category:environment"" DataType=""http://www.w3.org/2001/XMLSchema#string""/>
      </Apply>
    </Condition>
    <ObligationExpressions>
      <ObligationExpression ObligationId=""urn:xacml:obligation:data-deletion:location-history"" FulfillOn=""Permit"">
        <AttributeAssignmentExpression AttributeId=""urn:xacml:attribute:data-to-delete"">
          <AttributeValue DataType=""http://www.w3.org/2001/XMLSchema#string"">GoogleAccount.LocationHistory</AttributeValue>
        </AttributeAssignmentExpression>
      </ObligationExpression>
    </ObligationExpressions>
  </Rule>

  <Rule RuleId=""urn:xacml:rule:37:PermitWeatherApproximateLocation"" Effect=""Permit"">
    <Target>
      <Subjects>
        <Subject>
          <Match MatchId=""urn:oasis:names:tc:xacml:1.0:function:string-equal"">
            <AttributeValue DataType=""http://www.w3.org/2001/XMLSchema#string"">WeatherApp</AttributeValue>
            <SubjectAttributeDesignator AttributeId=""urn:oasis:names:tc:xacml:1.0:subject:subject-id"" DataType=""http://www.w3.org/2001/XMLSchema#string""/>
          </Match>
        </Subject>
      </Subjects>
      <Resources>
        <Resource>
          <Match MatchId=""urn:oasis:names:tc:xacml:1.0:function:string-equal"">
            <AttributeValue DataType=""http://www.w3.org/2001/XMLSchema#string"">Location.Approximate</AttributeValue>
            <ResourceAttributeDesignator AttributeId=""urn:xacml:location:attribute:resource-type"" DataType=""http://www.w3.org/2001/XMLSchema#string""/>
          </Match>
        </Resource>
      </Resources>
    </Target>
  </Rule>

  <Rule RuleId=""urn:xacml:rule:37:DenySocialLogin"" Effect=""Deny"">
    <Target>
      <Actions>
        <Action>
          <Match MatchId=""urn:oasis:names:tc:xacml:1.0:function:string-equal"">
            <AttributeValue DataType=""http://www.w3.org/2001/XMLSchema#string"">authenticate</AttributeValue>
            <ActionAttributeDesignator AttributeId=""urn:xacml:1.0:action:action-id"" DataType=""http://www.w3.org/2001/XMLSchema#string""/>
          </Match>
        </Action>
      </Actions>
    </Target>
    <Condition>
      <Apply FunctionId=""urn:oasis:names:tc:xacml:1.0:function:string-equal"">
        <AttributeValue DataType=""http://www.w3.org/2001/XMLSchema#string"">SocialNetworkProvider</AttributeValue>
        <AttributeDesignator AttributeId=""urn:xacml:context:attribute:auth-method"" Category=""urn:oasis:names:tc:xacml:3.0:attribute-category:environment"" DataType=""http://www.w3.org/2001/XMLSchema#string""/>
      </Apply>
    </Condition>
  </Rule>

  <Rule RuleId=""urn:xacml:rule:37:DenyNonEssentialPermissions"" Effect=""Deny"">
    <Target>
      <Subjects>
        <Subject>
          <Match MatchId=""urn:oasis:names:tc:xacml:1.0:function:string-equal"">
            <AttributeValue DataType=""http://www.w3.org/2001/XMLSchema#string"">BankingApp</AttributeValue>
            <SubjectAttributeDesignator AttributeId=""urn:oasis:names:tc:xacml:1.0:subject:subject-id"" DataType=""http://www.w3.org/2001/XMLSchema#string""/>
          </Match>
          <Match MatchId=""urn:oasis:names:tc:xacml:1.0:function:string-equal"">
            <AttributeValue DataType=""http://www.w3.org/2001/XMLSchema#string"">Spotify</AttributeValue>
            <SubjectAttributeDesignator AttributeId=""urn:oasis:names:tc:xacml:1.0:subject:subject-id"" DataType=""http://www.w3.org/2001/XMLSchema#string""/>
          </Match>
        </Subject>
      </Subjects>
      <Resources>
        <AnyOf>
          <AllOf>
            <Match MatchId=""urn:oasis:names:tc:xacml:1.0:function:string-equal"">
              <AttributeValue DataType=""http://www.w3.org/2001/XMLSchema#string"">User.ContactBook</AttributeValue>
              <ResourceAttributeDesignator AttributeId=""urn:xacml:data:attribute:resource-type"" DataType=""http://www.w3.org/2001/XMLSchema#string""/>
            </Match>
          </AllOf>
          <AllOf>
            <Match MatchId=""urn:oasis:names:tc:xacml:1.0:function:string-equal"">
              <AttributeValue DataType=""http://www.w3.org/2001/XMLSchema#string"">Device.Microphone</AttributeValue>
              <ResourceAttributeDesignator AttributeId=""urn:xacml:device:attribute:resource-type"" DataType=""http://www.w3.org/2001/XMLSchema#string""/>
            </Match>
          </AllOf>
          <AllOf>
            <Match MatchId=""urn:oasis:names:tc:xacml:1.0:function:string-equal"">
              <AttributeValue DataType=""http://www.w3.org/2001/XMLSchema#string"">Device.MotionSensors</AttributeValue>
              <ResourceAttributeDesignator AttributeId=""urn:xacml:device:attribute:resource-type"" DataType=""http://www.w3.org/2001/XMLSchema#string""/>
            </Match>
          </AllOf>
        </AnyOf>
      </Resources>
    </Target>
  </Rule>

  <Rule RuleId=""urn:xacml:rule:37:DenySpotifyTelemetry"" Effect=""Deny"">
    <Target>
      <Subjects>
        <Subject>
          <Match MatchId=""urn:oasis:names:tc:xacml:1.0:function:string-equal"">
            <AttributeValue DataType=""http://www.w3.org/2001/XMLSchema#string"">Spotify</AttributeValue>
            <SubjectAttributeDesignator AttributeId=""urn:oasis:names:tc:xacml:1.0:subject:subject-id"" DataType=""http://www.w3.org/2001/XMLSchema#string""/>
          </Match>
        </Subject>
      </Subjects>
      <Actions>
        <Action>
          <Match MatchId=""urn:oasis:names:tc:xacml:1.0:function:string-equal"">
            <AttributeValue DataType=""http://www.w3.org/2001/XMLSchema#string"">transmit_telemetry</AttributeValue>
            <ActionAttributeDesignator AttributeId=""urn:xacml:1.0:action:action-id"" DataType=""http://www.w3.org/2001/XMLSchema#string""/>
          </Match>
        </Action>
      </Actions>
    </Target>
  </Rule>

  <Rule RuleId=""urn:xacml:rule:37:DefaultDeny"" Effect=""Deny""/>
</Policy>";
38;Messaging;Limited access / Only in use;"Per le app di messaggistica comeÊWhatsApp,ÊTelegramÊeÊMessenger, sono consapevole che alcune autorizzazioni sono indispensabili. Concedo l'accesso ai mieiÊContattiÊperchŽ  il modo in cui queste piattaforme funzionano, ma periodicamente verifico la mia rubrica per assicurarmi che non ci siano contatti superflui. Per quanto riguardaÊFotocameraÊeÊMicrofono, l'accesso  concesso ma rigorosamente limitato a solo mentre l'app  in uso. Questo mi permette di fare videochiamate o inviare un messaggio vocale, ma mi dˆ la certezza che nessuna di queste app possa ascoltare o vedere quando non sto interagendo attivamente con esse. La vera differenza la faccio con l'accesso ai file multimediali: invece di concedere l'accesso all'intera galleria fotografica, imposto l'autorizzazione su Seleziona Foto. In questo modo, quando voglio inviare un'immagine, sono io a scegliere attivamente quali file rendere visibili all'app, proteggendo di fatto migliaia di altre foto private da una potenziale scansione. Per la geolocalizzazione, non condivido mai la mia posizione in tempo reale se non per brevissimi periodi e in casi di reale necessitˆ; preferisco inviare una posizione statica. Con Messenger, sono particolarmente attento a negare ogni richiesta di tracciamento dell'attivitˆ su altre app, per limitare la profilazione da parte dell'ecosistema Meta.";"For messaging apps like WhatsApp, Telegram, and Messenger, I am aware that some permissions are essential. I grant access to my Contacts because that's how these platforms work, but I periodically check my address book to ensure there are no superfluous contacts. Regarding Camera and Microphone, access is granted but strictly limited to only while the app is in use. This allows me to make video calls or send a voice message, but it gives me certainty that none of these apps can listen or see when I am not actively interacting with them. The real difference I make is with media file access: instead of granting access to the entire photo gallery, I set the permission to Select Photos. This way, when I want to send an image, I am the one actively choosing which files to make visible to the app, effectively protecting thousands of other private photos from potential scanning. For geolocation, I never share my real-time location except for very short periods and in cases of real need; I prefer to send a static location. With Messenger, I am particularly careful to deny any request to track activity on other apps, to limit profiling by the Meta ecosystem.";GEMINI 2.5;"<Policy PolicyId=""urn:xacml:policy:38:MessagingLimitedAccess"" Version=""1.0"" RuleCombiningAlgId=""urn:oasis:names:tc:xacml:1.0:rule-combining-algorithm:deny-overrides"">
  <Description>Politiche di accesso ristretto e limitato all'uso attivo per app di messaggistica.</Description>
  <Target>
    <Subjects>
      <Subject>
        <Match MatchId=""urn:oasis:names:tc:xacml:1.0:function:string-equal"">
          <AttributeValue DataType=""http://www.w3.org/2001/XMLSchema#string"">WhatsApp</AttributeValue>
          <SubjectAttributeDesignator AttributeId=""urn:oasis:names:tc:xacml:1.0:subject:subject-id"" DataType=""http://www.w3.org/2001/XMLSchema#string""/>
        </Match>
        <Match MatchId=""urn:oasis:names:tc:xacml:1.0:function:string-equal"">
          <AttributeValue DataType=""http://www.w3.org/2001/XMLSchema#string"">Telegram</AttributeValue>
          <SubjectAttributeDesignator AttributeId=""urn:oasis:names:tc:xacml:1.0:subject:subject-id"" DataType=""http://www.w3.org/2001/XMLSchema#string""/>
        </Match>
        <Match MatchId=""urn:oasis:names:tc:xacml:1.0:function:string-equal"">
          <AttributeValue DataType=""http://www.w3.org/2001/XMLSchema#string"">Messenger</AttributeValue>
          <SubjectAttributeDesignator AttributeId=""urn:oasis:names:tc:xacml:1.0:subject:subject-id"" DataType=""http://www.w3.org/2001/XMLSchema#string""/>
        </Match>
      </Subjects>
    </Target>

  <Rule RuleId=""urn:xacml:rule:38:PermitContactsWithObligation"" Effect=""Permit"">
    <Target>
      <Resources>
        <Resource>
          <Match MatchId=""urn:oasis:names:tc:xacml:1.0:function:string-equal"">
            <AttributeValue DataType=""http://www.w3.org/2001/XMLSchema#string"">User.ContactBook</AttributeValue>
            <ResourceAttributeDesignator AttributeId=""urn:xacml:data:attribute:resource-type"" DataType=""http://www.w3.org/2001/XMLSchema#string""/>
          </Match>
        </Resource>
      </Resources>
    </Target>
    <ObligationExpressions>
      <ObligationExpression ObligationId=""urn:xacml:obligation:permission-review:periodic"" FulfillOn=""Permit"">
        <AttributeAssignmentExpression AttributeId=""urn:xacml:attribute:review-period"">
          <AttributeValue DataType=""http://www.w3.org/2001/XMLSchema#string"">Periodically</AttributeValue>
        </AttributeAssignmentExpression>
      </ObligationExpression>
    </ObligationExpressions>
  </Rule>

  <Rule RuleId=""urn:xacml:rule:38:PermitCameraMicInUse"" Effect=""Permit"">
    <Target>
      <Resources>
        <AnyOf>
          <AllOf>
            <Match MatchId=""urn:oasis:names:tc:xacml:1.0:function:string-equal"">
              <AttributeValue DataType=""http://www.w3.org/2001/XMLSchema#string"">Device.Camera</AttributeValue>
              <ResourceAttributeDesignator AttributeId=""urn:xacml:device:attribute:resource-type"" DataType=""http://www.w3.org/2001/XMLSchema#string""/>
            </Match>
          </AllOf>
          <AllOf>
            <Match MatchId=""urn:oasis:names:tc:xacml:1.0:function:string-equal"">
              <AttributeValue DataType=""http://www.w3.org/2001/XMLSchema#string"">Device.Microphone</AttributeValue>
              <ResourceAttributeDesignator AttributeId=""urn:xacml:device:attribute:resource-type"" DataType=""http://www.w3.org/2001/XMLSchema#string""/>
            </Match>
          </AllOf>
        </AnyOf>
      </Resources>
    </Target>
    <Condition>
      <Apply FunctionId=""urn:oasis:names:tc:xacml:1.0:function:string-equal"">
        <AttributeValue DataType=""http://www.w3.org/2001/XMLSchema#string"">foreground</AttributeValue>
        <AttributeDesignator AttributeId=""urn:xacml:context:attribute:app-status"" Category=""urn:oasis:names:tc:xacml:3.0:attribute-category:environment"" DataType=""http://www.w3.org/2001/XMLSchema#string""/>
      </Apply>
    </Condition>
  </Rule>

  <Rule RuleId=""urn:xacml:rule:38:DenyFullGalleryAccess"" Effect=""Deny"">
    <Target>
      <Resources>
        <Resource>
          <Match MatchId=""urn:oasis:names:tc:xacml:1.0:function:string-equal"">
            <AttributeValue DataType=""http://www.w3.org/2001/XMLSchema#string"">User.Gallery</AttributeValue>
            <ResourceAttributeDesignator AttributeId=""urn:xacml:data:attribute:resource-type"" DataType=""http://www.w3.org/2001/XMLSchema#string""/>
          </Match>
        </Resource>
      </Resources>
    </Target>
    <Condition>
      <Apply FunctionId=""urn:oasis:names:tc:xacml:1.0:function:string-equal"">
        <AttributeValue DataType=""http://www.w3.org/2001/XMLSchema#string"">full_library</AttributeValue>
        <AttributeDesignator AttributeId=""urn:xacml:context:attribute:access-scope"" Category=""urn:oasis:names:tc:xacml:3.0:attribute-category:environment"" DataType=""http://www.w3.org/2001/XMLSchema#string""/>
      </Apply>
    </Condition>
  </Rule>

  <Rule RuleId=""urn:xacml:rule:38:DenyRealTimeLocation"" Effect=""Deny"">
    <Target>
      <Resources>
        <Resource>
          <Match MatchId=""urn:oasis:names:tc:xacml:1.0:function:string-equal"">
            <AttributeValue DataType=""http://www.w3.org/2001/XMLSchema#string"">Location.RealTime</AttributeValue>
            <ResourceAttributeDesignator AttributeId=""urn:xacml:location:attribute:resource-type"" DataType=""http://www.w3.org/2001/XMLSchema#string""/>
          </Match>
        </Resource>
      </Resources>
      <Actions>
        <Action>
          <Match MatchId=""urn:oasis:names:tc:xacml:1.0:function:string-equal"">
            <AttributeValue DataType=""http://www.w3.org/2001/XMLSchema#string"">share</AttributeValue>
            <ActionAttributeDesignator AttributeId=""urn:xacml:1.0:action:action-id"" DataType=""http://www.w3.org/2001/XMLSchema#string""/>
          </Match>
        </Action>
      </Actions>
    </Target>
  </Rule>

  <Rule RuleId=""urn:xacml:rule:38:DenyMessengerCrossAppTracking"" Effect=""Deny"">
    <Target>
      <Subjects>
        <Subject>
          <Match MatchId=""urn:oasis:names:tc:xacml:1.0:function:string-equal"">
            <AttributeValue DataType=""http://www.w3.org/2001/XMLSchema#string"">Messenger</AttributeValue>
            <SubjectAttributeDesignator AttributeId=""urn:oasis:names:tc:xacml:1.0:subject:subject-id"" DataType=""http://www.w3.org/2001/XMLSchema#string""/>
          </Match>
        </Subject>
      </Subjects>
      <Resources>
        <Resource>
          <Match MatchId=""urn:oasis:names:tc:xacml:1.0:function:string-equal"">
            <AttributeValue DataType=""http://www.w3.org/2001/XMLSchema#string"">ActivityData.External</AttributeValue>
            <ResourceAttributeDesignator AttributeId=""urn:xacml:tracking:attribute:resource-type"" DataType=""http://www.w3.org/2001/XMLSchema#string""/>
          </Match>
        </Resource>
      </Resources>
    </Target>
  </Rule>

  <Rule RuleId=""urn:xacml:rule:38:DefaultDeny"" Effect=""Deny""/>
</Policy>";
39;Online shopping;No access;"Quando si tratta di app di shopping comeÊAmazon, e in particolareÊTemu,ÊAliExpressÊeÊShein, la mia politica  estremamente restrittiva. Queste app non hanno alcun motivo valido per accedere alla mia posizione, ai miei contatti, al microfono o alla fotocamera, quindi tali permessi sono permanentemente negati. La loro funzione  vendere prodotti che io cerco manualmente; non hanno bisogno di sapere dove mi trovo o chi sono i miei amici. Sono consapevole che il loro modello di business si basa sulla profilazione, quindi disattivo sistematicamente il tracciamento pubblicitario e, dopo ogni sessione di ricerca, svuoto la cache dell'app per ridurre i dati raccolti sulle mie abitudini. Considero queste app come vetrine a senso unico: io guardo i loro prodotti, ma loro non devono poter guardare me.";"When it comes to shopping apps like Amazon, and especially Temu, AliExpress, and Shein, my policy is extremely restrictive. These apps have no valid reason to access my location, my contacts, my microphone, or my camera, so these permissions are permanently denied. Their function is to sell products that I search for manually; they don't need to know where I am or who my friends are. I am aware their business model is based on profiling, so I systematically disable advertising tracking and, after each search session, I clear the app's cache to reduce the data collected on my habits. I consider these apps as one-way windows: I look at their products, but they must not be able to look at me.";GEMINI 2.5;"<Policy PolicyId=""urn:xacml:policy:39:ShoppingZeroAccess"" Version=""1.0"" RuleCombiningAlgId=""urn:oasis:names:tc:xacml:1.0:rule-combining-algorithm:deny-overrides"">
  <Description>Politica di accesso permanentemente negato per le app di shopping (Amazon, Temu, ecc.).</Description>
  <Target>
    <Subjects>
      <Subject>
        <Match MatchId=""urn:oasis:names:tc:xacml:1.0:function:string-equal"">
          <AttributeValue DataType=""http://www.w3.org/2001/XMLSchema#string"">Amazon</AttributeValue>
          <SubjectAttributeDesignator AttributeId=""urn:oasis:names:tc:xacml:1.0:subject:subject-id"" DataType=""http://www.w3.org/2001/XMLSchema#string""/>
        </Match>
        <Match MatchId=""urn:oasis:names:tc:xacml:1.0:function:string-equal"">
          <AttributeValue DataType=""http://www.w3.org/2001/XMLSchema#string"">Temu</AttributeValue>
          <SubjectAttributeDesignator AttributeId=""urn:oasis:names:tc:xacml:1.0:subject:subject-id"" DataType=""http://www.w3.org/2001/XMLSchema#string""/>
        </Match>
        <Match MatchId=""urn:oasis:names:tc:xacml:1.0:function:string-equal"">
          <AttributeValue DataType=""http://www.w3.org/2001/XMLSchema#string"">AliExpress</AttributeValue>
          <SubjectAttributeDesignator AttributeId=""urn:oasis:names:tc:xacml:1.0:subject:subject-id"" DataType=""http://www.w3.org/2001/XMLSchema#string""/>
        </Match>
        <Match MatchId=""urn:oasis:names:tc:xacml:1.0:function:string-equal"">
          <AttributeValue DataType=""http://www.w3.org/2001/XMLSchema#string"">Shein</AttributeValue>
          <SubjectAttributeDesignator AttributeId=""urn:oasis:names:tc:xacml:1.0:subject:subject-id"" DataType=""http://www.w3.org/2001/XMLSchema#string""/>
        </Match>
      </Subjects>
    </Target>

  <Rule RuleId=""urn:xacml:rule:39:DenyAllNonEssential"" Effect=""Deny"">
    <Target>
      <Resources>
        <AnyOf>
          <AllOf>
            <Match MatchId=""urn:oasis:names:tc:xacml:1.0:function:string-equal"">
              <AttributeValue DataType=""http://www.w3.org/2001/XMLSchema#string"">Location.Any</AttributeValue>
              <ResourceAttributeDesignator AttributeId=""urn:xacml:location:attribute:resource-type"" DataType=""http://www.w3.org/2001/XMLSchema#string""/>
            </Match>
          </AllOf>
          <AllOf>
            <Match MatchId=""urn:oasis:names:tc:xacml:1.0:function:string-equal"">
              <AttributeValue DataType=""http://www.w3.org/2001/XMLSchema#string"">User.ContactBook</AttributeValue>
              <ResourceAttributeDesignator AttributeId=""urn:xacml:data:attribute:resource-type"" DataType=""http://www.w3.org/2001/XMLSchema#string""/>
            </Match>
          </AllOf>
          <AllOf>
            <Match MatchId=""urn:oasis:names:tc:xacml:1.0:function:string-equal"">
              <AttributeValue DataType=""http://www.w3.org/2001/XMLSchema#string"">Device.Microphone</AttributeValue>
              <ResourceAttributeDesignator AttributeId=""urn:xacml:device:attribute:resource-type"" DataType=""http://www.w3.org/2001/XMLSchema#string""/>
            </Match>
          </AllOf>
          <AllOf>
            <Match MatchId=""urn:oasis:names:tc:xacml:1.0:function:string-equal"">
              <AttributeValue DataType=""http://www.w3.org/2001/XMLSchema#string"">Device.Camera</AttributeValue>
              <ResourceAttributeDesignator AttributeId=""urn:xacml:device:attribute:resource-type"" DataType=""http://www.w3.org/2001/XMLSchema#string""/>
            </Match>
          </AllOf>
        </AnyOf>
      </Resources>
    </Target>
  </Rule>

  <Rule RuleId=""urn:xacml:rule:39:DenyAdTracking"" Effect=""Deny"">
    <Target>
      <Resources>
        <Resource>
          <Match MatchId=""urn:oasis:names:tc:xacml:1.0:function:string-equal"">
            <AttributeValue DataType=""http://www.w3.org/2001/XMLSchema#string"">ActivityData.Profiling</AttributeValue>
            <ResourceAttributeDesignator AttributeId=""urn:xacml:tracking:attribute:resource-type"" DataType=""http://www.w3.org/2001/XMLSchema#string""/>
          </Match>
        </Resource>
      </Resources>
      <Actions>
        <Action>
          <Match MatchId=""urn:oasis:names:tc:xacml:1.0:function:string-equal"">
            <AttributeValue DataType=""http://www.w3.org/2001/XMLSchema#string"">track</AttributeValue>
            <ActionAttributeDesignator AttributeId=""urn:xacml:1.0:action:action-id"" DataType=""http://www.w3.org/2001/XMLSchema#string""/>
          </Match>
        </Action>
      </Actions>
    </Target>
    <Condition>
      <Apply FunctionId=""urn:oasis:names:tc:xacml:1.0:function:string-equal"">
        <AttributeValue DataType=""http://www.w3.org/2001/XMLSchema#string"">advertising_profiling</AttributeValue>
        <AttributeDesignator AttributeId=""urn:xacml:context:attribute:purpose"" Category=""urn:oasis:names:tc:xacml:3.0:attribute-category:environment"" DataType=""http://www.w3.org/2001/XMLSchema#string""/>
      </Apply>
    </Condition>
  </Rule>

  <Rule RuleId=""urn:xacml:rule:39:DefaultDeny"" Effect=""Deny""/>
</Policy>";
40;Music and streaming;Ask every time;Per le app musicali, la logica  semplice. Spotify e Deezer hanno il compito di riprodurre musica. Non hanno bisogno del mio microfono, quindi nego questo permesso, anche se lo richiedono per la funzione di ricerca vocale che non utilizzo. Se voglio cercare un brano, lo digito. L'unica eccezione a questa regola  Shazam. La sua unica funzione  ascoltare, quindi ottiene l'accesso al microfono, ma solo in modalitˆ chiedi ogni volta. Lo attivo, riconosce la canzone, e lo disattivo. é un permesso chirurgico, concesso per pochi secondi e per uno scopo preciso.;For music apps, the logic is simple. Spotify and Deezer are meant to play music. They don't need my microphone, so I deny this permission, even if they request it for the voice search function I don't use. If I want to search for a song, I type it. The only exception to this rule is Shazam. Its sole function is to listen, so it gets microphone access, but only in 'ask every time' mode. I activate it, it recognizes the song, and I deactivate it. It's a surgical permission, granted for a few seconds and for a specific purpose.;GEMINI 2.5;"<Policy PolicyId=""urn:xacml:policy:40:MusicAppMicAccess"" Version=""1.0"" RuleCombiningAlgId=""urn:oasis:names:tc:xacml:1.0:rule-combining-algorithm:deny-overrides"">
  <Description>Politica di accesso al microfono basata sulla necessitˆ funzionale (Ask Every Time).</Description>
  <Target/>

  <Rule RuleId=""urn:xacml:rule:40:DenyMicForStreaming"" Effect=""Deny"">
    <Target>
      <Subjects>
        <Subject>
          <Match MatchId=""urn:oasis:names:tc:xacml:1.0:function:string-equal"">
            <AttributeValue DataType=""http://www.w3.org/2001/XMLSchema#string"">Spotify</AttributeValue>
            <SubjectAttributeDesignator AttributeId=""urn:oasis:names:tc:xacml:1.0:subject:subject-id"" DataType=""http://www.w3.org/2001/XMLSchema#string""/>
          </Match>
          <Match MatchId=""urn:oasis:names:tc:xacml:1.0:function:string-equal"">
            <AttributeValue DataType=""http://www.w3.org/2001/XMLSchema#string"">Deezer</AttributeValue>
            <SubjectAttributeDesignator AttributeId=""urn:oasis:names:tc:xacml:1.0:subject:subject-id"" DataType=""http://www.w3.org/2001/XMLSchema#string""/>
          </Match>
        </Subject>
      </Subjects>
      <Resources>
        <Resource>
          <Match MatchId=""urn:oasis:names:tc:xacml:1.0:function:string-equal"">
            <AttributeValue DataType=""http://www.w3.org/2001/XMLSchema#string"">Device.Microphone</AttributeValue>
            <ResourceAttributeDesignator AttributeId=""urn:xacml:device:attribute:resource-type"" DataType=""http://www.w3.org/2001/XMLSchema#string""/>
          </Match>
        </Resource>
      </Resources>
    </Target>
  </Rule>

  <Rule RuleId=""urn:xacml:rule:40:PermitShazamOnExplicitRequest"" Effect=""Permit"">
    <Target>
      <Subjects>
        <Subject>
          <Match MatchId=""urn:oasis:names:tc:xacml:1.0:function:string-equal"">
            <AttributeValue DataType=""http://www.w3.org/2001/XMLSchema#string"">Shazam</AttributeValue>
            <SubjectAttributeDesignator AttributeId=""urn:oasis:names:tc:xacml:1.0:subject:subject-id"" DataType=""http://www.w3.org/2001/XMLSchema#string""/>
          </Match>
        </Subject>
      </Subjects>
      <Resources>
        <Resource>
          <Match MatchId=""urn:oasis:names:tc:xacml:1.0:function:string-equal"">
            <AttributeValue DataType=""http://www.w3.org/2001/XMLSchema#string"">Device.Microphone</AttributeValue>
            <ResourceAttributeDesignator AttributeId=""urn:xacml:device:attribute:resource-type"" DataType=""http://www.w3.org/2001/XMLSchema#string""/>
          </Match>
        </Resource>
      </Resources>
    </Target>
    <Condition>
      <Apply FunctionId=""urn:oasis:names:tc:xacml:1.0:function:and"">
        <Apply FunctionId=""urn:oasis:names:tc:xacml:1.0:function:string-equal"">
          <AttributeValue DataType=""http://www.w3.org/2001/XMLSchema#string"">music_recognition</AttributeValue>
          <AttributeDesignator AttributeId=""urn:xacml:context:attribute:purpose"" Category=""urn:oasis:names:tc:xacml:3.0:attribute-category:action"" DataType=""http://www.w3.org/2001/XMLSchema#string""/>
        </Apply>
        <Apply FunctionId=""urn:oasis:names:tc:xacml:1.0:function:integer-less-than-or-equal"">
          <AttributeDesignator AttributeId=""urn:xacml:context:attribute:access-duration"" Category=""urn:oasis:names:tc:xacml:3.0:attribute-category:environment"" DataType=""http://www.w3.org/2001/XMLSchema#integer""/>
          <AttributeValue DataType=""http://www.w3.org/2001/XMLSchema#integer"">5</AttributeValue>
        </Apply>
      </Apply>
    </Condition>
    <AdviceExpressions>
      <AdviceExpression AdviceId=""urn:xacml:advice:action:disable-after-use"" AppliesTo=""Permit"">
        <AttributeAssignmentExpression AttributeId=""urn:xacml:attribute:permission-status"">
          <AttributeValue DataType=""http://www.w3.org/2001/XMLSchema#string"">RevokeImmediately</AttributeValue>
        </AttributeAssignmentExpression>
      </AdviceExpression>
    </AdviceExpressions>
  </Rule>
  
  <Rule RuleId=""urn:xacml:rule:40:DefaultDeny"" Effect=""Deny""/>
</Policy>";
41;Geolocation and navigation;Access only while in use;MapsÊ una delle poche app a cui concedo l'accesso alla miaÊposizione precisa, altrimenti sarebbe inutile. Tuttavia, l'autorizzazione  limitata a solo mentre l'app  in uso. Ho inoltre disattivato la Cronologia delle posizioni a livello di account Google per evitare che venga creato un diario dettagliato dei miei spostamenti.;Maps is one of the few apps I grant access to my precise location, otherwise it would be useless. However, the permission is limited to only while the app is in use. I have also disabled Location History at the Google account level to prevent a detailed diary of my movements from being created.;GEMINI 2.5;"<Policy PolicyId=""urn:xacml:policy:41:MapsInUsePolicy"" Version=""1.0"" RuleCombiningAlgId=""urn:oasis:names:tc:xacml:1.0:rule-combining-algorithm:deny-overrides"">
  <Description>Regole di accesso alla posizione per Maps, limitato all'uso attivo e con disattivazione della cronologia.</Description>
  <Target>
    <Subjects>
      <Subject>
        <Match MatchId=""urn:oasis:names:tc:xacml:1.0:function:string-equal"">
          <AttributeValue DataType=""http://www.w3.org/2001/XMLSchema#string"">Maps</AttributeValue>
          <SubjectAttributeDesignator AttributeId=""urn:oasis:names:tc:xacml:1.0:subject:subject-id"" DataType=""http://www.w3.org/2001/XMLSchema#string""/>
        </Match>
      </Subjects>
      <Resources>
        <Resource>
          <Match MatchId=""urn:oasis:names:tc:xacml:1.0:function:string-equal"">
            <AttributeValue DataType=""http://www.w3.org/2001/XMLSchema#string"">Location.Precise</AttributeValue>
            <ResourceAttributeDesignator AttributeId=""urn:xacml:location:attribute:resource-type"" DataType=""http://www.w3.org/2001/XMLSchema#string""/>
          </Match>
        </Resource>
      </Resources>
    </Target>

  <Rule RuleId=""urn:xacml:rule:41:PermitPreciseLocationInUse"" Effect=""Permit"">
    <Condition>
      <Apply FunctionId=""urn:oasis:names:tc:xacml:1.0:function:string-equal"">
        <AttributeValue DataType=""http://www.w3.org/2001/XMLSchema#string"">foreground</AttributeValue>
        <AttributeDesignator AttributeId=""urn:xacml:context:attribute:app-status"" Category=""urn:oasis:names:tc:xacml:3.0:attribute-category:environment"" DataType=""http://www.w3.org/2001/XMLSchema#string""/>
      </Apply>
    </Condition>
    <ObligationExpressions>
      <ObligationExpression ObligationId=""urn:xacml:obligation:data-storage:disable-location-history"" FulfillOn=""Permit"">
        <AttributeAssignmentExpression AttributeId=""urn:xacml:attribute:location-history-setting"">
          <AttributeValue DataType=""http://www.w3.org/2001/XMLSchema#string"">Disabled</AttributeValue>
        </AttributeAssignmentExpression>
      </ObligationExpression>
    </ObligationExpressions>
  </Rule>
  
  <Rule RuleId=""urn:xacml:rule:41:DefaultDeny"" Effect=""Deny""/>
</Policy>";
42;Banking and payment apps;Necessary permissions;Per le app finanziarie comeÊPostepayÊeÊIsybank, la sicurezza  massima. I permessi sono azzerati. Nessun accesso a contatti, posizione o sensori. L'unico permesso che concedo, e solo quando richiesto esplicitamente,  quello allaÊfotocameraÊper scannerizzare un codice QR per un pagamento o per caricare un documento. Inoltre, imposto le notifiche di queste app in modo che non mostrino contenuti sensibili sulla schermata di blocco, per proteggere la mia privacy da sguardi indiscreti.;For financial apps like Venmo and Chase, security is paramount. Permissions are zeroed out. No access to contacts, location, or sensors. The only permission I grant, and only when explicitly requested, is to the camera to scan a QR code for a payment or to upload a document. Furthermore, I set these apps' notifications so they do not show sensitive content on the lock screen, to protect my privacy from prying eyes.;GEMINI 2.5;"<Policy PolicyId=""urn:xacml:policy:42:BankingNecessaryPerms"" Version=""1.0"" RuleCombiningAlgId=""urn:oasis:names:tc:xacml:1.0:rule-combining-algorithm:deny-overrides"">
  <Description>Politiche di sicurezza massima per app finanziarie (Postepay, Isybank).</Description>
  <Target>
    <Subjects>
      <Subject>
        <Match MatchId=""urn:oasis:names:tc:xacml:1.0:function:string-equal"">
          <AttributeValue DataType=""http://www.w3.org/2001/XMLSchema#string"">Postepay</AttributeValue>
          <SubjectAttributeDesignator AttributeId=""urn:oasis:names:tc:xacml:1.0:subject:subject-id"" DataType=""http://www.w3.org/2001/XMLSchema#string""/>
        </Match>
        <Match MatchId=""urn:oasis:names:tc:xacml:1.0:function:string-equal"">
          <AttributeValue DataType=""http://www.w3.org/2001/XMLSchema#string"">Isybank</AttributeValue>
          <SubjectAttributeDesignator AttributeId=""urn:oasis:names:tc:xacml:1.0:subject:subject-id"" DataType=""http://www.w3.org/2001/XMLSchema#string""/>
        </Match>
      </Subjects>
    </Target>

  <Rule RuleId=""urn:xacml:rule:42:PermitCameraScanExplicit"" Effect=""Permit"">
    <Target>
      <Resources>
        <Resource>
          <Match MatchId=""urn:oasis:names:tc:xacml:1.0:function:string-equal"">
            <AttributeValue DataType=""http://www.w3.org/2001/XMLSchema#string"">Device.Camera</AttributeValue>
            <ResourceAttributeDesignator AttributeId=""urn:xacml:device:attribute:resource-type"" DataType=""http://www.w3.org/2001/XMLSchema#string""/>
          </Match>
        </Resource>
      </Resources>
    </Target>
    <Condition>
      <Apply FunctionId=""urn:oasis:names:tc:xacml:1.0:function:or"">
        <Apply FunctionId=""urn:oasis:names:tc:xacml:1.0:function:string-equal"">
          <AttributeValue DataType=""http://www.w3.org/2001/XMLSchema#string"">scan_QR_code</AttributeValue>
          <AttributeDesignator AttributeId=""urn:xacml:context:attribute:action-detail"" Category=""urn:oasis:names:tc:xacml:3.0:attribute-category:action"" DataType=""http://www.w3.org/2001/XMLSchema#string""/>
        </Apply>
        <Apply FunctionId=""urn:oasis:names:tc:xacml:1.0:function:string-equal"">
          <AttributeValue DataType=""http://www.w3.org/2001/XMLSchema#string"">upload_document_scan</AttributeValue>
          <AttributeDesignator AttributeId=""urn:xacml:context:attribute:action-detail"" Category=""urn:oasis:names:tc:xacml:3.0:attribute-category:action"" DataType=""http://www.w3.org/2001/XMLSchema#string""/>
        </Apply>
      </Apply>
    </Condition>
    <ObligationExpressions>
      <ObligationExpression ObligationId=""urn:xacml:obligation:permission:ask-user-every-time"" FulfillOn=""Permit"">
        <AttributeAssignmentExpression AttributeId=""urn:xacml:attribute:permission-mode"">
          <AttributeValue DataType=""http://www.w3.org/2001/XMLSchema#string"">ASK_EVERY_TIME</AttributeValue>
        </AttributeAssignmentExpression>
      </ObligationExpression>
    </ObligationExpressions>
  </Rule>

  <Rule RuleId=""urn:xacml:rule:42:DenyNonEssential"" Effect=""Deny"">
    <Target>
      <Resources>
        <AnyOf>
          <AllOf>
            <Match MatchId=""urn:oasis:names:tc:xacml:1.0:function:string-equal"">
              <AttributeValue DataType=""http://www.w3.org/2001/XMLSchema#string"">User.ContactBook</AttributeValue>
              <ResourceAttributeDesignator AttributeId=""urn:xacml:data:attribute:resource-type"" DataType=""http://www.w3.org/2001/XMLSchema#string""/>
            </Match>
          </AllOf>
          <AllOf>
            <Match MatchId=""urn:oasis:names:tc:xacml:1.0:function:string-equal"">
              <AttributeValue DataType=""http://www.w3.org/2001/XMLSchema#string"">Location.Any</AttributeValue>
              <ResourceAttributeDesignator AttributeId=""urn:xacml:location:attribute:resource-type"" DataType=""http://www.w3.org/2001/XMLSchema#string""/>
            </Match>
          </AllOf>
          <AllOf>
            <Match MatchId=""urn:oasis:names:tc:xacml:1.0:function:string-equal"">
              <AttributeValue DataType=""http://www.w3.org/2001/XMLSchema#string"">Device.MotionSensors</AttributeValue>
              <ResourceAttributeDesignator AttributeId=""urn:xacml:device:attribute:resource-type"" DataType=""http://www.w3.org/2001/XMLSchema#string""/>
            </Match>
          </AllOf>
        </AnyOf>
      </Resources>
    </Target>
  </Rule>
  
  <Rule RuleId=""urn:xacml:rule:42:RestrictLockScreenContent"" Effect=""Permit"">
    <Target>
      <Actions>
        <Action>
          <Match MatchId=""urn:oasis:names:tc:xacml:1.0:function:string-equal"">
            <AttributeValue DataType=""http://www.w3.org/2001/XMLSchema#string"">display_notification</AttributeValue>
            <ActionAttributeDesignator AttributeId=""urn:xacml:1.0:action:action-id"" DataType=""http://www.w3.org/2001/XMLSchema#string""/>
          </Match>
        </Action>
      </Actions>
    </Target>
    <Condition>
      <Apply FunctionId=""urn:oasis:names:tc:xacml:1.0:function:string-equal"">
        <AttributeValue DataType=""http://www.w3.org/2001/XMLSchema#string"">sensitive_content</AttributeValue>
        <AttributeDesignator AttributeId=""urn:xacml:context:attribute:data-sensitivity"" Category=""urn:oasis:names:tc:xacml:3.0:attribute-category:resource"" DataType=""http://www.w3.org/2001/XMLSchema#string""/>
      </Apply>
    </Condition>
    <AdviceExpressions>
      <AdviceExpression AdviceId=""urn:xacml:advice:notification:hide-sensitive-on-lockscreen"" AppliesTo=""Permit"">
        <AttributeAssignmentExpression AttributeId=""urn:xacml:attribute:notification-setting"">
          <AttributeValue DataType=""http://www.w3.org/2001/XMLSchema#string"">HideContentOnLockScreen</AttributeValue>
        </AttributeAssignmentExpression>
      </AdviceExpression>
    </AdviceExpressions>
  </Rule>
  
  <Rule RuleId=""urn:xacml:rule:42:DefaultDeny"" Effect=""Deny""/>
</Policy>";
43;Cloud and productivity;Limited access;Per gli strumenti di produttivitˆ e i servizi cloud, adotto un approccio di compartimentazione. App comeÊGoogle DriveÊoÊOneDriveÊhanno un accesso pi ampio ai file, necessario per la sincronizzazione, ma scelgo meticolosamente quali cartelle sincronizzare, tenendo i dati pi sensibili in locale. Per strumenti collaborativi comeÊSlackÊoÊNotion, concedo l'accesso al calendario di lavoro se necessario per le integrazioni, ma nego categoricamente l'accesso alla mia rubrica personale. La mia vita professionale e quella privata devono rimanere su binari separati, e le autorizzazioni concesse alle app riflettono questa divisione.;For productivity tools and cloud services, I adopt a compartmentalization approach. Apps like Google Drive or OneDrive have broader access to files, necessary for synchronization, but I meticulously choose which folders to sync, keeping the most sensitive data local. For collaborative tools like Slack or Notion, I grant access to the work calendar if necessary for integrations, but I categorically deny access to my personal address book. My professional and private life must remain on separate tracks, and the permissions granted to apps reflect this division.;GEMINI 2.5;"<Policy PolicyId=""urn:xacml:policy:43:CloudCompartimentation"" Version=""1.0"" RuleCombiningAlgId=""urn:oasis:names:tc:xacml:1.0:rule-combining-algorithm:deny-overrides"">
  <Description>Politica di accesso limitato e compartimentato per app cloud e di produttivitˆ.</Description>
  <Target>
    <Subjects>
      <Subject>
        <Match MatchId=""urn:oasis:names:tc:xacml:1.0:function:string-equal"">
          <AttributeValue DataType=""http://www.w3.org/2001/XMLSchema#string"">GoogleDrive</AttributeValue>
          <SubjectAttributeDesignator AttributeId=""urn:oasis:names:tc:xacml:1.0:subject:subject-id"" DataType=""http://www.w3.org/2001/XMLSchema#string""/>
        </Match>
        <Match MatchId=""urn:oasis:names:tc:xacml:1.0:function:string-equal"">
          <AttributeValue DataType=""http://www.w3.org/2001/XMLSchema#string"">OneDrive</AttributeValue>
          <SubjectAttributeDesignator AttributeId=""urn:oasis:names:tc:xacml:1.0:subject:subject-id"" DataType=""http://www.w3.org/2001/XMLSchema#string""/>
        </Match>
        <Match MatchId=""urn:oasis:names:tc:xacml:1.0:function:string-equal"">
          <AttributeValue DataType=""http://www.w3.org/2001/XMLSchema#string"">Slack</AttributeValue>
          <SubjectAttributeDesignator AttributeId=""urn:oasis:names:tc:xacml:1.0:subject:subject-id"" DataType=""http://www.w3.org/2001/XMLSchema#string""/>
        </Match>
        <Match MatchId=""urn:oasis:names:tc:xacml:1.0:function:string-equal"">
          <AttributeValue DataType=""http://www.w3.org/2001/XMLSchema#string"">Notion</AttributeValue>
          <SubjectAttributeDesignator AttributeId=""urn:oasis:names:tc:xacml:1.0:subject:subject-id"" DataType=""http://www.w3.org/2001/XMLSchema#string""/>
        </Match>
      </Subjects>
    </Target>

  <Rule RuleId=""urn:xacml:rule:43:PermitFileSync"" Effect=""Permit"">
    <Target>
      <Resources>
        <Resource>
          <Match MatchId=""urn:oasis:names:tc:xacml:1.0:function:string-equal"">
            <AttributeValue DataType=""http://www.w3.org/2001/XMLSchema#string"">Device.FileSystem</AttributeValue>
            <ResourceAttributeDesignator AttributeId=""urn:xacml:device:attribute:resource-type"" DataType=""http://www.w3.org/2001/XMLSchema#string""/>
          </Match>
        </Resource>
      </Resources>
    </Target>
    <Condition>
      <Apply FunctionId=""urn:oasis:names:tc:xacml:1.0:function:string-equal"">
        <AttributeValue DataType=""http://www.w3.org/2001/XMLSchema#string"">synchronization</AttributeValue>
        <AttributeDesignator AttributeId=""urn:xacml:context:attribute:purpose"" Category=""urn:oasis:names:tc:xacml:3.0:attribute-category:environment"" DataType=""http://www.w3.org/2001/XMLSchema#string""/>
      </Apply>
    </Condition>
    <AdviceExpressions>
      <AdviceExpression AdviceId=""urn:xacml:advice:data-storage:restrict-to-work-folders"" AppliesTo=""Permit"">
        <AttributeAssignmentExpression AttributeId=""urn:xacml:attribute:synchronization-scope"">
          <AttributeValue DataType=""http://www.w3.org/2001/XMLSchema#string"">UserSelectedFoldersOnly</AttributeValue>
        </AttributeAssignmentExpression>
      </AdviceExpression>
    </AdviceExpressions>
  </Rule>

  <Rule RuleId=""urn:xacml:rule:43:PermitCalendarWorkIntegration"" Effect=""Permit"">
    <Target>
      <Resources>
        <Resource>
          <Match MatchId=""urn:oasis:names:tc:xacml:1.0:function:string-equal"">
            <AttributeValue DataType=""http://www.w3.org/2001/XMLSchema#string"">Device.Calendar.Work</AttributeValue>
            <ResourceAttributeDesignator AttributeId=""urn:xacml:device:attribute:resource-type"" DataType=""http://www.w3.org/2001/XMLSchema#string""/>
          </Match>
        </Resource>
      </Resources>
    </Target>
    <Condition>
      <Apply FunctionId=""urn:oasis:names:tc:xacml:1.0:function:string-equal"">
        <AttributeValue DataType=""http://www.w3.org/2001/XMLSchema#string"">collaboration_integration</AttributeValue>
        <AttributeDesignator AttributeId=""urn:xacml:context:attribute:purpose"" Category=""urn:oasis:names:tc:xacml:3.0:attribute-category:environment"" DataType=""http://www.w3.org/2001/XMLSchema#string""/>
      </Apply>
    </Condition>
  </Rule>
  
  <Rule RuleId=""urn:xacml:rule:43:DenyPersonalContacts"" Effect=""Deny"">
    <Target>
      <Resources>
        <Resource>
          <Match MatchId=""urn:oasis:names:tc:xacml:1.0:function:string-equal"">
            <AttributeValue DataType=""http://www.w3.org/2001/XMLSchema#string"">User.ContactBook.Personal</AttributeValue>
            <ResourceAttributeDesignator AttributeId=""urn:xacml:data:attribute:resource-type"" DataType=""http://www.w3.org/2001/XMLSchema#string""/>
          </Match>
        </Resource>
      </Resources>
    </Target>
  </Rule>
  
  <Rule RuleId=""urn:xacml:rule:43:DefaultDeny"" Effect=""Deny""/>
</Policy>";
44;Messaging;Limited access / Only in use;AutorizzoÊWhatsApp,ÊTelegramÊeÊSignalÊad accedere a microfono, fotocamera e file multimediali, ma solo ed esclusivamente durante l'utilizzo attivo di funzioni quali chiamate, videochiamate e l'invio di contenuti nelle chat. L'accesso alla galleria  limitato alla selezione manuale di specifici file volta per volta. L'accesso ai contatti  consentito per il corretto funzionamento dell'app, ma la sincronizzazione in background  limitata. Non autorizzo in alcun caso l'accesso alla mia posizione se non quando scelgo di condividerla manualmente come punto statico.;I authorize WhatsApp, Telegram, and Signal to access the microphone, camera, and media files, but only and exclusively during the active use of functions such as calls, video calls, and sending content in chats. Access to the gallery is limited to the manual selection of specific files each time. Access to contacts is allowed for the app's proper functioning, but background synchronization is limited. I do not authorize access to my location under any circumstances unless I choose to share it manually as a static point.;GEMINI 2.5;"<Policy PolicyId=""urn:xacml:policy:44:MessagingActiveUse"" Version=""1.0"" RuleCombiningAlgId=""urn:oasis:names:tc:xacml:1.0:rule-combining-algorithm:deny-overrides"">
  <Description>Politiche di accesso limitato all'uso attivo per app di messaggistica (WhatsApp, Telegram, Signal).</Description>
  <Target>
    <Subjects>
      <Subject>
        <Match MatchId=""urn:oasis:names:tc:xacml:1.0:function:string-equal"">
          <AttributeValue DataType=""http://www.w3.org/2001/XMLSchema#string"">WhatsApp</AttributeValue>
          <SubjectAttributeDesignator AttributeId=""urn:oasis:names:tc:xacml:1.0:subject:subject-id"" DataType=""http://www.w3.org/2001/XMLSchema#string""/>
        </Match>
        <Match MatchId=""urn:oasis:names:tc:xacml:1.0:function:string-equal"">
          <AttributeValue DataType=""http://www.w3.org/2001/XMLSchema#string"">Telegram</AttributeValue>
          <SubjectAttributeDesignator AttributeId=""urn:oasis:names:tc:xacml:1.0:subject:subject-id"" DataType=""http://www.w3.org/2001/XMLSchema#string""/>
        </Match>
        <Match MatchId=""urn:oasis:names:tc:xacml:1.0:function:string-equal"">
          <AttributeValue DataType=""http://www.w3.org/2001/XMLSchema#string"">Signal</AttributeValue>
          <SubjectAttributeDesignator AttributeId=""urn:oasis:names:tc:xacml:1.0:subject:subject-id"" DataType=""http://www.w3.org/2001/XMLSchema#string""/>
        </Match>
      </Subjects>
    </Target>

  <Rule RuleId=""urn:xacml:rule:44:PermitHardwareInUse"" Effect=""Permit"">
    <Target>
      <Resources>
        <AnyOf>
          <AllOf>
            <Match MatchId=""urn:oasis:names:tc:xacml:1.0:function:string-equal"">
              <AttributeValue DataType=""http://www.w3.org/2001/XMLSchema#string"">Device.Microphone</AttributeValue>
              <ResourceAttributeDesignator AttributeId=""urn:xacml:device:attribute:resource-type"" DataType=""http://www.w3.org/2001/XMLSchema#string""/>
            </Match>
          </AllOf>
          <AllOf>
            <Match MatchId=""urn:oasis:names:tc:xacml:1.0:function:string-equal"">
              <AttributeValue DataType=""http://www.w3.org/2001/XMLSchema#string"">Device.Camera</AttributeValue>
              <ResourceAttributeDesignator AttributeId=""urn:xacml:device:attribute:resource-type"" DataType=""http://www.w3.org/2001/XMLSchema#string""/>
            </Match>
          </AllOf>
          <AllOf>
            <Match MatchId=""urn:oasis:names:tc:xacml:1.0:function:string-equal"">
              <AttributeValue DataType=""http://www.w3.org/2001/XMLSchema#string"">Device.FileSystem.Media</AttributeValue>
              <ResourceAttributeDesignator AttributeId=""urn:xacml:device:attribute:resource-type"" DataType=""http://www.w3.org/2001/XMLSchema#string""/>
            </Match>
          </AllOf>
        </AnyOf>
      </Resources>
    </Target>
    <Condition>
      <Apply FunctionId=""urn:oasis:names:tc:xacml:1.0:function:string-equal"">
        <AttributeValue DataType=""http://www.w3.org/2001/XMLSchema#string"">foreground</AttributeValue>
        <AttributeDesignator AttributeId=""urn:xacml:context:attribute:app-status"" Category=""urn:oasis:names:tc:xacml:3.0:attribute-category:environment"" DataType=""http://www.w3.org/2001/XMLSchema#string""/>
      </Apply>
    </Condition>
    <AdviceExpressions>
      <AdviceExpression AdviceId=""urn:xacml:advice:media-access:select-photos-only"" AppliesTo=""Permit"">
        <AttributeAssignmentExpression AttributeId=""urn:xacml:attribute:gallery-access-mode"">
          <AttributeValue DataType=""http://www.w3.org/2001/XMLSchema#string"">ManualSelection</AttributeValue>
        </AttributeAssignmentExpression>
      </AdviceExpression>
    </AdviceExpressions>
  </Rule>

  <Rule RuleId=""urn:xacml:rule:44:DenyBackgroundContactSync"" Effect=""Deny"">
    <Target>
      <Resources>
        <Resource>
          <Match MatchId=""urn:oasis:names:tc:xacml:1.0:function:string-equal"">
            <AttributeValue DataType=""http://www.w3.org/2001/XMLSchema#string"">User.ContactBook</AttributeValue>
            <ResourceAttributeDesignator AttributeId=""urn:xacml:data:attribute:resource-type"" DataType=""http://www.w3.org/2001/XMLSchema#string""/>
          </Match>
        </Resource>
      </Resources>
      <Actions>
        <Action>
          <Match MatchId=""urn:oasis:names:tc:xacml:1.0:function:string-equal"">
            <AttributeValue DataType=""http://www.w3.org/2001/XMLSchema#string"">synchronize</AttributeValue>
            <ActionAttributeDesignator AttributeId=""urn:xacml:1.0:action:action-id"" DataType=""http://www.w3.org/2001/XMLSchema#string""/>
          </Match>
        </Action>
      </Actions>
    </Target>
    <Condition>
      <Apply FunctionId=""urn:oasis:names:tc:xacml:1.0:function:string-equal"">
        <AttributeValue DataType=""http://www.w3.org/2001/XMLSchema#string"">background</AttributeValue>
        <AttributeDesignator AttributeId=""urn:xacml:context:attribute:app-status"" Category=""urn:oasis:names:tc:xacml:3.0:attribute-category:environment"" DataType=""http://www.w3.org/2001/XMLSchema#string""/>
      </Apply>
    </Condition>
  </Rule>

  <Rule RuleId=""urn:xacml:rule:44:DenyRealTimeLocation"" Effect=""Deny"">
    <Target>
      <Resources>
        <Resource>
          <Match MatchId=""urn:oasis:names:tc:xacml:1.0:function:string-equal"">
            <AttributeValue DataType=""http://www.w3.org/2001/XMLSchema#string"">Location.RealTime</AttributeValue>
            <ResourceAttributeDesignator AttributeId=""urn:xacml:location:attribute:resource-type"" DataType=""http://www.w3.org/2001/XMLSchema#string""/>
          </Match>
        </Resource>
      </Resources>
      <Actions>
        <Action>
          <Match MatchId=""urn:oasis:names:tc:xacml:1.0:function:string-equal"">
            <AttributeValue DataType=""http://www.w3.org/2001/XMLSchema#string"">share</AttributeValue>
            <ActionAttributeDesignator AttributeId=""urn:xacml:1.0:action:action-id"" DataType=""http://www.w3.org/2001/XMLSchema#string""/>
          </Match>
        </Action>
      </Actions>
    </Target>
  </Rule>
  
  <Rule RuleId=""urn:xacml:rule:44:DefaultDeny"" Effect=""Deny""/>
</Policy>";
45;Banking and payment apps;Limited access / Only in use;Consento a Isybank e Postepay l'accesso alla fotocamera solo ed esclusivamente per la scansione di documenti o codici QR necessari ad autorizzare operazioni, e solo previa autorizzazione manuale richiesta per ogni singolo utilizzo. Autorizzo l'accesso agli SMS solo mentre l'app  in uso per la ricezione e l'inserimento automatico dei codici OTP. Non autorizzo permanentemente l'accesso a microfono, posizione, contatti o file system. Qualsiasi richiesta di permesso non legata a queste funzioni di base viene negata.;I allow Chase and Venmo access to the camera only and exclusively for scanning documents or QR codes necessary to authorize operations, and only after manual authorization requested for each single use. I authorize access to SMS only while the app is in use for receiving and automatically entering OTP codes. I do not permanently authorize access to the microphone, location, contacts, or file system. Any permission request not related to these basic functions is denied.;GEMINI 2.5;"<Policy PolicyId=""urn:xacml:policy:45:BankingLimitedAccess"" Version=""1.0"" RuleCombiningAlgId=""urn:oasis:names:tc:xacml:1.0:rule-combining-algorithm:deny-overrides"">
  <Description>Politiche di accesso limitato e autorizzazione manuale per Isybank e Postepay.</Description>
  <Target>
    <Subjects>
      <Subject>
        <Match MatchId=""urn:oasis:names:tc:xacml:1.0:function:string-equal"">
          <AttributeValue DataType=""http://www.w3.org/2001/XMLSchema#string"">Isybank</AttributeValue>
          <SubjectAttributeDesignator AttributeId=""urn:oasis:names:tc:xacml:1.0:subject:subject-id"" DataType=""http://www.w3.org/2001/XMLSchema#string""/>
        </Match>
        <Match MatchId=""urn:oasis:names:tc:xacml:1.0:function:string-equal"">
          <AttributeValue DataType=""http://www.w3.org/2001/XMLSchema#string"">Postepay</AttributeValue>
          <SubjectAttributeDesignator AttributeId=""urn:oasis:names:tc:xacml:1.0:subject:subject-id"" DataType=""http://www.w3.org/2001/XMLSchema#string""/>
        </Match>
      </Subjects>
    </Target>

  <Rule RuleId=""urn:xacml:rule:45:PermitCameraScanManualAuth"" Effect=""Permit"">
    <Target>
      <Resources>
        <Resource>
          <Match MatchId=""urn:oasis:names:tc:xacml:1.0:function:string-equal"">
            <AttributeValue DataType=""http://www.w3.org/2001/XMLSchema#string"">Device.Camera</AttributeValue>
            <ResourceAttributeDesignator AttributeId=""urn:xacml:device:attribute:resource-type"" DataType=""http://www.w3.org/2001/XMLSchema#string""/>
          </Match>
        </Resource>
      </Resources>
    </Target>
    <Condition>
      <Apply FunctionId=""urn:oasis:names:tc:xacml:1.0:function:or"">
        <Apply FunctionId=""urn:oasis:names:tc:xacml:1.0:function:string-equal"">
          <AttributeValue DataType=""http://www.w3.org/2001/XMLSchema#string"">scan_QR_code</AttributeValue>
          <AttributeDesignator AttributeId=""urn:xacml:context:attribute:action-detail"" Category=""urn:oasis:names:tc:xacml:3.0:attribute-category:action"" DataType=""http://www.w3.org/2001/XMLSchema#string""/>
        </Apply>
        <Apply FunctionId=""urn:oasis:names:tc:xacml:1.0:function:string-equal"">
          <AttributeValue DataType=""http://www.w3.org/2001/XMLSchema#string"">scan_document</AttributeValue>
          <AttributeDesignator AttributeId=""urn:xacml:context:attribute:action-detail"" Category=""urn:oasis:names:tc:xacml:3.0:attribute-category:action"" DataType=""http://www.w3.org/2001/XMLSchema#string""/>
        </Apply>
      </Apply>
    </Condition>
    <ObligationExpressions>
      <ObligationExpression ObligationId=""urn:xacml:obligation:permission:ask-user-every-time"" FulfillOn=""Permit"">
        <AttributeAssignmentExpression AttributeId=""urn:xacml:attribute:permission-mode"">
          <AttributeValue DataType=""http://www.w3.org/2001/XMLSchema#string"">ASK_EVERY_TIME</AttributeValue>
        </AttributeAssignmentExpression>
      </ObligationExpression>
    </ObligationExpressions>
  </Rule>

  <Rule RuleId=""urn:xacml:rule:45:PermitSMSOTPInUse"" Effect=""Permit"">
    <Target>
      <Resources>
        <Resource>
          <Match MatchId=""urn:oasis:names:tc:xacml:1.0:function:string-equal"">
            <AttributeValue DataType=""http://www.w3.org/2001/XMLSchema#string"">Device.SMS</AttributeValue>
            <ResourceAttributeDesignator AttributeId=""urn:xacml:device:attribute:resource-type"" DataType=""http://www.w3.org/2001/XMLSchema#string""/>
          </Match>
        </Resource>
      </Resources>
      <Actions>
        <Action>
          <Match MatchId=""urn:oasis:names:tc:xacml:1.0:function:string-equal"">
            <AttributeValue DataType=""http://www.w3.org/2001/XMLSchema#string"">read</AttributeValue>
            <ActionAttributeDesignator AttributeId=""urn:xacml:1.0:action:action-id"" DataType=""http://www.w3.org/2001/XMLSchema#string""/>
          </Match>
        </Action>
      </Actions>
    </Target>
    <Condition>
      <Apply FunctionId=""urn:oasis:names:tc:xacml:1.0:function:and"">
        <Apply FunctionId=""urn:oasis:names:tc:xacml:1.0:function:string-equal"">
          <AttributeValue DataType=""http://www.w3.org/2001/XMLSchema#string"">foreground</AttributeValue>
          <AttributeDesignator AttributeId=""urn:xacml:context:attribute:app-status"" Category=""urn:oasis:names:tc:xacml:3.0:attribute-category:environment"" DataType=""http://www.w3.org/2001/XMLSchema#string""/>
        </Apply>
        <Apply FunctionId=""urn:oasis:names:tc:xacml:1.0:function:string-equal"">
          <AttributeValue DataType=""http://www.w3.org/2001/XMLSchema#string"">OTP_auto-fill</AttributeValue>
          <AttributeDesignator AttributeId=""urn:xacml:context:attribute:purpose"" Category=""urn:oasis:names:tc:xacml:3.0:attribute-category:environment"" DataType=""http://www.w3.org/2001/XMLSchema#string""/>
        </Apply>
      </Apply>
    </Condition>
  </Rule>

  <Rule RuleId=""urn:xacml:rule:45:DenyOtherPermanentAccess"" Effect=""Deny"">
    <Target>
      <Resources>
        <AnyOf>
          <AllOf>
            <Match MatchId=""urn:oasis:names:tc:xacml:1.0:function:string-equal"">
              <AttributeValue DataType=""http://www.w3.org/2001/XMLSchema#string"">Device.Microphone</AttributeValue>
              <ResourceAttributeDesignator AttributeId=""urn:xacml:device:attribute:resource-type"" DataType=""http://www.w3.org/2001/XMLSchema#string""/>
            </Match>
          </AllOf>
          <AllOf>
            <Match MatchId=""urn:oasis:names:tc:xacml:1.0:function:string-equal"">
              <AttributeValue DataType=""http://www.w3.org/2001/XMLSchema#string"">Location.Any</AttributeValue>
              <ResourceAttributeDesignator AttributeId=""urn:xacml:location:attribute:resource-type"" DataType=""http://www.w3.org/2001/XMLSchema#string""/>
            </Match>
          </AllOf>
          <AllOf>
            <Match MatchId=""urn:oasis:names:tc:xacml:1.0:function:string-equal"">
              <AttributeValue DataType=""http://www.w3.org/2001/XMLSchema#string"">User.ContactBook</AttributeValue>
              <ResourceAttributeDesignator AttributeId=""urn:xacml:data:attribute:resource-type"" DataType=""http://www.w3.org/2001/XMLSchema#string""/>
            </Match>
          </AllOf>
          <AllOf>
            <Match MatchId=""urn:oasis:names:tc:xacml:1.0:function:string-equal"">
              <AttributeValue DataType=""http://www.w3.org/2001/XMLSchema#string"">Device.FileSystem</AttributeValue>
              <ResourceAttributeDesignator AttributeId=""urn:xacml:device:attribute:resource-type"" DataType=""http://www.w3.org/2001/XMLSchema#string""/>
            </Match>
          </AllOf>
        </AnyOf>
      </Resources>
      <Actions>
        <Action>
          <Match MatchId=""urn:oasis:names:tc:xacml:1.0:function:string-equal"">
            <AttributeValue DataType=""http://www.w3.org/2001/XMLSchema#string"">access</AttributeValue>
            <ActionAttributeDesignator AttributeId=""urn:xacml:1.0:action:action-id"" DataType=""http://www.w3.org/2001/XMLSchema#string""/>
          </Match>
        </Action>
      </Actions>
    </Target>
  </Rule>

  <Rule RuleId=""urn:xacml:rule:45:DefaultDeny"" Effect=""Deny""/>
</Policy>";
46;Online shopping;Disable tracking / Necessary permissions;Non autorizzoÊAmazon Shopping,ÊeBayÊe le app simili a tracciare la mia attivitˆ su altre applicazioni e siti web per finalitˆ di pubblicitˆ personalizzata o profilazione commerciale. Fornisco solo le autorizzazioni minime e necessarie al funzionamento dei servizi, come l'indirizzo per la spedizione inserito manualmente. Qualsiasi altro utilizzo dei miei dati, inclusa la condivisione con partner terzi per marketing, deve avvenire solo dietro mio consenso esplicito e granulare. L'accesso a fotocamera, microfono e posizione  permanentemente negato.;I do not authorize Amazon Shopping, eBay, and similar apps to track my activity on other applications and websites for personalized advertising or commercial profiling purposes. I provide only the minimum permissions necessary for the services to function, such as the shipping address entered manually. Any other use of my data, including sharing with third-party partners for marketing, must only occur with my explicit and granular consent. Access to the camera, microphone, and location is permanently denied.;GEMINI 2.5;"<Policy PolicyId=""urn:xacml:policy:46:ShoppingDisableTracking"" Version=""1.0"" RuleCombiningAlgId=""urn:oasis:names:tc:xacml:1.0:rule-combining-algorithm:deny-overrides"">
  <Description>Politica anti-tracciamento per app di shopping (Amazon, eBay, simili).</Description>
  <Target>
    <Subjects>
      <Subject>
        <Match MatchId=""urn:oasis:names:tc:xacml:1.0:function:string-equal"">
          <AttributeValue DataType=""http://www.w3.org/2001/XMLSchema#string"">AmazonShopping</AttributeValue>
          <SubjectAttributeDesignator AttributeId=""urn:oasis:names:tc:xacml:1.0:subject:subject-id"" DataType=""http://www.w3.org/2001/XMLSchema#string""/>
        </Match>
        <Match MatchId=""urn:oasis:names:tc:xacml:1.0:function:string-equal"">
          <AttributeValue DataType=""http://www.w3.org/2001/XMLSchema#string"">eBay</AttributeValue>
          <SubjectAttributeDesignator AttributeId=""urn:oasis:names:tc:xacml:1.0:subject:subject-id"" DataType=""http://www.w3.org/2001/XMLSchema#string""/>
        </Match>
        <Match MatchId=""urn:oasis:names:tc:xacml:1.0:function:string-equal"">
          <AttributeValue DataType=""http://www.w3.org/2001/XMLSchema#string"">ShoppingApp</AttributeValue>
          <SubjectAttributeDesignator AttributeId=""urn:oasis:names:tc:xacml:1.0:subject:subject-id"" DataType=""http://www.w3.org/2001/XMLSchema#string""/>
        </Match>
      </Subjects>
    </Target>

  <Rule RuleId=""urn:xacml:rule:46:DenyCrossSiteTracking"" Effect=""Deny"">
    <Target>
      <Resources>
        <Resource>
          <Match MatchId=""urn:oasis:names:tc:xacml:1.0:function:string-equal"">
            <AttributeValue DataType=""http://www.w3.org/2001/XMLSchema#string"">ActivityData.External</AttributeValue>
            <ResourceAttributeDesignator AttributeId=""urn:xacml:tracking:attribute:resource-type"" DataType=""http://www.w3.org/2001/XMLSchema#string""/>
          </Match>
        </Resource>
      </Resources>
      <Actions>
        <Action>
          <Match MatchId=""urn:oasis:names:tc:xacml:1.0:function:string-equal"">
            <AttributeValue DataType=""http://www.w3.org/2001/XMLSchema#string"">track</AttributeValue>
            <ActionAttributeDesignator AttributeId=""urn:xacml:1.0:action:action-id"" DataType=""http://www.w3.org/2001/XMLSchema#string""/>
          </Match>
        </Action>
      </Actions>
    </Target>
    <Condition>
      <Apply FunctionId=""urn:oasis:names:tc:xacml:1.0:function:or"">
        <Apply FunctionId=""urn:oasis:names:tc:xacml:1.0:function:string-equal"">
          <AttributeValue DataType=""http://www.w3.org/2001/XMLSchema#string"">personalized_advertising</AttributeValue>
          <AttributeDesignator AttributeId=""urn:xacml:context:attribute:purpose"" Category=""urn:oasis:names:tc:xacml:3.0:attribute-category:environment"" DataType=""http://www.w3.org/2001/XMLSchema#string""/>
        </Apply>
        <Apply FunctionId=""urn:oasis:names:tc:xacml:1.0:function:string-equal"">
          <AttributeValue DataType=""http://www.w3.org/2001/XMLSchema#string"">commercial_profiling</AttributeValue>
          <AttributeDesignator AttributeId=""urn:xacml:context:attribute:purpose"" Category=""urn:oasis:names:tc:xacml:3.0:attribute-category:environment"" DataType=""http://www.w3.org/2001/XMLSchema#string""/>
        </Apply>
      </Apply>
    </Condition>
  </Rule>

  <Rule RuleId=""urn:xacml:rule:46:DenyHardwareLocation"" Effect=""Deny"">
    <Target>
      <Resources>
        <AnyOf>
          <AllOf>
            <Match MatchId=""urn:oasis:names:tc:xacml:1.0:function:string-equal"">
              <AttributeValue DataType=""http://www.w3.org/2001/XMLSchema#string"">Device.Camera</AttributeValue>
              <ResourceAttributeDesignator AttributeId=""urn:xacml:device:attribute:resource-type"" DataType=""http://www.w3.org/2001/XMLSchema#string""/>
            </Match>
          </AllOf>
          <AllOf>
            <Match MatchId=""urn:oasis:names:tc:xacml:1.0:function:string-equal"">
              <AttributeValue DataType=""http://www.w3.org/2001/XMLSchema#string"">Device.Microphone</AttributeValue>
              <ResourceAttributeDesignator AttributeId=""urn:xacml:device:attribute:resource-type"" DataType=""http://www.w3.org/2001/XMLSchema#string""/>
            </Match>
          </AllOf>
          <AllOf>
            <Match MatchId=""urn:oasis:names:tc:xacml:1.0:function:string-equal"">
              <AttributeValue DataType=""http://www.w3.org/2001/XMLSchema#string"">Location.Any</AttributeValue>
              <ResourceAttributeDesignator AttributeId=""urn:xacml:location:attribute:resource-type"" DataType=""http://www.w3.org/2001/XMLSchema#string""/>
            </Match>
          </AllOf>
        </AnyOf>
      </Resources>
    </Target>
  </Rule>

  <Rule RuleId=""urn:xacml:rule:46:DenyThirdPartyMarketingShare"" Effect=""Deny"">
    <Target>
      <Actions>
        <Action>
          <Match MatchId=""urn:oasis:names:tc:xacml:1.0:function:string-equal"">
            <AttributeValue DataType=""http://www.w3.org/2001/XMLSchema#string"">share</AttributeValue>
            <ActionAttributeDesignator AttributeId=""urn:xacml:1.0:action:action-id"" DataType=""http://www.w3.org/2001/XMLSchema#string""/>
          </Match>
        </Action>
      </Actions>
    </Target>
    <Condition>
      <Apply FunctionId=""urn:oasis:names:tc:xacml:1.0:function:and"">
        <Apply FunctionId=""urn:oasis:names:tc:xacml:1.0:function:string-equal"">
          <AttributeValue DataType=""http://www.w3.org/2001/XMLSchema#string"">marketing</AttributeValue>
          <AttributeDesignator AttributeId=""urn:xacml:context:attribute:purpose"" Category=""urn:oasis:names:tc:xacml:3.0:attribute-category:environment"" DataType=""http://www.w3.org/2001/XMLSchema#string""/>
        </Apply>
        <Apply FunctionId=""urn:oasis:names:tc:xacml:1.0:function:boolean-equal"">
          <AttributeValue DataType=""http://www.w3.org/2001/XMLSchema#boolean"">false</AttributeValue>
          <AttributeDesignator AttributeId=""urn:xacml:context:attribute:user-consent:granular"" Category=""urn:oasis:names:tc:xacml:3.0:attribute-category:environment"" DataType=""http://www.w3.org/2001/XMLSchema#boolean""/>
        </Apply>
      </Apply>
    </Condition>
  </Rule>
  
  <Rule RuleId=""urn:xacml:rule:46:DefaultDeny"" Effect=""Deny""/>
</Policy>";
47;Online shopping;Necessary permissions;Non autorizzoÊSHEIN,ÊTemuÊeÊVintedÊad accedere ai miei contatti, alla mia posizione o al microfono. Consento l'accesso alla fotocamera e a una selezione manuale di foto solo per la creazione delle inserzioni su Vinted. Nego esplicitamente il permesso di utilizzare i miei dati di navigazione e acquisto per creare profili comportamentali da condividere o vendere. L'uso dei dati  autorizzato solo per le finalitˆ transazionali strettamente legate all'acquisto o alla vendita di un articolo.;I do not authorize SHEIN, Temu, and Vinted to access my contacts, my location, or my microphone. I allow access to the camera and a manual selection of photos only for creating listings on Vinted. I explicitly deny permission to use my browsing and purchase data to create behavioral profiles to be shared or sold. The use of data is authorized only for transactional purposes strictly related to the purchase or sale of an item.;GEMINI 2.5;"<Policy PolicyId=""urn:xacml:policy:47:MarketplaceNecessaryPerms"" Version=""1.0"" RuleCombiningAlgId=""urn:oasis:names:tc:xacml:1.0:rule-combining-algorithm:deny-overrides"">
  <Description>Politiche di accesso per i marketplace (SHEIN, Temu, Vinted).</Description>
  <Target>
    <Subjects>
      <Subject>
        <Match MatchId=""urn:oasis:names:tc:xacml:1.0:function:string-equal"">
          <AttributeValue DataType=""http://www.w3.org/2001/XMLSchema#string"">SHEIN</AttributeValue>
          <SubjectAttributeDesignator AttributeId=""urn:oasis:names:tc:xacml:1.0:subject:subject-id"" DataType=""http://www.w3.org/2001/XMLSchema#string""/>
        </Match>
        <Match MatchId=""urn:oasis:names:tc:xacml:1.0:function:string-equal"">
          <AttributeValue DataType=""http://www.w3.org/2001/XMLSchema#string"">Temu</AttributeValue>
          <SubjectAttributeDesignator AttributeId=""urn:oasis:names:tc:xacml:1.0:subject:subject-id"" DataType=""http://www.w3.org/2001/XMLSchema#string""/>
        </Match>
        <Match MatchId=""urn:oasis:names:tc:xacml:1.0:function:string-equal"">
          <AttributeValue DataType=""http://www.w3.org/2001/XMLSchema#string"">Vinted</AttributeValue>
          <SubjectAttributeDesignator AttributeId=""urn:oasis:names:tc:xacml:1.0:subject:subject-id"" DataType=""http://www.w3.org/2001/XMLSchema#string""/>
        </Match>
      </Subjects>
    </Target>

  <Rule RuleId=""urn:xacml:rule:47:DenyContactLocationMic"" Effect=""Deny"">
    <Target>
      <Resources>
        <AnyOf>
          <AllOf>
            <Match MatchId=""urn:oasis:names:tc:xacml:1.0:function:string-equal"">
              <AttributeValue DataType=""http://www.w3.org/2001/XMLSchema#string"">User.ContactBook</AttributeValue>
              <ResourceAttributeDesignator AttributeId=""urn:xacml:data:attribute:resource-type"" DataType=""http://www.w3.org/2001/XMLSchema#string""/>
            </Match>
          </AllOf>
          <AllOf>
            <Match MatchId=""urn:oasis:names:tc:xacml:1.0:function:string-equal"">
              <AttributeValue DataType=""http://www.w3.org/2001/XMLSchema#string"">Location.Any</AttributeValue>
              <ResourceAttributeDesignator AttributeId=""urn:xacml:location:attribute:resource-type"" DataType=""http://www.w3.org/2001/XMLSchema#string""/>
            </Match>
          </AllOf>
          <AllOf>
            <Match MatchId=""urn:oasis:names:tc:xacml:1.0:function:string-equal"">
              <AttributeValue DataType=""http://www.w3.org/2001/XMLSchema#string"">Device.Microphone</AttributeValue>
              <ResourceAttributeDesignator AttributeId=""urn:xacml:device:attribute:resource-type"" DataType=""http://www.w3.org/2001/XMLSchema#string""/>
            </Match>
          </AllOf>
        </AnyOf>
      </Resources>
    </Target>
  </Rule>

  <Rule RuleId=""urn:xacml:rule:47:PermitVintedListingCamera"" Effect=""Permit"">
    <Target>
      <Subjects>
        <Subject>
          <Match MatchId=""urn:oasis:names:tc:xacml:1.0:function:string-equal"">
            <AttributeValue DataType=""http://www.w3.org/2001/XMLSchema#string"">Vinted</AttributeValue>
            <SubjectAttributeDesignator AttributeId=""urn:oasis:names:tc:xacml:1.0:subject:subject-id"" DataType=""http://www.w3.org/2001/XMLSchema#string""/>
          </Match>
        </Subject>
      </Subjects>
      <Resources>
        <AnyOf>
          <AllOf>
            <Match MatchId=""urn:oasis:names:tc:xacml:1.0:function:string-equal"">
              <AttributeValue DataType=""http://www.w3.org/2001/XMLSchema#string"">Device.Camera</AttributeValue>
              <ResourceAttributeDesignator AttributeId=""urn:xacml:device:attribute:resource-type"" DataType=""http://www.w3.org/2001/XMLSchema#string""/>
            </Match>
          </AllOf>
          <AllOf>
            <Match MatchId=""urn:oasis:names:tc:xacml:1.0:function:string-equal"">
              <AttributeValue DataType=""http://www.w3.org/2001/XMLSchema#string"">Device.FileSystem.Media</AttributeValue>
              <ResourceAttributeDesignator AttributeId=""urn:xacml:device:attribute:resource-type"" DataType=""http://www.w3.org/2001/XMLSchema#string""/>
            </Match>
          </AllOf>
        </AnyOf>
      </Resources>
    </Target>
    <Condition>
      <Apply FunctionId=""urn:oasis:names:tc:xacml:1.0:function:string-equal"">
        <AttributeValue DataType=""http://www.w3.org/2001/XMLSchema#string"">create_listing</AttributeValue>
        <AttributeDesignator AttributeId=""urn:xacml:context:attribute:action-detail"" Category=""urn:oasis:names:tc:xacml:3.0:attribute-category:action"" DataType=""http://www.w3.org/2001/XMLSchema#string""/>
      </Apply>
    </Condition>
    <AdviceExpressions>
      <AdviceExpression AdviceId=""urn:xacml:advice:media-access:select-photos-only"" AppliesTo=""Permit"">
        <AttributeAssignmentExpression AttributeId=""urn:xacml:attribute:gallery-access-mode"">
          <AttributeValue DataType=""http://www.w3.org/2001/XMLSchema#string"">ManualSelection</AttributeValue>
        </AttributeAssignmentExpression>
      </AdviceExpression>
    </AdviceExpressions>
  </Rule>

  <Rule RuleId=""urn:xacml:rule:47:DenyBehavioralProfiling"" Effect=""Deny"">
    <Target>
      <Resources>
        <Resource>
          <Match MatchId=""urn:oasis:names:tc:xacml:1.0:function:string-equal"">
            <AttributeValue DataType=""http://www.w3.org/2001/XMLSchema#string"">ActivityData.Profiling</AttributeValue>
            <ResourceAttributeDesignator AttributeId=""urn:xacml:tracking:attribute:resource-type"" DataType=""http://www.w3.org/2001/XMLSchema#string""/>
          </Match>
        </Resource>
      </Resources>
      <Actions>
        <Action>
          <Match MatchId=""urn:oasis:names:tc:xacml:1.0:function:string-equal"">
            <AttributeValue DataType=""http://www.w3.org/2001/XMLSchema#string"">use</AttributeValue>
            <ActionAttributeDesignator AttributeId=""urn:xacml:1.0:action:action-id"" DataType=""http://www.w3.org/2001/XMLSchema#string""/>
          </Match>
        </Action>
      </Actions>
    </Target>
    <Condition>
      <Apply FunctionId=""urn:oasis:names:tc:xacml:1.0:function:string-equal"">
        <AttributeValue DataType=""http://www.w3.org/2001/XMLSchema#string"">behavioral_profiling</AttributeValue>
        <AttributeDesignator AttributeId=""urn:xacml:context:attribute:purpose"" Category=""urn:oasis:names:tc:xacml:3.0:attribute-category:environment"" DataType=""http://www.w3.org/2001/XMLSchema#string""/>
      </Apply>
    </Condition>
  </Rule>
  
  <Rule RuleId=""urn:xacml:rule:47:DefaultDeny"" Effect=""Deny""/>
</Policy>";
48;Music and streaming;Ask every time;Autorizzo Spotify e Deezer ad accedere allo spazio di archiviazione solo per il download di brani per l'ascolto offline. Non consento l'accesso al microfono per le funzioni di ricerca vocale. Autorizzo Shazam ad accedere al microfono, ma solo previa attivazione manuale e per il tempo strettamente necessario al riconoscimento di un brano. Non consento a nessuna di queste app di utilizzare i dati di ascolto per tracciare la mia posizione o le mie abitudini al di fuori del contesto di suggerimenti musicali interni all'app stessa.;I authorize Spotify and Deezer to access storage space only for downloading tracks for offline listening. I do not allow microphone access for voice search functions. I authorize Shazam to access the microphone, but only after manual activation and for the time strictly necessary to recognize a song. I do not allow any of these apps to use listening data to track my location or my habits outside the context of music suggestions within the app itself.;GEMINI 2.5;"<Policy PolicyId=""urn:xacml:policy:48:MusicStreamingLimitedAccess"" Version=""1.0"" RuleCombiningAlgId=""urn:oasis:names:tc:xacml:1.0:rule-combining-algorithm:deny-overrides"">
  <Description>Politica di accesso ristretto per app musicali e streaming.</Description>
  <Target/>

  <Rule RuleId=""urn:xacml:rule:48:PermitStorageForOffline"" Effect=""Permit"">
    <Target>
      <Subjects>
        <Subject>
          <Match MatchId=""urn:oasis:names:tc:xacml:1.0:function:string-equal"">
            <AttributeValue DataType=""http://www.w3.org/2001/XMLSchema#string"">Spotify</AttributeValue>
            <SubjectAttributeDesignator AttributeId=""urn:oasis:names:tc:xacml:1.0:subject:subject-id"" DataType=""http://www.w3.org/2001/XMLSchema#string""/>
          </Match>
          <Match MatchId=""urn:oasis:names:tc:xacml:1.0:function:string-equal"">
            <AttributeValue DataType=""http://www.w3.org/2001/XMLSchema#string"">Deezer</AttributeValue>
            <SubjectAttributeDesignator AttributeId=""urn:oasis:names:tc:xacml:1.0:subject:subject-id"" DataType=""http://www.w3.org/2001/XMLSchema#string""/>
          </Match>
        </Subject>
      </Subjects>
      <Resources>
        <Resource>
          <Match MatchId=""urn:oasis:names:tc:xacml:1.0:function:string-equal"">
            <AttributeValue DataType=""http://www.w3.org/2001/XMLSchema#string"">Device.Storage</AttributeValue>
            <ResourceAttributeDesignator AttributeId=""urn:xacml:device:attribute:resource-type"" DataType=""http://www.w3.org/2001/XMLSchema#string""/>
          </Match>
        </Resource>
      </Resources>
      <Actions>
        <Action>
          <Match MatchId=""urn:oasis:names:tc:xacml:1.0:function:string-equal"">
            <AttributeValue DataType=""http://www.w3.org/2001/XMLSchema#string"">download_offline</AttributeValue>
            <ActionAttributeDesignator AttributeId=""urn:xacml:1.0:action:action-id"" DataType=""http://www.w3.org/2001/XMLSchema#string""/>
          </Match>
        </Action>
      </Actions>
    </Target>
  </Rule>

  <Rule RuleId=""urn:xacml:rule:48:DenyMicForStreaming"" Effect=""Deny"">
    <Target>
      <Subjects>
        <Subject>
          <Match MatchId=""urn:oasis:names:tc:xacml:1.0:function:string-equal"">
            <AttributeValue DataType=""http://www.w3.org/2001/XMLSchema#string"">Spotify</AttributeValue>
            <SubjectAttributeDesignator AttributeId=""urn:oasis:names:tc:xacml:1.0:subject:subject-id"" DataType=""http://www.w3.org/2001/XMLSchema#string""/>
          </Match>
          <Match MatchId=""urn:oasis:names:tc:xacml:1.0:function:string-equal"">
            <AttributeValue DataType=""http://www.w3.org/2001/XMLSchema#string"">Deezer</AttributeValue>
            <SubjectAttributeDesignator AttributeId=""urn:oasis:names:tc:xacml:1.0:subject:subject-id"" DataType=""http://www.w3.org/2001/XMLSchema#string""/>
          </Match>
        </Subject>
      </Subjects>
      <Resources>
        <Resource>
          <Match MatchId=""urn:oasis:names:tc:xacml:1.0:function:string-equal"">
            <AttributeValue DataType=""http://www.w3.org/2001/XMLSchema#string"">Device.Microphone</AttributeValue>
            <ResourceAttributeDesignator AttributeId=""urn:xacml:device:attribute:resource-type"" DataType=""http://www.w3.org/2001/XMLSchema#string""/>
          </Match>
        </Resource>
      </Resources>
    </Target>
  </Rule>

  <Rule RuleId=""urn:xacml:rule:48:PermitShazamOnExplicitRequest"" Effect=""Permit"">
    <Target>
      <Subjects>
        <Subject>
          <Match MatchId=""urn:oasis:names:tc:";
49;Geolocation and navigation;Access only while in use;Consento aÊGoogle MapsÊeÊWazeÊl'accesso alla mia posizione precisa solo ed esclusivamente mentre l'app  in primo piano e attiva per una sessione di navigazione. Non autorizzo la memorizzazione della cronologia delle posizioni o il tracciamento in background per finalitˆ di suggerimenti personalizzati o profilazione pubblicitaria. Qualsiasi dato sulla mobilitˆ deve essere trattato in forma aggregata e anonima.;I allow Google Maps and Waze to access my precise location only and exclusively while the app is in the foreground and active for a navigation session. I do not authorize the storage of location history or background tracking for personalized suggestions or advertising profiling purposes. Any mobility data must be treated in aggregate and anonymous form.;GEMINI 2.5;"<Policy PolicyId=""urn:xacml:policy:49:NavigationAccessOnlyInUse"" Version=""1.0"" RuleCombiningAlgId=""urn:oasis:names:tc:xacml:1.0:rule-combining-algorithm:deny-overrides"">
  <Description>Politica di accesso alla posizione precisa limitato all'uso attivo per la navigazione.</Description>
  <Target>
    <Subjects>
      <Subject>
        <Match MatchId=""urn:oasis:names:tc:xacml:1.0:function:string-equal"">
          <AttributeValue DataType=""http://www.w3.org/2001/XMLSchema#string"">GoogleMaps</AttributeValue>
          <SubjectAttributeDesignator AttributeId=""urn:oasis:names:tc:xacml:1.0:subject:subject-id"" DataType=""http://www.w3.org/2001/XMLSchema#string""/>
        </Match>
        <Match MatchId=""urn:oasis:names:tc:xacml:1.0:function:string-equal"">
          <AttributeValue DataType=""http://www.w3.org/2001/XMLSchema#string"">Waze</AttributeValue>
          <SubjectAttributeDesignator AttributeId=""urn:oasis:names:tc:xacml:1.0:subject:subject-id"" DataType=""http://www.w3.org/2001/XMLSchema#string""/>
        </Match>
      </Subjects>
    </Target>

  <Rule RuleId=""urn:xacml:rule:49:PermitPreciseLocationInForeground"" Effect=""Permit"">
    <Target>
      <Resources>
        <Resource>
          <Match MatchId=""urn:oasis:names:tc:xacml:1.0:function:string-equal"">
            <AttributeValue DataType=""http://www.w3.org/2001/XMLSchema#string"">Location.Precise</AttributeValue>
            <ResourceAttributeDesignator AttributeId=""urn:xacml:location:attribute:resource-type"" DataType=""http://www.w3.org/2001/XMLSchema#string""/>
          </Match>
        </Resource>
      </Resources>
    </Target>
    <Condition>
      <Apply FunctionId=""urn:oasis:names:tc:xacml:1.0:function:and"">
        <Apply FunctionId=""urn:oasis:names:tc:xacml:1.0:function:string-equal"">
          <AttributeValue DataType=""http://www.w3.org/2001/XMLSchema#string"">foreground</AttributeValue>
          <AttributeDesignator AttributeId=""urn:xacml:context:attribute:app-status"" Category=""urn:oasis:names:tc:xacml:3.0:attribute-category:environment"" DataType=""http://www.w3.org/2001/XMLSchema#string""/>
        </Apply>
        <Apply FunctionId=""urn:oasis:names:tc:xacml:1.0:function:string-equal"">
          <AttributeValue DataType=""http://www.w3.org/2001/XMLSchema#string"">navigation_session</AttributeValue>
          <AttributeDesignator AttributeId=""urn:xacml:context:attribute:action-detail"" Category=""urn:oasis:names:tc:xacml:3.0:attribute-category:action"" DataType=""http://www.w3.org/2001/XMLSchema#string""/>
        </Apply>
      </Apply>
    </Condition>
    <AdviceExpressions>
      <AdviceExpression AdviceId=""urn:xacml:advice:data:anonymization"" AppliesTo=""Permit"">
        <AttributeAssignmentExpression AttributeId=""urn:xacml:attribute:data-treatment"">
          <AttributeValue DataType=""http://www.w3.org/2001/XMLSchema#string"">AggregatedAndAnonymous</AttributeValue>
        </AttributeAssignmentExpression>
      </AdviceExpression>
    </AdviceExpressions>
  </Rule>

  <Rule RuleId=""urn:xacml:rule:49:DenyLocationHistoryStorage"" Effect=""Deny"">
    <Target>
      <Resources>
        <Resource>
          <Match MatchId=""urn:oasis:names:tc:xacml:1.0:function:string-equal"">
            <AttributeValue DataType=""http://www.w3.org/2001/XMLSchema#string"">Location.History</AttributeValue>
            <ResourceAttributeDesignator AttributeId=""urn:xacml:location:attribute:resource-type"" DataType=""http://www.w3.org/2001/XMLSchema#string""/>
          </Match>
        </Resource>
      </Resources>
      <Actions>
        <Action>
          <Match MatchId=""urn:oasis:names:tc:xacml:1.0:function:string-equal"">
            <AttributeValue DataType=""http://www.w3.org/2001/XMLSchema#string"">store</AttributeValue>
            <ActionAttributeDesignator AttributeId=""urn:xacml:1.0:action:action-id"" DataType=""http://www.w3.org/2001/XMLSchema#string""/>
          </Match>
        </Action>
      </Actions>
    </Target>
    <Condition>
      <Apply FunctionId=""urn:oasis:names:tc:xacml:1.0:function:or"">
        <Apply FunctionId=""urn:oasis:names:tc:xacml:1.0:function:string-equal"">
          <AttributeValue DataType=""http://www.w3.org/2001/XMLSchema#string"">personalized_suggestions</AttributeValue>
          <AttributeDesignator AttributeId=""urn:xacml:context:attribute:purpose"" Category=""urn:oasis:names:tc:xacml:3.0:attribute-category:environment"" DataType=""http://www.w3.org/2001/XMLSchema#string""/>
        </Apply>
        <Apply FunctionId=""urn:oasis:names:tc:xacml:1.0:function:string-equal"">
          <AttributeValue DataType=""http://www.w3.org/2001/XMLSchema#string"">advertising_profiling</AttributeValue>
          <AttributeDesignator AttributeId=""urn:xacml:context:attribute:purpose"" Category=""urn:oasis:names:tc:xacml:3.0:attribute-category:environment"" DataType=""http://www.w3.org/2001/XMLSchema#string""/>
        </Apply>
      </Apply>
    </Condition>
  </Rule>

  <Rule RuleId=""urn:xacml:rule:49:DenyBackgroundTracking"" Effect=""Deny"">
    <Target>
      <Resources>
        <Resource>
          <Match MatchId=""urn:oasis:names:tc:xacml:1.0:function:string-equal"">
            <AttributeValue DataType=""http://www.w3.org/2001/XMLSchema#string"">Location.Any</AttributeValue>
            <ResourceAttributeDesignator AttributeId=""urn:xacml:location:attribute:resource-type"" DataType=""http://www.w3.org/2001/XMLSchema#string""/>
          </Match>
        </Resource>
      </Resources>
    </Target>
    <Condition>
      <Apply FunctionId=""urn:oasis:names:tc:xacml:1.0:function:string-equal"">
        <AttributeValue DataType=""http://www.w3.org/2001/XMLSchema#string"">background</AttributeValue>
        <AttributeDesignator AttributeId=""urn:xacml:context:attribute:app-status"" Category=""urn:oasis:names:tc:xacml:3.0:attribute-category:environment"" DataType=""http://www.w3.org/2001/XMLSchema#string""/>
      </Apply>
    </Condition>
  </Rule>

  <Rule RuleId=""urn:xacml:rule:49:DefaultDeny"" Effect=""Deny""/>
</Policy>";
50;Cloud and productivity;Limited access;Autorizzo le app di servizi cloud ad accedere ai file e all'archiviazione per le funzioni di sincronizzazione e backup. Consento l'accesso alla fotocamera solo per la funzione Scansiona documento e previa attivazione manuale. La sincronizzazione automatica dei file in background  permessa solo quando il dispositivo  connesso a una rete Wi-Fi e in carica, per preservare batteria e dati mobili. Non consento l'analisi del contenuto dei miei file per finalitˆ pubblicitarie.;I authorize cloud service apps to access files and storage for synchronization and backup functions. I allow camera access only for the 'Scan document' function and after manual activation. Automatic background file synchronization is allowed only when the device is connected to a Wi-Fi network and charging, to preserve battery and mobile data. I do not allow the analysis of my file content for advertising purposes.;GEMINI 2.5;"<Policy PolicyId=""urn:xacml:policy:50:CloudLimitedAccess"" Version=""1.0"" RuleCombiningAlgId=""urn:oasis:names:tc:xacml:1.0:rule-combining-algorithm:deny-overrides"">
  <Description>Politica di accesso limitato per app di servizi cloud e produttivitˆ.</Description>
  <Target>
    <Subjects>
      <Subject>
        <Match MatchId=""urn:oasis:names:tc:xacml:1.0:function:string-equal"">
          <AttributeValue DataType=""http://www.w3.org/2001/XMLSchema#string"">CloudServiceApp</AttributeValue>
          <SubjectAttributeDesignator AttributeId=""urn:oasis:names:tc:xacml:1.0:subject:subject-id"" DataType=""http://www.w3.org/2001/XMLSchema#string""/>
        </Match>
      </Subjects>
    </Target>

  <Rule RuleId=""urn:xacml:rule:50:PermitStorageForCoreFunctions"" Effect=""Permit"">
    <Target>
      <Resources>
        <Resource>
          <Match MatchId=""urn:oasis:names:tc:xacml:1.0:function:string-equal"">
            <AttributeValue DataType=""http://www.w3.org/2001/XMLSchema#string"">Device.Storage</AttributeValue>
            <ResourceAttributeDesignator AttributeId=""urn:xacml:device:attribute:resource-type"" DataType=""http://www.w3.org/2001/XMLSchema#string""/>
          </Match>
        </Resource>
      </Resources>
      <Actions>
        <AnyOf>
          <AllOf>
            <Match MatchId=""urn:oasis:names:tc:xacml:1.0:function:string-equal"">
              <AttributeValue DataType=""http://www.w3.org/2001/XMLSchema#string"">synchronize</AttributeValue>
              <ActionAttributeDesignator AttributeId=""urn:xacml:1.0:action:action-id"" DataType=""http://www.w3.org/2001/XMLSchema#string""/>
            </Match>
          </AllOf>
          <AllOf>
            <Match MatchId=""urn:oasis:names:tc:xacml:1.0:function:string-equal"">
              <AttributeValue DataType=""http://www.w3.org/2001/XMLSchema#string"">backup</AttributeValue>
              <ActionAttributeDesignator AttributeId=""urn:xacml:1.0:action:action-id"" DataType=""http://www.w3.org/2001/XMLSchema#string""/>
            </Match>
          </AllOf>
        </AnyOf>
      </Actions>
    </Target>
  </Rule>

  <Rule RuleId=""urn:xacml:rule:50:PermitCameraForScanning"" Effect=""Permit"">
    <Target>
      <Resources>
        <Resource>
          <Match MatchId=""urn:oasis:names:tc:xacml:1.0:function:string-equal"">
            <AttributeValue DataType=""http://www.w3.org/2001/XMLSchema#string"">Device.Camera</AttributeValue>
            <ResourceAttributeDesignator AttributeId=""urn:xacml:device:attribute:resource-type"" DataType=""http://www.w3.org/2001/XMLSchema#string""/>
          </Match>
        </Resource>
      </Resources>
    </Target>
    <Condition>
      <Apply FunctionId=""urn:oasis:names:tc:xacml:1.0:function:string-equal"">
        <AttributeValue DataType=""http://www.w3.org/2001/XMLSchema#string"">scan_document</AttributeValue>
        <AttributeDesignator AttributeId=""urn:xacml:context:attribute:action-detail"" Category=""urn:oasis:names:tc:xacml:3.0:attribute-category:action"" DataType=""http://www.w3.org/2001/XMLSchema#string""/>
      </Apply>
    </Condition>
  </Rule>

  <Rule RuleId=""urn:xacml:rule:50:PermitBackgroundSyncConditional"" Effect=""Permit"">
    <Target>
      <Actions>
        <Action>
          <Match MatchId=""urn:oasis:names:tc:xacml:1.0:function:string-equal"">
            <AttributeValue DataType=""http://www.w3.org/2001/XMLSchema#string"">synchronize_automatic</AttributeValue>
            <ActionAttributeDesignator AttributeId=""urn:xacml:1.0:action:action-id"" DataType=""http://www.w3.org/2001/XMLSchema#string""/>
          </Match>
        </Action>
      </Actions>
    </Target>
    <Condition>
      <Apply FunctionId=""urn:oasis:names:tc:xacml:1.0:function:and"">
        <Apply FunctionId=""urn:oasis:names:tc:xacml:1.0:function:string-equal"">
          <AttributeValue DataType=""http://www.w3.org/2001/XMLSchema#string"">background</AttributeValue>
          <AttributeDesignator AttributeId=""urn:xacml:context:attribute:app-status"" Category=""urn:oasis:names:tc:xacml:3.0:attribute-category:environment"" DataType=""http://www.w3.org/2001/XMLSchema#string""/>
        </Apply>
        <Apply FunctionId=""urn:oasis:names:tc:xacml:1.0:function:and"">
          <Apply FunctionId=""urn:oasis:names:tc:xacml:1.0:function:boolean-equal"">
            <AttributeValue DataType=""http://www.w3.org/2001/XMLSchema#boolean"">true</AttributeValue>
            <AttributeDesignator AttributeId=""urn:xacml:context:attribute:network-status:wifi"" Category=""urn:oasis:names:tc:xacml:3.0:attribute-category:environment"" DataType=""http://www.w3.org/2001/XMLSchema#boolean""/>
          </Apply>
          <Apply FunctionId=""urn:oasis:names:tc:xacml:1.0:function:boolean-equal"">
            <AttributeValue DataType=""http://www.w3.org/2001/XMLSchema#boolean"">true</AttributeValue>
            <AttributeDesignator AttributeId=""urn:xacml:context:attribute:device-status:charging"" Category=""urn:oasis:names:tc:xacml:3.0:attribute-category:environment"" DataType=""http://www.w3.org/2001/XMLSchema#boolean""/>
          </Apply>
        </Apply>
      </Apply>
    </Condition>
  </Rule>

  <Rule RuleId=""urn:xacml:rule:50:DenyContentAnalysisForAds"" Effect=""Deny"">
    <Target>
      <Resources>
        <Resource>
          <Match MatchId=""urn:oasis:names:tc:xacml:1.0:function:string-equal"">
            <AttributeValue DataType=""http://www.w3.org/2001/XMLSchema#string"">File.Content</AttributeValue>
            <ResourceAttributeDesignator AttributeId=""urn:xacml:data:attribute:resource-type"" DataType=""http://www.w3.org/2001/XMLSchema#string""/>
          </Match>
        </Resource>
      </Resources>
      <Actions>
        <Action>
          <Match MatchId=""urn:oasis:names:tc:xacml:1.0:function:string-equal"">
            <AttributeValue DataType=""http://www.w3.org/2001/XMLSchema#string"">analyze</AttributeValue>
            <ActionAttributeDesignator AttributeId=""urn:xacml:1.0:action:action-id"" DataType=""http://www.w3.org/2001/XMLSchema#string""/>
          </Match>
        </Action>
      </Actions>
    </Target>
    <Condition>
      <Apply FunctionId=""urn:oasis:names:tc:xacml:1.0:function:string-equal"">
        <AttributeValue DataType=""http://www.w3.org/2001/XMLSchema#string"">advertising_profiling</AttributeValue>
        <AttributeDesignator AttributeId=""urn:xacml:context:attribute:purpose"" Category=""urn:oasis:names:tc:xacml:3.0:attribute-category:environment"" DataType=""http://www.w3.org/2001/XMLSchema#string""/>
      </Apply>
    </Condition>
  </Rule>

  <Rule RuleId=""urn:xacml:rule:50:DefaultDeny"" Effect=""Deny""/>
</Policy>";
51;General preferences;User Profile: Ask every time;Voglio che le mie app non possano leggere i miei contatti senza il mio esplicito consenso, e che ogni volta venga richiesto il permesso prima di accedere alla rubrica, cos“ scelgo io quali informazioni condividere.;I want my apps to be unable to read my contacts without my explicit consent, and for permission to be requested every time before accessing the address book, so I can choose what information to share.;GPT-5.1;"<Policy PolicyId=""urn:example:policy:block3:51"" Version=""1.0""
      RuleCombiningAlgId=""urn:oasis:names:tc:xacml:1.0:rule-combining-algorithm:deny-overrides"">
    <Description>Voglio che le mie app non possano leggere i miei contatti senza il mio esplicito consenso, e che ogni volta venga richiesto il permesso prima di accedere alla rubrica, cos“ scelgo io quali informazioni condividere.</Description>
    <Rule RuleId=""rule51"" Effect=""Permit"">
      <Description>Subject=User; Action=request; Resource=contacts; Condition=consent=explicit</Description>
    </Rule>
  </Policy>";
52;General preferences;User Profile: Personal privacy;Voglio gestire attentamente la mia privacy sul dispositivo mobile. Le app non devono avere accesso al microfono o alla fotocamera se non sto attivamente utilizzando il servizio, e ogni volta che voglio registrare audio o scattare foto, desidero dare il mio consenso esplicito. La mia posizione non deve essere tracciata in background: voglio condividerla solo quando apro app specifiche come le mappe o i servizi di navigazione. Inoltre, lÕaccesso ai miei file e ai miei contatti deve essere sempre soggetto alla mia approvazione, cos“ posso decidere caso per caso quali informazioni condividere. Non voglio che le app raccolgano dati sulla mia attivitˆ o cronologia di navigazione senza il mio permesso, e desidero avere notifiche chiare ogni volta che unÕapp richiede dati sensibili, cos“ posso valutare se consentire o meno.;I want to carefully manage my privacy on my mobile device. Apps must not have access to the microphone or camera unless I am actively using the service, and every time I want to record audio or take photos, I want to give my explicit consent. My location must not be tracked in the background: I only want to share it when I open specific apps like maps or navigation services. Furthermore, access to my files and contacts must always be subject to my approval, so I can decide on a case-by-case basis what information to share. I do not want apps to collect data about my activity or browsing history without my permission, and I want clear notifications every time an app requests sensitive data, so I can evaluate whether to allow it or not.;GPT-5.1;"<Policy PolicyId=""urn:example:policy:block3:52"" Version=""1.0""
      RuleCombiningAlgId=""urn:oasis:names:tc:xacml:1.0:rule-combining-algorithm:deny-overrides"">
    <Description>Voglio gestire attentamente la mia privacy sul dispositivo mobile. Le app non devono avere accesso al microfono o alla fotocamera se non sto attivamente utilizzando il servizio, e ogni volta che voglio registrare audio o scattare foto, desidero dare il mio consenso esplicito. La mia posizione non deve essere tracciata in background: voglio condividerla solo quando apro app specifiche come le mappe o i servizi di navigazione. Inoltre, lÕaccesso ai miei file e ai miei contatti deve essere sempre soggetto alla mia approvazione, cos“ posso decidere caso per caso quali informazioni condividere. Non voglio che le app raccolgano dati sulla mia attivitˆ o cronologia di navigazione senza il mio permesso, e desidero avere notifiche chiare ogni volta che unÕapp richiede dati sensibili, cos“ posso valutare se consentire o meno.</Description>
    <Rule RuleId=""rule52"" Effect=""Permit"">
      <Description>Subject=User; Action=access; Resource=microphone,camera,location,file,contacts,browsing-data; Condition=request=explicit, app-state=foreground</Description>
    </Rule>
  </Policy>";
53;General preferences;User Profile: Selective and conscious use;Gestisco la mia privacy in modo selettivo e consapevole. Non consento aÊGlovoÊdi accedere alla mia posizione esatta se non quando rilascio una specifica autorizzazione mentre sto utilizzando lÕapp per ordinare. Concedo invece aÊWhatsApp, Telegram e InstagramÊlÕaccesso al microfono, alla fotocamera e ai file multimediali, perchŽ li uso per comunicare e condividere contenuti, ma non autorizzo lÕuso della posizione se non in situazioni strettamente necessarie, come lÕinvio della posizione in chat. Per quanto riguardaÊGoogle Maps e Waze, permetto lÕaccesso costante alla posizione solo durante la navigazione attiva, ma nego ogni tracciamento in background. Non consento a nessuna app di accedere ai miei contatti senza permesso esplicito: ogni richiesta deve essere autorizzata caso per caso. Infine, vieto lÕaccesso alla cronologia delle chiamate e degli SMS, dato che non ritengo siano dati indispensabili al funzionamento delle applicazioni che utilizzo quotidianamente.;I manage my privacy selectively and consciously. I do not allow DoorDash to access my exact location unless I grant specific authorization while I am using the app to order. However, I grant WhatsApp, Telegram, and Instagram access to the microphone, camera, and media files, because I use them to communicate and share content, but I do not authorize the use of location except in strictly necessary situations, like sending my location in a chat. As for Google Maps and Waze, I allow constant location access only during active navigation, but I deny any background tracking. I do not allow any app to access my contacts without explicit permission: every request must be authorized on a case-by-case basis. Finally, I prohibit access to call history and SMS, as I do not consider this data essential for the functioning of the applications I use daily.;GPT-5.1;"<Policy PolicyId=""urn:example:policy:block3:53"" Version=""1.0""
      RuleCombiningAlgId=""urn:oasis:names:tc:xacml:1.0:rule-combining-algorithm:deny-overrides"">
    <Description>Gestisco la mia privacy in modo selettivo e consapevole. Non consento aÊGlovoÊdi accedere alla mia posizione esatta se non quando rilascio una specifica autorizzazione mentre sto utilizzando lÕapp per ordinare. Concedo invece aÊWhatsApp, Telegram e InstagramÊlÕaccesso al microfono, alla fotocamera e ai file multimediali, perchŽ li uso per comunicare e condividere contenuti, ma non autorizzo lÕuso della posizione se non in situazioni strettamente necessarie, come lÕinvio della posizione in chat. Per quanto riguardaÊGoogle Maps e Waze, permetto lÕaccesso costante alla posizione solo durante la navigazione attiva, ma nego ogni tracciamento in background. Non consento a nessuna app di accedere ai miei contatti senza permesso esplicito: ogni richiesta deve essere autorizzata caso per caso. Infine, vieto lÕaccesso alla cronologia delle chiamate e degli SMS, dato che non ritengo siano dati indispensabili al funzionamento delle applicazioni che utilizzo quotidianamente.</Description>
    <Rule RuleId=""rule53"" Effect=""Permit"">
      <Description>Subject=User; Action=access; Resource=microphone,camera,image,contacts,location,sms; Condition=request=explicit, purpose=communication</Description>
    </Rule>
  </Policy>";
54;General preferences;User Profile: Balancing functionality and privacy;Gestisco le autorizzazioni sul mio smartphone in maniera selettiva. Consento aÊWhatsApp e TelegramÊlÕuso del microfono, della fotocamera e della galleria per poter inviare messaggi vocali, foto e video, ma non permetto mai lÕaccesso alla mia posizione in background: la condivido solo manualmente quando lo decido io. PerÊGlovo e Uber Eats, consento la posizione esatta esclusivamente durante lÕuso dellÕapp e nego ogni altro tipo di tracciamento.ÊFacebook e TikTokÊpossono accedere alla fotocamera e ai file multimediali, ma non autorizzo la registrazione dellÕaudio o lÕuso del microfono. Infine, per leÊapp bancarieÊ(come Intesa Sanpaolo e Poste Italiane), concedo lÕuso della fotocamera unicamente per la scansione dei QR code o dei documenti, ma non autorizzo nŽ posizione nŽ accesso ai contatti.;I manage permissions on my smartphone selectively. I allow WhatsApp and Telegram to use the microphone, camera, and gallery to send voice messages, photos, and videos, but I never allow background access to my location: I only share it manually when I decide to. For DoorDash and Uber Eats, I allow precise location exclusively while using the app and deny any other type of tracking. Facebook and TikTok can access the camera and media files, but I do not authorize audio recording or microphone use. Finally, for banking apps (like Bank of America and Wells Fargo), I grant camera use only for scanning QR codes or documents, but I do not authorize location or contact access.;GPT-5.1;"<Policy PolicyId=""urn:example:policy:block3:54"" Version=""1.0""
      RuleCombiningAlgId=""urn:oasis:names:tc:xacml:1.0:rule-combining-algorithm:deny-overrides"">
    <Description>Gestisco le autorizzazioni sul mio smartphone in maniera selettiva. Consento aÊWhatsApp e TelegramÊlÕuso del microfono, della fotocamera e della galleria per poter inviare messaggi vocali, foto e video, ma non permetto mai lÕaccesso alla mia posizione in background: la condivido solo manualmente quando lo decido io. PerÊGlovo e Uber Eats, consento la posizione esatta esclusivamente durante lÕuso dellÕapp e nego ogni altro tipo di tracciamento.ÊFacebook e TikTokÊpossono accedere alla fotocamera e ai file multimediali, ma non autorizzo la registrazione dellÕaudio o lÕuso del microfono. Infine, per leÊapp bancarieÊ(come Intesa Sanpaolo e Poste Italiane), concedo lÕuso della fotocamera unicamente per la scansione dei QR code o dei documenti, ma non autorizzo nŽ posizione nŽ accesso ai contatti.</Description>
    <Rule RuleId=""rule54"" Effect=""Permit"">
      <Description>Subject=User; Action=access; Resource=camera,image,microphone,location; Condition=app-state=foreground, purpose=communication, tracking=disabled</Description>
    </Rule>
  </Policy>";
55;General preferences;User Profile: No profiling;Non voglio che il mio dispositivo raccolga dati senza il mio controllo. AutorizzoÊSpotify e YouTube MusicÊad accedere ai miei file audio solo quando serve per importare la musica dal telefono, ma non consento lÕuso del microfono per funzioni di ricerca vocale.ÊInstagram e SnapchatÊpossono accedere alla fotocamera e alla galleria, ma nego qualsiasi tracciamento della posizione. ConÊGoogle Maps e Waze, la posizione  consentita esclusivamente durante la navigazione attiva: vieto il monitoraggio in background. Non permetto aÊGmailÊo ad altre app di posta di accedere ai miei contatti senza autorizzazione manuale, e disattivo in generale la possibilitˆ di collegare automaticamente la rubrica. Infine, nessuna app ha accesso ai miei SMS, a parteÊlÕapp di autenticazione bancaria, che utilizzo solo per ricevere codici di sicurezza.;I do not want my device to collect data without my control. I authorize Spotify and YouTube Music to access my audio files only when needed to import music from the phone, but I do not allow microphone use for voice search functions. Instagram and Snapchat can access the camera and gallery, but I deny any location tracking. With Google Maps and Waze, location is allowed exclusively during active navigation: I prohibit background monitoring. I do not allow Gmail or other email apps to access my contacts without manual authorization, and I generally disable the ability to automatically link the address book. Finally, no app has access to my SMS, except for the banking authentication app, which I use only to receive security codes.;GPT-5.1;"<Policy PolicyId=""urn:example:policy:block3:55"" Version=""1.0""
      RuleCombiningAlgId=""urn:oasis:names:tc:xacml:1.0:rule-combining-algorithm:deny-overrides"">
    <Description>Non voglio che il mio dispositivo raccolga dati senza il mio controllo. AutorizzoÊSpotify e YouTube MusicÊad accedere ai miei file audio solo quando serve per importare la musica dal telefono, ma non consento lÕuso del microfono per funzioni di ricerca vocale.ÊInstagram e SnapchatÊpossono accedere alla fotocamera e alla galleria, ma nego qualsiasi tracciamento della posizione. ConÊGoogle Maps e Waze, la posizione  consentita esclusivamente durante la navigazione attiva: vieto il monitoraggio in background. Non permetto aÊGmailÊo ad altre app di posta di accedere ai miei contatti senza autorizzazione manuale, e disattivo in generale la possibilitˆ di collegare automaticamente la rubrica. Infine, nessuna app ha accesso ai miei SMS, a parteÊlÕapp di autenticazione bancaria, che utilizzo solo per ricevere codici di sicurezza.</Description>
    <Rule RuleId=""rule55"" Effect=""Permit"">
      <Description>Subject=User; Action=access; Resource=audio-file,camera,image,contacts,location,sms; Condition=app-state=foreground, tracking=disabled</Description>
    </Rule>
  </Policy>";
56;General preferences;User Profile: Ask every time;La mia regola principale  che ogni app deve chiedere permesso prima di accedere a dati sensibili. Concedo aÊTeams e ZoomÊil microfono e la fotocamera durante le riunioni, ma non in background. PerÊTikTok e Facebook, consento lÕuso della fotocamera e dei file, ma non il microfono nŽ lÕaccesso ai miei contatti.ÊNetflix e Prime VideoÊnon hanno bisogno di nessun dato personale, quindi non permetto accesso a microfono, posizione o rubrica. Per leÊapp di viaggioÊ(Booking, Ryanair, Italo), consento la posizione solo quando sto cercando o prenotando, ma non autorizzo tracciamenti continui. Infine, alleÊapp di fitnessÊcome Strava e Fitbit, permetto lÕuso dei sensori di movimento e del GPS, ma solo durante gli allenamenti che avvio io, non in modo permanente.;My main rule is that every app must ask permission before accessing sensitive data. I grant Teams and Zoom microphone and camera access during meetings, but not in the background. For TikTok and Facebook, I allow camera and file use, but not the microphone or access to my contacts. Netflix and Prime Video do not need any personal data, so I do not allow access to the microphone, location, or address book. For travel apps (like Expedia, Delta, and Amtrak), I allow location only when I am searching or booking, but I do not authorize continuous tracking. Finally, for fitness apps like Strava and Fitbit, I allow the use of motion sensors and GPS, but only during workouts I start myself, not permanently.;GPT-5.1;"<Policy PolicyId=""urn:example:policy:block3:56"" Version=""1.0""
      RuleCombiningAlgId=""urn:oasis:names:tc:xacml:1.0:rule-combining-algorithm:deny-overrides"">
    <Description>La mia regola principale  che ogni app deve chiedere permesso prima di accedere a dati sensibili. Concedo aÊTeams e ZoomÊil microfono e la fotocamera durante le riunioni, ma non in background. PerÊTikTok e Facebook, consento lÕuso della fotocamera e dei file, ma non il microfono nŽ lÕaccesso ai miei contatti.ÊNetflix e Prime VideoÊnon hanno bisogno di nessun dato personale, quindi non permetto accesso a microfono, posizione o rubrica. Per leÊapp di viaggioÊ(Booking, Ryanair, Italo), consento la posizione solo quando sto cercando o prenotando, ma non autorizzo tracciamenti continui. Infine, alleÊapp di fitnessÊcome Strava e Fitbit, permetto lÕuso dei sensori di movimento e del GPS, ma solo durante gli allenamenti che avvio io, non in modo permanente.</Description>
    <Rule RuleId=""rule56"" Effect=""Permit"">
      <Description>Subject=User; Action=request; Resource=microphone,camera,file,location,sensor; Condition=request=each-use, purpose=meeting, app-state=foreground</Description>
    </Rule>
  </Policy>";
57;General preferences;User Profile: Selective and conscious use;Tengo molto alla gestione dei miei dati.ÊWhatsApp, Signal e TelegramÊpossono accedere a microfono, fotocamera e galleria, ma nego categoricamente lÕuso della posizione, tranne quando voglio condividere manualmente un luogo. ConÊLinkedIn e Twitter/XÊconcedo solo lÕaccesso ai file multimediali, escludendo microfono e contatti.ÊGoogle MapsÊha accesso alla posizione solo quando lÕapp  in primo piano e non pu˜ tracciare percorsi in background. Non consento aÊTikTokÊdi accedere nŽ a rubrica nŽ a file locali, mentre perÊSpotifyÊconsento lÕaccesso a file audio ma non a microfono o fotocamera. LeÊapp bancarieÊhanno accesso limitato alla fotocamera per i QR code e non possono accedere a nessun altro dato.;I care a lot about managing my data. WhatsApp, Signal, and Telegram can access the microphone, camera, and gallery, but I categorically deny location use, except when I want to manually share a place. With LinkedIn and Twitter/X, I only grant access to media files, excluding the microphone and contacts. Google Maps has location access only when the app is in the foreground and cannot track routes in the background. I do not allow TikTok to access either the address book or local files, while for Spotify, I allow access to audio files but not the microphone or camera. Banking apps have limited camera access for QR codes and cannot access any other data.;GPT-5.1;"<Policy PolicyId=""urn:example:policy:block3:57"" Version=""1.0""
      RuleCombiningAlgId=""urn:oasis:names:tc:xacml:1.0:rule-combining-algorithm:deny-overrides"">
    <Description>Tengo molto alla gestione dei miei dati.ÊWhatsApp, Signal e TelegramÊpossono accedere a microfono, fotocamera e galleria, ma nego categoricamente lÕuso della posizione, tranne quando voglio condividere manualmente un luogo. ConÊLinkedIn e Twitter/XÊconcedo solo lÕaccesso ai file multimediali, escludendo microfono e contatti.ÊGoogle MapsÊha accesso alla posizione solo quando lÕapp  in primo piano e non pu˜ tracciare percorsi in background. Non consento aÊTikTokÊdi accedere nŽ a rubrica nŽ a file locali, mentre perÊSpotifyÊconsento lÕaccesso a file audio ma non a microfono o fotocamera. LeÊapp bancarieÊhanno accesso limitato alla fotocamera per i QR code e non possono accedere a nessun altro dato.</Description>
    <Rule RuleId=""rule57"" Effect=""Permit"">
      <Description>Subject=User; Action=access; Resource=camera,microphone,image,contacts,audio-file; Condition=purpose=communication, app-state=foreground</Description>
    </Rule>
  </Policy>";
58;Messaging;Access only while in use / Ask every time;AutorizzoÊWhatsApp, Telegram e SignalÊad accedere a microfono, fotocamera e file multimediali. Non autorizzo queste app ad accedere alla mia posizione, salvo esplicita condivisione manuale. Nego a tutte le app di messaggistica lÕaccesso ai miei contatti se non dietro richiesta specifica.;I authorize WhatsApp, Telegram, and Signal to access the microphone, camera, and media files. I do not authorize these apps to access my location, except for explicit manual sharing. I deny all messaging apps access to my contacts unless upon specific request.;GPT-5.1;"<Policy PolicyId=""urn:example:policy:block3:58"" Version=""1.0""
      RuleCombiningAlgId=""urn:oasis:names:tc:xacml:1.0:rule-combining-algorithm:deny-overrides"">
    <Description>AutorizzoÊWhatsApp, Telegram e SignalÊad accedere a microfono, fotocamera e file multimediali. Non autorizzo queste app ad accedere alla mia posizione, salvo esplicita condivisione manuale. Nego a tutte le app di messaggistica lÕaccesso ai miei contatti se non dietro richiesta specifica.</Description>
    <Rule RuleId=""rule58"" Effect=""Permit"">
      <Description>Subject=User; Action=access; Resource=camera,microphone,media,contacts,location; Condition=request=each-use, purpose=communication</Description>
    </Rule>
  </Policy>";
59;Food delivery and home services;Access only while in use;Consento a Glovo e Uber Eats lÕaccesso alla posizione esatta solo durante lÕutilizzo dellÕapp. Non consento a queste app lÕaccesso a fotocamera, microfono o rubrica. Nego qualsiasi tracciamento della posizione in background.;I allow DoorDash and Uber Eats to access my exact location only while using the app. I do not allow these apps to access the camera, microphone, or address book. I deny any background location tracking.;GPT-5.1;"<Policy PolicyId=""urn:example:policy:block3:59"" Version=""1.0""
      RuleCombiningAlgId=""urn:oasis:names:tc:xacml:1.0:rule-combining-algorithm:deny-overrides"">
    <Description>Consento a Glovo e Uber Eats lÕaccesso alla posizione esatta solo durante lÕutilizzo dellÕapp. Non consento a queste app lÕaccesso a fotocamera, microfono o rubrica. Nego qualsiasi tracciamento della posizione in background.</Description>
    <Rule RuleId=""rule59"" Effect=""Permit"">
      <Description>Subject=User; Action=access; Resource=location; Condition=app-state=foreground, tracking=disabled</Description>
    </Rule>
  </Policy>";
60;Geolocation and navigation;Access only while in use;Autorizzo Google Maps e Waze ad accedere alla mia posizione solo mentre utilizzo la navigazione. Nego a queste app lÕaccesso permanente alla posizione in background. Non consento lÕuso del microfono per i comandi vocali senza autorizzazione manuale.;I authorize Google Maps and Waze to access my location only while I am using navigation. I deny these apps permanent background location access. The use of the microphone for voice commands is not allowed without manual authorization.;GPT-5.1;"<Policy PolicyId=""urn:example:policy:block4:60"" Version=""1.0"">
    <Description>Autorizzo Google Maps e Waze ad accedere alla mia posizione solo mentre utilizzo la navigazione. Nego a queste app lÕaccesso permanente alla posizione in background. Non consento lÕuso del microfono per i comandi vocali senza autorizzazione manuale.</Description>
    <Rule RuleId=""rule60"" Effect=""Permit"">
      <Description>Subject=User; Action=access; Resource=location,microphone; Condition=app-state=foreground, request=explicit, tracking=disabled</Description>
    </Rule>
  </Policy>";
61;Social media and entertainment;No access;Concedo a Instagram, TikTok e Facebook lÕaccesso alla fotocamera e ai file multimediali. Non autorizzo queste app ad accedere al microfono nŽ alla mia posizione. Nego lÕaccesso alla rubrica e ai contatti salvati sul dispositivo.;I grant Instagram, TikTok, and Facebook access to the camera and media files. I do not authorize these apps to access the microphone or my location. I deny access to the address book and contacts saved on the device.;GPT-5.1;"<Policy PolicyId=""urn:example:policy:block4:61"" Version=""1.0"">
    <Description>Concedo a Instagram, TikTok e Facebook lÕaccesso alla fotocamera e ai file multimediali. Non autorizzo queste app ad accedere al microfono nŽ alla mia posizione. Nego lÕaccesso alla rubrica e ai contatti salvati sul dispositivo.</Description>
    <Rule RuleId=""rule61"" Effect=""Permit"">
      <Description>Subject=User; Action=access; Resource=camera,media; Condition=microphone=denied, location=denied, contacts=denied</Description>
    </Rule>
  </Policy>";
62;Banking and payment apps;Limited access;Autorizzo le app bancarie (Intesa Sanpaolo, Poste Italiane, Unicredit) allÕuso della fotocamera solo per scansione QR code o documenti. Non autorizzo queste app ad accedere a microfono, posizione o rubrica. Consento esclusivamente allÕapp di autenticazione bancaria lÕaccesso agli SMS per i codici OTP.;I authorize banking apps (like Bank of America, Wells Fargo, Chase) to use the camera only for scanning QR codes or documents. I do not authorize these apps to access the microphone, location, or address book. I only allow the banking authentication app to access SMS for OTP codes.;GPT-5.1;"<Policy PolicyId=""urn:example:policy:block4:62"" Version=""1.0"">
    <Description>Autorizzo le app bancarie (Intesa Sanpaolo, Poste Italiane, Unicredit) allÕuso della fotocamera solo per scansione QR code o documenti. Non autorizzo queste app ad accedere a microfono, posizione o rubrica. Consento esclusivamente allÕapp di autenticazione bancaria lÕaccesso agli SMS per i codici OTP.</Description>
    <Rule RuleId=""rule62"" Effect=""Permit"">
      <Description>Subject=User; Action=access; Resource=camera,sms; Condition=purpose=authentication, request=explicit, app-state=foreground</Description>
    </Rule>
  </Policy>";
63;Music and streaming;No access;Autorizzo Spotify e YouTube Music ad accedere ai file audio sul dispositivo. Non autorizzo queste app ad accedere a microfono, posizione, fotocamera o contatti. Nego qualsiasi raccolta di dati in background non necessari al funzionamento.;I authorize Spotify and YouTube Music to access audio files on the device. I do not authorize these apps to access the microphone, location, camera, or contacts. I deny any background data collection not necessary for operation.;GPT-5.1;"<Policy PolicyId=""urn:example:policy:block4:63"" Version=""1.0"">
    <Description>Autorizzo Spotify e YouTube Music ad accedere ai file audio sul dispositivo. Non autorizzo queste app ad accedere a microfono, posizione, fotocamera o contatti. Nego qualsiasi raccolta di dati in background non necessari al funzionamento.</Description>
    <Rule RuleId=""rule63"" Effect=""Permit"">
      <Description>Subject=User; Action=access; Resource=audio-file; Condition=tracking=disabled, background-collection=denied</Description>
    </Rule>
  </Policy>";
64;Messaging;Access only while in use / Ask every time;WhatsApp, Telegram, Signal: Autorizzo lÕaccesso a microfono, fotocamera e file multimediali. Non autorizzo lÕaccesso alla posizione se non in caso di esplicita condivisione manuale. LÕaccesso ai contatti deve essere sempre soggetto a mia approvazione.;WhatsApp, Telegram, Signal: I authorize access to the microphone, camera, and media files. I do not authorize access to the location unless explicitly shared manually. Access to contacts must always be subject to my approval.;GPT-5.1;"<Policy PolicyId=""urn:example:policy:block4:64"" Version=""1.0"">
    <Description>WhatsApp, Telegram, Signal: Autorizzo lÕaccesso a microfono, fotocamera e file multimediali. Non autorizzo lÕaccesso alla posizione se non in caso di esplicita condivisione manuale. LÕaccesso ai contatti deve essere sempre soggetto a mia approvazione.</Description>
    <Rule RuleId=""rule64"" Effect=""Permit"">
      <Description>Subject=User; Action=access; Resource=camera,microphone,media,contacts; Condition=location=manual, request=each-use</Description>
    </Rule>
  </Policy>";
65;Social media and entertainment;No access;Instagram, Facebook, TikTok, Twitter/X: Concedo lÕaccesso a fotocamera e file multimediali. Non autorizzo lÕuso del microfono e della posizione. Nego lÕaccesso ai contatti salvati sul dispositivo.;Instagram, Facebook, TikTok, Twitter/X: I grant access to the camera and media files. I do not authorize the use of the microphone and location. I deny access to contacts saved on the device.;GPT-5.1;"<Policy PolicyId=""urn:example:policy:block4:65"" Version=""1.0"">
    <Description>Instagram, Facebook, TikTok, Twitter/X: Concedo lÕaccesso a fotocamera e file multimediali. Non autorizzo lÕuso del microfono e della posizione. Nego lÕaccesso ai contatti salvati sul dispositivo.</Description>
    <Rule RuleId=""rule65"" Effect=""Permit"">
      <Description>Subject=User; Action=access; Resource=camera,media; Condition=microphone=denied, location=denied, contacts=denied</Description>
    </Rule>
  </Policy>";
66;Food delivery and home services;Access only while in use;Glovo, Uber Eats, Uber, Bolt: Consento lÕaccesso alla posizione esatta solo durante lÕutilizzo attivo dellÕapp. Nego qualsiasi tracciamento della posizione in background. Non autorizzo lÕaccesso a fotocamera, microfono e rubrica.;DoorDash, Uber Eats, Uber, Lyft: I allow access to the exact location only during the active use of the app. I deny any background location tracking. I do not authorize access to the camera, microphone, or address book.;GPT-5.1;"<Policy PolicyId=""urn:example:policy:block4:66"" Version=""1.0"">
    <Description>Glovo, Uber Eats, Uber, Bolt: Consento lÕaccesso alla posizione esatta solo durante lÕutilizzo attivo dellÕapp. Nego qualsiasi tracciamento della posizione in background. Non autorizzo lÕaccesso a fotocamera, microfono e rubrica.</Description>
    <Rule RuleId=""rule66"" Effect=""Permit"">
      <Description>Subject=User; Action=access; Resource=location; Condition=app-state=foreground, tracking=disabled, camera=denied, microphone=denied, contacts=denied</Description>
    </Rule>
  </Policy>";
67;Geolocation and navigation;Access only while in use / Ask every time;Google Maps, Waze: Autorizzo lÕaccesso alla posizione esclusivamente mentre utilizzo la funzione di navigazione. Non autorizzo il monitoraggio della posizione in background. LÕuso del microfono per comandi vocali deve essere richiesto di volta in volta.;Google Maps, Waze: I authorize access to the location exclusively while using the navigation function. I do not authorize background location monitoring. The use of the microphone for voice commands must be requested each time.;GPT-5.1;"<Policy PolicyId=""urn:example:policy:block4:67"" Version=""1.0"">
    <Description>Google Maps, Waze: Autorizzo lÕaccesso alla posizione esclusivamente mentre utilizzo la funzione di navigazione. Non autorizzo il monitoraggio della posizione in background. LÕuso del microfono per comandi vocali deve essere richiesto di volta in volta.</Description>
    <Rule RuleId=""rule67"" Effect=""Permit"">
      <Description>Subject=User; Action=access; Resource=location,microphone; Condition=app-state=foreground, request=each-use, tracking=disabled</Description>
    </Rule>
  </Policy>";
68;Banking and payment apps;Necessary permissions;Intesa Sanpaolo, Poste Italiane, Unicredit, app OTP: Autorizzo lÕuso della fotocamera solo per la scansione di documenti o codici QR. Non autorizzo lÕaccesso a posizione, microfono o rubrica. Consento lÕaccesso agli SMS unicamente per la ricezione di codici OTP.;Bank of America, Wells Fargo, Chase, OTP app: I authorize the use of the camera only for scanning documents or QR codes. I do not authorize access to location, microphone, or address book. I allow access to SMS only for receiving OTP codes.;GPT-5.1;"<Policy PolicyId=""urn:example:policy:block4:68"" Version=""1.0"">
    <Description>Intesa Sanpaolo, Poste Italiane, Unicredit, app OTP: Autorizzo lÕuso della fotocamera solo per la scansione di documenti o codici QR. Non autorizzo lÕaccesso a posizione, microfono o rubrica. Consento lÕaccesso agli SMS unicamente per la ricezione di codici OTP.</Description>
    <Rule RuleId=""rule68"" Effect=""Permit"">
      <Description>Subject=User; Action=access; Resource=camera,sms; Condition=purpose=authentication, request=explicit, app-state=foreground</Description>
    </Rule>
  </Policy>";
69;Music and streaming;No access;Spotify, YouTube Music, Netflix, Prime Video: Concedo lÕaccesso ai file audio e multimediali locali solo per lÕimportazione dei contenuti. Non autorizzo lÕaccesso a microfono, posizione, fotocamera o contatti. Disattivo ogni forma di raccolta dati in background non essenziale al funzionamento.;Spotify, YouTube Music, Netflix, Prime Video: I grant access to local audio and media files only for importing content. I do not authorize access to the microphone, location, camera, or contacts. I disable all forms of background data collection not essential for operation.;GPT-5.1;"<Policy PolicyId=""urn:example:policy:block4:69"" Version=""1.0"">
    <Description>Spotify, YouTube Music, Netflix, Prime Video: Concedo lÕaccesso ai file audio e multimediali locali solo per lÕimportazione dei contenuti. Non autorizzo lÕaccesso a microfono, posizione, fotocamera o contatti. Disattivo ogni forma di raccolta dati in background non essenziale al funzionamento.</Description>
    <Rule RuleId=""rule69"" Effect=""Permit"">
      <Description>Subject=User; Action=access; Resource=audio-file,media; Condition=microphone=denied, location=denied, tracking=disabled</Description>
    </Rule>
  </Policy>";
70;Fitness and health;Access only while in use;Strava, Fitbit, Google Fit: Autorizzo lÕaccesso a GPS e sensori di movimento solo durante lÕattivitˆ che avvio manualmente. Non autorizzo il monitoraggio in background. Nego lÕaccesso a contatti, microfono e file multimediali.;Strava, Fitbit, Google Fit: I authorize access to GPS and motion sensors only during the activity I manually start. I do not authorize background monitoring. I deny access to contacts, microphone, and media files.;GPT-5.1;"<Policy PolicyId=""urn:example:policy:block4:70"" Version=""1.0"">
    <Description>Strava, Fitbit, Google Fit: Autorizzo lÕaccesso a GPS e sensori di movimento solo durante lÕattivitˆ che avvio manualmente. Non autorizzo il monitoraggio in background. Nego lÕaccesso a contatti, microfono e file multimediali.</Description>
    <Rule RuleId=""rule70"" Effect=""Permit"">
      <Description>Subject=User; Action=access; Resource=gps,motion-sensor; Condition=app-state=foreground, tracking=disabled</Description>
    </Rule>
  </Policy>";
71;Messaging;Access only while in use / Ask every time;WhatsApp, Telegram, Signal: Autorizzo lÕaccesso a microfono, fotocamera e file multimediali per permettere la piena funzionalitˆ delle chat. Non consento per˜ lÕaccesso alla mia posizione, salvo quando decido di condividerla manualmente, e richiedo che lÕaccesso ai contatti sia sempre soggetto a mia approvazione.;WhatsApp, Telegram, Signal: I authorize access to the microphone, camera, and media files to allow full chat functionality. However, I do not allow access to my location, unless I decide to share it manually, and I require that access to contacts always be subject to my approval.;GPT-5.1;"<Policy PolicyId=""urn:example:policy:block4:71"" Version=""1.0"">
    <Description>WhatsApp, Telegram, Signal: Autorizzo lÕaccesso a microfono, fotocamera e file multimediali per permettere la piena funzionalitˆ delle chat. Non consento per˜ lÕaccesso alla mia posizione, salvo quando decido di condividerla manualmente, e richiedo che lÕaccesso ai contatti sia sempre soggetto a mia approvazione.</Description>
    <Rule RuleId=""rule71"" Effect=""Permit"">
      <Description>Subject=User; Action=access; Resource=camera,microphone,media,contacts,location; Condition=request=each-use, app-state=foreground</Description>
    </Rule>
  </Policy>";
72;Social media and entertainment;No access;Instagram, Facebook, TikTok, X/Twitter: Concedo lÕuso della fotocamera e della galleria per la condivisione dei contenuti, ma nego lÕuso del microfono, della posizione e della rubrica. Queste app non devono raccogliere dati aggiuntivi in background oltre a quelli strettamente necessari al loro funzionamento.;Instagram, Facebook, TikTok, X/Twitter: I grant the use of the camera and gallery for sharing content, but I deny the use of the microphone, location, and address book. These apps must not collect additional data in the background beyond what is strictly necessary for their operation.;GPT-5.1;"<Policy PolicyId=""urn:example:policy:block4:72"" Version=""1.0"">
    <Description>Instagram, Facebook, TikTok, X/Twitter: Concedo lÕuso della fotocamera e della galleria per la condivisione dei contenuti, ma nego lÕuso del microfono, della posizione e della rubrica. Queste app non devono raccogliere dati aggiuntivi in background oltre a quelli strettamente necessari al loro funzionamento.</Description>
    <Rule RuleId=""rule72"" Effect=""Permit"">
      <Description>Subject=User; Action=access; Resource=camera,media; Condition=microphone=denied, location=denied, contacts=denied, tracking=disabled</Description>
    </Rule>
  </Policy>";
73;Food delivery and home services;Access only while in use;Glovo, Uber Eats, Uber, Bolt: Autorizzo lÕaccesso alla posizione esatta solo quando utilizzo lÕapp per prenotare o ricevere una consegna. Non consento tracciamenti in background nŽ accessi a fotocamera, microfono o contatti.;DoorDash, Uber Eats, Uber, Lyft: I authorize access to the exact location only when I use the app to book or receive a delivery. I do not allow background tracking or access to the camera, microphone, or contacts.;GPT-5.1;"<Policy PolicyId=""urn:example:policy:block4:73"" Version=""1.0"">
    <Description>Glovo, Uber Eats, Uber, Bolt: Autorizzo lÕaccesso alla posizione esatta solo quando utilizzo lÕapp per prenotare o ricevere una consegna. Non consento tracciamenti in background nŽ accessi a fotocamera, microfono o contatti.</Description>
    <Rule RuleId=""rule73"" Effect=""Permit"">
      <Description>Subject=User; Action=access; Resource=location; Condition=app-state=foreground, tracking=disabled, camera=denied, microphone=denied, contacts=denied</Description>
    </Rule>
  </Policy>";
74;Geolocation and navigation;Access only while in use;Google Maps, Waze: Permetto lÕuso della posizione esclusivamente durante la navigazione attiva, vietando qualsiasi rilevamento in background. LÕuso del microfono per i comandi vocali deve avvenire solo dietro mia autorizzazione istantanea.;Google Maps, Waze: I allow the use of location exclusively during active navigation, prohibiting any background detection. The use of the microphone for voice commands must only occur after my instant authorization.;GPT-5.1;"<Policy PolicyId=""urn:example:policy:block4:74"" Version=""1.0"">
    <Description>Google Maps, Waze: Permetto lÕuso della posizione esclusivamente durante la navigazione attiva, vietando qualsiasi rilevamento in background. LÕuso del microfono per i comandi vocali deve avvenire solo dietro mia autorizzazione istantanea.</Description>
    <Rule RuleId=""rule74"" Effect=""Permit"">
      <Description>Subject=User; Action=access; Resource=location,microphone; Condition=request=explicit, app-state=foreground, tracking=disabled</Description>
    </Rule>
  </Policy>";
75;Banking and payment apps;Necessary permissions;Intesa Sanpaolo, Poste Italiane, Unicredit, app OTP: Consento lÕuso della fotocamera esclusivamente per la scansione di QR code o documenti. Non autorizzo queste app ad accedere a microfono, posizione o contatti. LÕaccesso agli SMS  concesso soltanto per la ricezione di codici OTP.;Bank of America, Wells Fargo, Chase, OTP app: I allow the use of the camera exclusively for scanning QR codes or documents. I do not authorize these apps to access the microphone, location, or contacts. Access to SMS is granted only for receiving OTP codes.;GPT-5.1;"<Policy PolicyId=""urn:example:policy:block4:75"" Version=""1.0"">
    <Description>Intesa Sanpaolo, Poste Italiane, Unicredit, app OTP: Consento lÕuso della fotocamera esclusivamente per la scansione di QR code o documenti. Non autorizzo queste app ad accedere a microfono, posizione o contatti. LÕaccesso agli SMS  concesso soltanto per la ricezione di codici OTP.</Description>
    <Rule RuleId=""rule75"" Effect=""Permit"">
      <Description>Subject=User; Action=access; Resource=camera,sms; Condition=purpose=authentication, request=explicit</Description>
    </Rule>
  </Policy>";
76;Music and streaming;No access;Spotify, YouTube Music, Netflix, Prime Video: Autorizzo lÕaccesso ai file multimediali locali quando serve importare contenuti, ma non consento lÕuso del microfono, della posizione o dei contatti. Non permetto a queste app di raccogliere dati in background al di fuori della riproduzione.;Spotify, YouTube Music, Netflix, Prime Video: I authorize access to local media files when needed to import content, but I do not allow the use of the microphone, location, or contacts. I do not permit these apps to collect background data outside of playback.;GPT-5.1;"<Policy PolicyId=""urn:example:policy:block4:76"" Version=""1.0"">
    <Description>Spotify, YouTube Music, Netflix, Prime Video: Autorizzo lÕaccesso ai file multimediali locali quando serve importare contenuti, ma non consento lÕuso del microfono, della posizione o dei contatti. Non permetto a queste app di raccogliere dati in background al di fuori della riproduzione.</Description>
    <Rule RuleId=""rule76"" Effect=""Permit"">
      <Description>Subject=User; Action=access; Resource=media,audio-file; Condition=microphone=denied, location=denied, tracking=disabled</Description>
    </Rule>
  </Policy>";
77;Fitness and health;Access only while in use;Strava, Fitbit, Google Fit: Consento lÕuso di GPS e sensori di movimento esclusivamente durante le attivitˆ che avvio manualmente. Non autorizzo monitoraggi in background e nego lÕaccesso a rubrica, microfono e file multimediali.;Strava, Fitbit, Google Fit: I allow the use of GPS and motion sensors exclusively during activities I manually start. I do not authorize background monitoring and deny access to the address book, microphone, and media files.;GPT-5.1;"<Policy PolicyId=""urn:example:policy:block4:77"" Version=""1.0"">
    <Description>Strava, Fitbit, Google Fit: Consento lÕuso di GPS e sensori di movimento esclusivamente durante le attivitˆ che avvio manualmente. Non autorizzo monitoraggi in background e nego lÕaccesso a rubrica, microfono e file multimediali.</Description>
    <Rule RuleId=""rule77"" Effect=""Permit"">
      <Description>Subject=User; Action=access; Resource=gps,motion-sensor; Condition=app-state=foreground, tracking=disabled</Description>
    </Rule>
  </Policy>";
78;Online shopping;Necessary permissions;Amazon, eBay, Zalando, Shein: Autorizzo lÕuso della fotocamera solo per scannerizzare codici a barre o QR. Non consento lÕaccesso a posizione, microfono o rubrica. Non permetto che queste app raccolgano dati sulla mia navigazione al di fuori delle sessioni attive di acquisto.;Amazon, eBay, Zalando, Shein: I authorize the use of the camera only for scanning barcodes or QR codes. I do not allow access to location, microphone, or address book. I do not permit these apps to collect data on my browsing outside of active shopping sessions.;GPT-5.1;"<Policy PolicyId=""urn:example:policy:block4:78"" Version=""1.0"">
    <Description>Amazon, eBay, Zalando, Shein: Autorizzo lÕuso della fotocamera solo per scannerizzare codici a barre o QR. Non consento lÕaccesso a posizione, microfono o rubrica. Non permetto che queste app raccolgano dati sulla mia navigazione al di fuori delle sessioni attive di acquisto.</Description>
    <Rule RuleId=""rule78"" Effect=""Permit"">
      <Description>Subject=User; Action=access; Resource=camera; Condition=purpose=purchase, location=denied, microphone=denied, contacts=denied</Description>
    </Rule>
  </Policy>";
79;Cloud and productivity;Limited access;Google Drive, Dropbox, iCloud, OneDrive: Consento lÕaccesso ai file e alle cartelle solo per la sincronizzazione dei contenuti che scelgo di caricare o scaricare. Non autorizzo queste app ad accedere a posizione, microfono, fotocamera o rubrica. Ogni sincronizzazione deve avvenire solo quando collego esplicitamente il mio account.;Google Drive, Dropbox, iCloud, OneDrive: I allow access to files and folders only for synchronizing the content I choose to upload or download. I do not authorize these apps to access location, microphone, camera, or address book. All synchronization must only occur when I explicitly link my account.;GPT-5.1;"<Policy PolicyId=""urn:example:policy:block4:79"" Version=""1.0"">
    <Description>Google Drive, Dropbox, iCloud, OneDrive: Consento lÕaccesso ai file e alle cartelle solo per la sincronizzazione dei contenuti che scelgo di caricare o scaricare. Non autorizzo queste app ad accedere a posizione, microfono, fotocamera o rubrica. Ogni sincronizzazione deve avvenire solo quando collego esplicitamente il mio account.</Description>
    <Rule RuleId=""rule79"" Effect=""Permit"">
      <Description>Subject=User; Action=access; Resource=file,folder; Condition=purpose=synchronization, app-state=foreground, request=explicit</Description>
    </Rule>
  </Policy>";
80;Cloud and productivity;Access only while in use / Ask every time;Gmail, Outlook, Teams, Zoom, Google Meet: Concedo lÕuso della fotocamera e del microfono solo durante le riunioni o le videochiamate che avvio io. Non consento accessi in background a dispositivi audio o video. LÕaccesso ai contatti  consentito esclusivamente per le funzioni di rubrica integrate, e deve sempre avvenire dietro mia conferma.;Gmail, Outlook, Teams, Zoom, Google Meet: I grant the use of the camera and microphone only during meetings or video calls that I start. I do not allow background access to audio or video devices. Access to contacts is allowed exclusively for integrated address book functions, and must always occur after my confirmation.;GPT-5.1;"<Policy PolicyId=""urn:example:policy:block4:80"" Version=""1.0"">
    <Description>Gmail, Outlook, Teams, Zoom, Google Meet: Concedo lÕuso della fotocamera e del microfono solo durante le riunioni o le videochiamate che avvio io. Non consento accessi in background a dispositivi audio o video. LÕaccesso ai contatti  consentito esclusivamente per le funzioni di rubrica integrate, e deve sempre avvenire dietro mia conferma.</Description>
    <Rule RuleId=""rule80"" Effect=""Permit"">
      <Description>Subject=User; Action=access; Resource=camera,microphone,contacts; Condition=purpose=meeting, app-state=foreground, request=each-use</Description>
    </Rule>
  </Policy>";
81;Messaging;Access only while in use / Ask every time;Autorizzo WhatsApp e Telegram allÕaccesso a microfono, fotocamera e file multimediali per permettere la piena funzionalitˆ delle chat. Non consento per˜ lÕaccesso alla mia posizione, salvo quando decido di condividerla manualmente, e richiedo che lÕaccesso ai contatti sia sempre soggetto a mia approvazione.;I authorize WhatsApp and Telegram to access the microphone, camera, and media files to allow full chat functionality. However, I do not allow access to my location, unless I decide to share it manually, and I require that access to contacts always be subject to my approval.;GPT-5.1;"<Policy PolicyId=""urn:example:policy:block4:81"" Version=""1.0"">
    <Description>Autorizzo WhatsApp e Telegram allÕaccesso a microfono, fotocamera e file multimediali per permettere la piena funzionalitˆ delle chat. Non consento per˜ lÕaccesso alla mia posizione, salvo quando decido di condividerla manualmente, e richiedo che lÕaccesso ai contatti sia sempre soggetto a mia approvazione.</Description>
    <Rule RuleId=""rule81"" Effect=""Permit"">
      <Description>Subject=User; Action=access; Resource=camera,microphone,media,contacts,location; Condition=request=each-use, app-state=foreground</Description>
    </Rule>
  </Policy>";
82;Banking and payment apps;Necessary permissions;Consento a Isybank lÕuso della fotocamera solo previa autorizzazione prima di ogni task. Non autorizzo ad accedere a microfono, posizione o contatti. LÕaccesso agli SMS  concesso soltanto per la ricezione di codici OTP.;I allow Chime to use the camera only after authorization before each task. I do not authorize access to the microphone, location, or contacts. Access to SMS is granted only for receiving OTP codes.;GPT-5.1;"<Policy PolicyId=""urn:example:policy:block4:82"" Version=""1.0"">
    <Description>Consento a Isybank lÕuso della fotocamera solo previa autorizzazione prima di ogni task. Non autorizzo ad accedere a microfono, posizione o contatti. LÕaccesso agli SMS  concesso soltanto per la ricezione di codici OTP.</Description>
    <Rule RuleId=""rule82"" Effect=""Permit"">
      <Description>Subject=User; Action=access; Resource=camera,sms; Condition=purpose=authentication, request=explicit</Description>
    </Rule>
  </Policy>";
83;Cloud and productivity;Access only while in use / Ask every time;Concedo lÕuso della fotocamera e del microfono a Teams e Zoom solo durante le riunioni o le videochiamate che avvio io. Non consento accessi in background a dispositivi audio o video. LÕaccesso ai contatti  consentito esclusivamente per le funzioni di rubrica integrate, e deve sempre avvenire dietro mia conferma.;I grant the use of the camera and microphone to Teams and Zoom only during meetings or video calls that I start. I do not allow background access to audio or video devices. Access to contacts is allowed exclusively for integrated address book functions, and must always occur after my confirmation.;GPT-5.1;"<Policy PolicyId=""urn:example:policy:block4:83"" Version=""1.0"">
    <Description>Concedo lÕuso della fotocamera e del microfono a Teams e Zoom solo durante le riunioni o le videochiamate che avvio io. Non consento accessi in background a dispositivi audio o video. LÕaccesso ai contatti  consentito esclusivamente per le funzioni di rubrica integrate, e deve sempre avvenire dietro mia conferma.</Description>
    <Rule RuleId=""rule83"" Effect=""Permit"">
      <Description>Subject=User; Action=access; Resource=camera,microphone,contacts; Condition=purpose=meeting, request=each-use</Description>
    </Rule>
  </Policy>";
84;Food delivery and home services;Access only while in use / Disable tracking;Consento a Glovo e Uber Eats di accedere alla mia posizione esatta solo durante lÕutilizzo attivo dellÕapp. Nego qualsiasi tracciamento in background e non autorizzo lÕaccesso a fotocamera, microfono o rubrica.;I allow DoorDash and Uber Eats to access my exact location only during active use of the app. I deny any background tracking and do not authorize access to the camera, microphone, or address book.;GPT-5.1;"<Policy PolicyId=""urn:example:policy:block4:84"" Version=""1.0"">
    <Description>Consento a Glovo e Uber Eats di accedere alla mia posizione esatta solo durante lÕutilizzo attivo dellÕapp. Nego qualsiasi tracciamento in background e non autorizzo lÕaccesso a fotocamera, microfono o rubrica.</Description>
    <Rule RuleId=""rule84"" Effect=""Permit"">
      <Description>Subject=User; Action=access; Resource=location; Condition=app-state=foreground, tracking=disabled, camera=denied, microphone=denied, contacts=denied</Description>
    </Rule>
  </Policy>";
85;Geolocation and navigation;Access only while in use / Ask every time;Autorizzo Google Maps e Waze allÕuso della posizione esclusivamente durante la navigazione. Non consento il monitoraggio della posizione in background. LÕuso del microfono per i comandi vocali deve essere sempre richiesto e confermato da me.;I authorize Google Maps and Waze to use the location exclusively during navigation. I do not allow background location monitoring. The use of the microphone for voice commands must always be requested and confirmed by me.;GPT-5.1;"<Policy PolicyId=""urn:example:policy:block4:85"" Version=""1.0"">
    <Description>Autorizzo Google Maps e Waze allÕuso della posizione esclusivamente durante la navigazione. Non consento il monitoraggio della posizione in background. LÕuso del microfono per i comandi vocali deve essere sempre richiesto e confermato da me.</Description>
    <Rule RuleId=""rule85"" Effect=""Permit"">
      <Description>Subject=User; Action=access; Resource=location,microphone; Condition=request=each-use, app-state=foreground, tracking=disabled</Description>
    </Rule>
  </Policy>";
86;Social media and entertainment;No access;Concedo a Instagram, Facebook e TikTok lÕuso della fotocamera e dei file multimediali per la pubblicazione di contenuti. Non autorizzo lÕaccesso al microfono, alla posizione nŽ alla mia rubrica.;I grant Instagram, Facebook, and TikTok the use of the camera and media files for publishing content. I do not authorize access to the microphone, location, or my address book.;GPT-5.1;"<Policy PolicyId=""urn:example:policy:block4:86"" Version=""1.0"">
    <Description>Concedo a Instagram, Facebook e TikTok lÕuso della fotocamera e dei file multimediali per la pubblicazione di contenuti. Non autorizzo lÕaccesso al microfono, alla posizione nŽ alla mia rubrica.</Description>
    <Rule RuleId=""rule86"" Effect=""Permit"">
      <Description>Subject=User; Action=access; Resource=camera,media; Condition=microphone=denied, location=denied, contacts=denied</Description>
    </Rule>
  </Policy>";
87;Music and streaming;No access;Autorizzo Spotify e YouTube Music allÕaccesso ai file audio locali per lÕimportazione di musica. Non consento lÕuso del microfono nŽ il tracciamento della posizione.;I authorize Spotify and YouTube Music to access local audio files for importing music. I do not allow the use of the microphone or location tracking.;GPT-5.1;"<Policy PolicyId=""urn:example:policy:block4:87"" Version=""1.0"">
    <Description>Autorizzo Spotify e YouTube Music allÕaccesso ai file audio locali per lÕimportazione di musica. Non consento lÕuso del microfono nŽ il tracciamento della posizione.</Description>
    <Rule RuleId=""rule87"" Effect=""Permit"">
      <Description>Subject=User; Action=access; Resource=audio-file; Condition=microphone=denied, tracking=disabled</Description>
    </Rule>
  </Policy>";
88;Music and streaming;Access only while in use / Disable tracking;Consento a Netflix e Prime Video la sola riproduzione di contenuti in streaming. Non autorizzo alcun accesso a microfono, fotocamera, file locali, posizione o contatti.;I allow Netflix and Prime Video only to stream content. I do not authorize any access to the microphone, camera, local files, location, or contacts.;GPT-5.1;"<Policy PolicyId=""urn:example:policy:block4:88"" Version=""1.0"">
    <Description>Consento a Netflix e Prime Video la sola riproduzione di contenuti in streaming. Non autorizzo alcun accesso a microfono, fotocamera, file locali, posizione o contatti.</Description>
    <Rule RuleId=""rule88"" Effect=""Permit"">
      <Description>Subject=User; Action=access; Resource=stream; Condition=camera=denied, microphone=denied, location=denied, contacts=denied</Description>
    </Rule>
  </Policy>";
89;Fitness and health;Necessary permissions;Autorizzo Strava e Fitbit ad accedere al GPS e ai sensori di movimento soltanto durante gli allenamenti che avvio manualmente. Nego qualsiasi tracciamento in background e non autorizzo lÕuso di contatti, fotocamera o microfono.;I authorize Strava and Fitbit to access GPS and motion sensors only during the workouts I manually start. I deny any background tracking and do not authorize the use of contacts, camera, or microphone.;GPT-5.1;"<Policy PolicyId=""urn:example:policy:block4:89"" Version=""1.0"">
    <Description>Autorizzo Strava e Fitbit ad accedere al GPS e ai sensori di movimento soltanto durante gli allenamenti che avvio manualmente. Nego qualsiasi tracciamento in background e non autorizzo lÕuso di contatti, fotocamera o microfono.</Description>
    <Rule RuleId=""rule89"" Effect=""Permit"">
      <Description>Subject=User; Action=access; Resource=gps,motion-sensor; Condition=app-state=foreground, tracking=disabled, contacts=denied, microphone=denied</Description>
    </Rule>
  </Policy>";
90;Online shopping;Limited access;Concedo a Amazon, eBay e Zalando lÕuso della fotocamera solo per la scansione di codici a barre o QR. Non autorizzo lÕaccesso a posizione, microfono o rubrica.;I grant Amazon, eBay, and Zalando the use of the camera only for scanning barcodes or QR codes. I do not authorize access to location, microphone, or address book.;GPT-5.1;"<Policy PolicyId=""urn:example:policy:block4:90"" Version=""1.0"">
    <Description>Concedo a Amazon, eBay e Zalando lÕuso della fotocamera solo per la scansione di codici a barre o QR. Non autorizzo lÕaccesso a posizione, microfono o rubrica.</Description>
    <Rule RuleId=""rule90"" Effect=""Permit"">
      <Description>Subject=User; Action=access; Resource=camera; Condition=purpose=purchase, location=denied, microphone=denied, contacts=denied</Description>
    </Rule>
  </Policy>";
91;Cloud and productivity;Limited access;Autorizzo Google Drive, Dropbox e iCloud ad accedere esclusivamente ai file che scelgo di caricare o scaricare. Non consento lÕuso di posizione, microfono, fotocamera o contatti senza autorizzazione specifica.;I authorize Google Drive, Dropbox, and iCloud to access only the files I choose to upload or download. I do not allow the use of location, microphone, camera, or contacts without specific authorization.;GPT-5.1;"<Policy PolicyId=""urn:example:policy:block5:91"" Version=""1.0"">
    <Description>Autorizzo Google Drive, Dropbox e iCloud ad accedere esclusivamente ai file che scelgo di caricare o scaricare. Non consento lÕuso di posizione, microfono, fotocamera o contatti senza autorizzazione specifica.</Description>
    <Rule RuleId=""rule91"" Effect=""Permit"">
      <Description>Subject=User; Action=access; Resource=file; Condition=purpose=synchronization, request=explicit, location=denied, microphone=denied, camera=denied, contacts=denied</Description>
    </Rule>
  </Policy>";
92;Cloud and productivity;Limited access;Consento a Gmail e Outlook di accedere ai miei contatti unicamente per la gestione della rubrica. Non autorizzo lÕuso della posizione o del microfono.;I allow Gmail and Outlook to access my contacts solely for address book management. I do not authorize the use of location or microphone.;GPT-5.1;"<Policy PolicyId=""urn:example:policy:block5:92"" Version=""1.0"">
    <Description>Consento a Gmail e Outlook di accedere ai miei contatti unicamente per la gestione della rubrica. Non autorizzo lÕuso della posizione o del microfono.</Description>
    <Rule RuleId=""rule92"" Effect=""Permit"">
      <Description>Subject=User; Action=access; Resource=contacts; Condition=purpose=address-book, location=denied, microphone=denied</Description>
    </Rule>
  </Policy>";
93;Social media and entertainment;No profiling;Non consento aÊInstagram, Facebook e TikTokÊdi raccogliere dati a scopo di profilazione pubblicitaria. Autorizzo unicamente lÕuso dei dati necessari al funzionamento dellÕapp.;I do not allow Instagram, Facebook, and TikTok to collect data for advertising profiling purposes. I only authorize the use of data necessary for the app's operation.;GPT-5.1;"<Policy PolicyId=""urn:example:policy:block5:93"" Version=""1.0"">
    <Description>Non consento aÊInstagram, Facebook e TikTokÊdi raccogliere dati a scopo di profilazione pubblicitaria. Autorizzo unicamente lÕuso dei dati necessari al funzionamento dellÕapp.</Description>
    <Rule RuleId=""rule93"" Effect=""Permit"">
      <Description>Subject=User; Action=use; Resource=data; Condition=purpose=functionality-only, profiling=denied, advertising=denied</Description>
    </Rule>
  </Policy>";
94;Music and streaming;No personalization;Nego aÊGoogle e YouTubeÊil consenso per la personalizzazione degli annunci. Permetto solo la visualizzazione di pubblicitˆ generiche non basate sulla mia cronologia di ricerca o sui miei interessi.;I deny Google and YouTube consent for ad personalization. I only allow the display of generic advertising not based on my search history or interests.;GPT-5.1;"<Policy PolicyId=""urn:example:policy:block5:94"" Version=""1.0"">
    <Description>Nego aÊGoogle e YouTubeÊil consenso per la personalizzazione degli annunci. Permetto solo la visualizzazione di pubblicitˆ generiche non basate sulla mia cronologia di ricerca o sui miei interessi.</Description>
    <Rule RuleId=""rule94"" Effect=""Permit"">
      <Description>Subject=User; Action=use; Resource=advertising-data; Condition=personalization=denied, ads=generic-only</Description>
    </Rule>
  </Policy>";
95;Online shopping;No profiling;Non autorizzoÊAmazon ed eBayÊa raccogliere dati sulla mia navigazione per suggerire prodotti o offerte personalizzate. Consento esclusivamente lÕuso dei dati relativi agli acquisti che effettuo.;I do not authorize Amazon and eBay to collect data on my browsing to suggest products or personalized offers. I only allow the use of data related to the purchases I make.;GPT-5.1;"<Policy PolicyId=""urn:example:policy:block5:95"" Version=""1.0"">
    <Description>Non autorizzoÊAmazon ed eBayÊa raccogliere dati sulla mia navigazione per suggerire prodotti o offerte personalizzate. Consento esclusivamente lÕuso dei dati relativi agli acquisti che effettuo.</Description>
    <Rule RuleId=""rule95"" Effect=""Permit"">
      <Description>Subject=User; Action=use; Resource=purchase-data; Condition=profiling=denied, purpose=transaction-only</Description>
    </Rule>
  </Policy>";
96;Music and streaming;No data use for ads / Experience personalization;Revoco a tutte le app diÊstreaming (Netflix, Prime Video, Spotify)ÊlÕautorizzazione a utilizzare i miei dati di ascolto o visione per fini pubblicitari. Autorizzo invece lÕuso dei dati solo per migliorare la mia esperienza utente (ad esempio, suggerimenti di film o brani in linea con ci˜ che guardo o ascolto).;I revoke permission from all streaming apps (Netflix, Prime Video, Spotify) to use my listening or viewing data for advertising purposes. I only authorize the use of data to improve my user experience (e.g., suggestions for movies or songs in line with what I watch or listen to).;GPT-5.1;"<Policy PolicyId=""urn:example:policy:block5:96"" Version=""1.0"">
    <Description>Revoco a tutte le app diÊstreaming (Netflix, Prime Video, Spotify)ÊlÕautorizzazione a utilizzare i miei dati di ascolto o visione per fini pubblicitari. Autorizzo invece lÕuso dei dati solo per migliorare la mia esperienza utente (ad esempio, suggerimenti di film o brani in linea con ci˜ che guardo o ascolto).</Description>
    <Rule RuleId=""rule96"" Effect=""Permit"">
      <Description>Subject=User; Action=use; Resource=usage-data; Condition=advertising=denied, personalization=allowed-for-experience-only</Description>
    </Rule>
  </Policy>";
97;Geolocation and navigation;No profiling;Non consento aÊGoogle Maps e WazeÊdi utilizzare la mia posizione a fini di marketing, nŽ di condividerla con terze parti per annunci personalizzati.;I do not allow Google Maps and Waze to use my location for marketing purposes, nor to share it with third parties for personalized ads.;GPT-5.1;"<Policy PolicyId=""urn:example:policy:block5:97"" Version=""1.0"">
    <Description>Non consento aÊGoogle Maps e WazeÊdi utilizzare la mia posizione a fini di marketing, nŽ di condividerla con terze parti per annunci personalizzati.</Description>
    <Rule RuleId=""rule97"" Effect=""Permit"">
      <Description>Subject=User; Action=access; Resource=location; Condition=purpose=navigation-only, marketing=denied, sharing=denied</Description>
    </Rule>
  </Policy>";
98;Cloud and productivity;No profiling;Nego aÊDropbox, Google Drive e iCloudÊla possibilitˆ di analizzare i miei file caricati a scopo di profilazione commerciale. LÕuso dei dati deve limitarsi esclusivamente alla sincronizzazione dei contenuti.;I deny Dropbox, Google Drive, and iCloud the ability to analyze my uploaded files for commercial profiling. The use of data must be limited exclusively to content synchronization.;GPT-5.1;"<Policy PolicyId=""urn:example:policy:block5:98"" Version=""1.0"">
    <Description>Nego aÊDropbox, Google Drive e iCloudÊla possibilitˆ di analizzare i miei file caricati a scopo di profilazione commerciale. LÕuso dei dati deve limitarsi esclusivamente alla sincronizzazione dei contenuti.</Description>
    <Rule RuleId=""rule98"" Effect=""Permit"">
      <Description>Subject=User; Action=access; Resource=file; Condition=purpose=synchronization-only, profiling=denied, analysis=denied</Description>
    </Rule>
  </Policy>";
99;Advertising data and tracking;No personalization;Disattivo la raccolta di dati per la pubblicitˆ personalizzata inÊtutte le app del mio dispositivo, consentendo unicamente lÕuso dei dati strettamente necessari al corretto funzionamento del servizio.;I disable data collection for personalized advertising in all apps on my device, allowing only the use of data strictly necessary for the service to function properly.;GPT-5.1;"<Policy PolicyId=""urn:example:policy:block5:99"" Version=""1.0"">
    <Description>Disattivo la raccolta di dati per la pubblicitˆ personalizzata inÊtutte le app del mio dispositivo, consentendo unicamente lÕuso dei dati strettamente necessari al corretto funzionamento del servizio.</Description>
    <Rule RuleId=""rule99"" Effect=""Permit"">
      <Description>Subject=User; Action=collect; Resource=personal-data; Condition=advertising=generic-only, personalization=denied</Description>
    </Rule>
  </Policy>";
100;Messaging;Access only while in use / Ask every time;Per quanto riguarda le app di messaggistica come WhatsApp, Telegram e Messenger, autorizzo lÕaccesso a microfono, fotocamera e file multimediali per garantire la piena funzionalitˆ delle conversazioni e delle chiamate. Non consento per˜ che abbiano accesso costante alla mia posizione: questa pu˜ essere condivisa solo manualmente da me, quando necessario. LÕaccesso ai contatti  consentito, ma pretendo che sia sempre legato esclusivamente alle funzioni di rubrica integrate, senza possibilitˆ di utilizzo a scopi pubblicitari.;Regarding messaging apps like WhatsApp, Telegram, and Messenger, I authorize access to the microphone, camera, and media files to ensure the full functionality of conversations and calls. However, I do not allow them to have constant access to my location: this can only be shared manually by me, when necessary. Access to contacts is allowed, but I require it to be exclusively linked to the integrated address book functions, with no possibility of use for advertising purposes.;GPT-5.1;"<Policy PolicyId=""urn:example:policy:block6:100"" Version=""1.0"">
    <Description>Per quanto riguarda le app di messaggistica come WhatsApp, Telegram e Messenger, autorizzo lÕaccesso a microfono, fotocamera e file multimediali per garantire la piena funzionalitˆ delle conversazioni e delle chiamate. Non consento per˜ che abbiano accesso costante alla mia posizione: questa pu˜ essere condivisa solo manualmente da me, quando necessario. LÕaccesso ai contatti  consentito, ma pretendo che sia sempre legato esclusivamente alle funzioni di rubrica integrate, senza possibilitˆ di utilizzo a scopi pubblicitari.</Description>
    <Rule RuleId=""rule100"" Effect=""Permit"">
      <Description>Subject=User; Action=access; Resource=microphone,camera,media,contacts,location; Condition=purpose=communication, request=each-use, location=manual-only, advertising-use=denied</Description>
    </Rule>
  </Policy>";
101;Online shopping;Necessary permissions / No profiling;Nelle app di shopping online come Amazon, Temu, AliExpress e Shein, autorizzo la fotocamera unicamente per scansionare codici a barre o QR, ma non consento accessi a microfono, posizione o rubrica. Inoltre, non autorizzo la profilazione dei miei dati di navigazione o acquisto a scopo di marketing: accetto solo che vengano raccolte le informazioni strettamente necessarie a completare gli ordini e gestire la consegna.;In online shopping apps like Amazon, Temu, AliExpress, and Shein, I authorize the camera only for scanning barcodes or QR codes, but I do not allow access to the microphone, location, or address book. Furthermore, I do not authorize the profiling of my browsing or purchase data for marketing purposes: I only accept the collection of information strictly necessary to complete orders and manage delivery.;GPT-5.1;"<Policy PolicyId=""urn:example:policy:block6:101"" Version=""1.0"">
    <Description>Nelle app di shopping online come Amazon, Temu, AliExpress e Shein, autorizzo la fotocamera unicamente per scansionare codici a barre o QR, ma non consento accessi a microfono, posizione o rubrica. Inoltre, non autorizzo la profilazione dei miei dati di navigazione o acquisto a scopo di marketing: accetto solo che vengano raccolte le informazioni strettamente necessarie a completare gli ordini e gestire la consegna.</Description>
    <Rule RuleId=""rule101"" Effect=""Permit"">
      <Description>Subject=User; Action=access; Resource=camera; Condition=purpose=order-processing, microphone=denied, contacts=denied, location=denied, profiling=denied, marketing=denied</Description>
    </Rule>
  </Policy>";
102;Music and streaming;Limited access / No profiling;Per le app musicali come Shazam, Spotify e Deezer, consento lÕaccesso al microfono soltanto quando avvio manualmente lÕascolto per riconoscere un brano o registrare contenuti audio. Spotify e Deezer possono accedere ai file multimediali locali per importare musica, ma non autorizzo nessuna di queste app ad accedere alla mia posizione o ai miei contatti. Disattivo la possibilitˆ che i dati di ascolto vengano utilizzati per fini pubblicitari, permettendo esclusivamente i suggerimenti personalizzati legati alla mia libreria musicale.;For music apps like Shazam, Spotify, and Deezer, I allow microphone access only when I manually start listening to recognize a song or record audio. Spotify and Deezer can access local media files to import music, but I do not authorize any of these apps to access my location or my contacts. I disable the possibility of listening data being used for advertising purposes, allowing only personalized suggestions related to my music library.;GPT-5.1;"<Policy PolicyId=""urn:example:policy:block6:102"" Version=""1.0"">
    <Description>Per le app musicali come Shazam, Spotify e Deezer, consento lÕaccesso al microfono soltanto quando avvio manualmente lÕascolto per riconoscere un brano o registrare contenuti audio. Spotify e Deezer possono accedere ai file multimediali locali per importare musica, ma non autorizzo nessuna di queste app ad accedere alla mia posizione o ai miei contatti. Disattivo la possibilitˆ che i dati di ascolto vengano utilizzati per fini pubblicitari, permettendo esclusivamente i suggerimenti personalizzati legati alla mia libreria musicale.</Description>
    <Rule RuleId=""rule102"" Effect=""Permit"">
      <Description>Subject=User; Action=access; Resource=microphone,media; Condition=purpose=music-identification, location=denied, contacts=denied, advertising-use=denied, personalization=internal-only</Description>
    </Rule>
  </Policy>";
103;Geolocation and navigation;Access only while in use / No profiling;Con riferimento alle app di geolocalizzazione come Google Maps, consento lÕuso della posizione esclusivamente durante la navigazione attiva. Non permetto alcun tracciamento in background e autorizzo lÕuso del microfono per i comandi vocali soltanto dietro richiesta specifica. Inoltre, nego lÕutilizzo dei miei dati di posizione per fini commerciali o pubblicitari.;With reference to geolocation apps like Google Maps, I allow the use of location exclusively during active navigation. I do not permit any background tracking and I authorize the use of the microphone for voice commands only upon specific request. Furthermore, I deny the use of my location data for commercial or advertising purposes.;GPT-5.1;"<Policy PolicyId=""urn:example:policy:block6:103"" Version=""1.0"">
    <Description>Con riferimento alle app di geolocalizzazione come Google Maps, consento lÕuso della posizione esclusivamente durante la navigazione attiva. Non permetto alcun tracciamento in background e autorizzo lÕuso del microfono per i comandi vocali soltanto dietro richiesta specifica. Inoltre, nego lÕutilizzo dei miei dati di posizione per fini commerciali o pubblicitari.</Description>
    <Rule RuleId=""rule103"" Effect=""Permit"">
      <Description>Subject=User; Action=access; Resource=location,microphone; Condition=app-state=foreground, tracking=denied, marketing=denied</Description>
    </Rule>
  </Policy>";
104;Banking and payment apps;Necessary permissions / No profiling;Per quanto riguarda i pagamenti digitali, nelle app come PostePay e Isybank, autorizzo lÕuso della fotocamera solo per scansioni di QR code o documenti e lÕaccesso agli SMS soltanto per ricevere codici OTP di sicurezza. Non consento in alcun modo lÕuso di microfono, posizione o contatti, e non autorizzo la raccolta di dati a fini di profilazione.;Regarding digital payments, in apps like Venmo and Chime, I authorize the use of the camera only for scanning QR codes or documents and access to SMS only for receiving security OTP codes. I do not allow the use of the microphone, location, or contacts in any way, and I do not authorize data collection for profiling purposes.;GPT-5.1;"<Policy PolicyId=""urn:example:policy:block6:104"" Version=""1.0"">
    <Description>Per quanto riguarda i pagamenti digitali, nelle app come PostePay e Isybank, autorizzo lÕuso della fotocamera solo per scansioni di QR code o documenti e lÕaccesso agli SMS soltanto per ricevere codici OTP di sicurezza. Non consento in alcun modo lÕuso di microfono, posizione o contatti, e non autorizzo la raccolta di dati a fini di profilazione.</Description>
    <Rule RuleId=""rule104"" Effect=""Permit"">
      <Description>Subject=User; Action=access; Resource=camera,sms; Condition=purpose=authentication, microphone=denied, location=denied, contacts=denied, profiling=denied</Description>
    </Rule>
  </Policy>";
105;Cloud and productivity;Access only while in use / No profiling;Nelle app di servizi cloud come Google Drive, Dropbox e iCloud, e negli strumenti di produttivitˆ come Gmail, Outlook, Teams e Zoom, consento lÕaccesso ai file solo per la sincronizzazione dei documenti da me caricati. Autorizzo lÕuso del microfono e della fotocamera esclusivamente durante le riunioni o le videochiamate che avvio personalmente, mentre lÕaccesso ai contatti  consentito solo per le funzioni di rubrica integrate e sempre sotto mia conferma. Non consento che i contenuti caricati o condivisi vengano utilizzati per analisi di marketing o profilazione pubblicitaria.;In cloud service apps like Google Drive, Dropbox, and iCloud, and in productivity tools like Gmail, Outlook, Teams, and Zoom, I allow access to files only for synchronizing the documents I upload. I authorize the use of the microphone and camera exclusively during meetings or video calls I personally start, while access to contacts is allowed only for integrated address book functions and always subject to my confirmation. I do not allow uploaded or shared content to be used for marketing analysis or advertising profiling.;GPT-5.1;"<Policy PolicyId=""urn:example:policy:block6:105"" Version=""1.0"">
    <Description>Nelle app di servizi cloud come Google Drive, Dropbox e iCloud, e negli strumenti di produttivitˆ come Gmail, Outlook, Teams e Zoom, consento lÕaccesso ai file solo per la sincronizzazione dei documenti da me caricati. Autorizzo lÕuso del microfono e della fotocamera esclusivamente durante le riunioni o le videochiamate che avvio personalmente, mentre lÕaccesso ai contatti  consentito solo per le funzioni di rubrica integrate e sempre sotto mia conferma. Non consento che i contenuti caricati o condivisi vengano utilizzati per analisi di marketing o profilazione pubblicitaria.</Description>
    <Rule RuleId=""rule105"" Effect=""Permit"">
      <Description>Subject=User; Action=access; Resource=file,camera,microphone,contacts; Condition=purpose=synchronization-or-meeting, profiling=denied, marketing=denied</Description>
    </Rule>
  </Policy>";
106;Messaging;Access only while in use / Ask every time;Per quanto riguarda le app di messaggistica, autorizzo WhatsApp, Telegram e Messenger ad accedere a microfono, fotocamera e file multimediali esclusivamente per consentire la piena funzionalitˆ di chat, chiamate e videochiamate. LÕaccesso ai contatti  consentito soltanto previa mia conferma esplicita e mai in automatico. Non consento invece lÕaccesso continuo alla posizione, che potrˆ essere condivisa solo manualmente da me quando necessario.;Regarding messaging apps, I authorize WhatsApp, Telegram, and Messenger to access the microphone, camera, and media files exclusively to allow full functionality of chats, calls, and video calls. Access to contacts is allowed only after my explicit confirmation and never automatically. However, I do not allow continuous access to the location, which can only be shared manually by me when necessary.;GPT-5.1;"<Policy PolicyId=""urn:example:policy:block6:106"" Version=""1.0"">
    <Description>Per quanto riguarda le app di messaggistica, autorizzo WhatsApp, Telegram e Messenger ad accedere a microfono, fotocamera e file multimediali esclusivamente per consentire la piena funzionalitˆ di chat, chiamate e videochiamate. LÕaccesso ai contatti  consentito soltanto previa mia conferma esplicita e mai in automatico. Non consento invece lÕaccesso continuo alla posizione, che potrˆ essere condivisa solo manualmente da me quando necessario.</Description>
    <Rule RuleId=""rule106"" Effect=""Permit"">
      <Description>Subject=User; Action=access; Resource=microphone,camera,media,contacts,location; Condition=request=each-use, location=manual-only</Description>
    </Rule>
  </Policy>";
107;Online shopping;No profiling;Relativamente alle app di shopping online, come Amazon, Temu, Aliexpress e Shein, consento lÕaccesso ai dati strettamente indispensabili per la conclusione degli ordini (indirizzo di spedizione, metodi di pagamento e storico acquisti). Non autorizzo invece alcuna raccolta aggiuntiva di dati a fini di profilazione commerciale nŽ la condivisione delle mie preferenze con terze parti a scopo pubblicitario. Le notifiche promozionali devono rimanere opzionali e attivabili solo previa mia scelta consapevole.;Regarding online shopping apps, like Amazon, Temu, Aliexpress, and Shein, I allow access to the data strictly essential for completing orders (shipping address, payment methods, and purchase history). I do not authorize any additional data collection for commercial profiling or the sharing of my preferences with third parties for advertising purposes. Promotional notifications must remain optional and can only be activated after my conscious choice.;GPT-5.1;"<Policy PolicyId=""urn:example:policy:block6:107"" Version=""1.0"">
    <Description>Relativamente alle app di shopping online, come Amazon, Temu, Aliexpress e Shein, consento lÕaccesso ai dati strettamente indispensabili per la conclusione degli ordini (indirizzo di spedizione, metodi di pagamento e storico acquisti). Non autorizzo invece alcuna raccolta aggiuntiva di dati a fini di profilazione commerciale nŽ la condivisione delle mie preferenze con terze parti a scopo pubblicitario. Le notifiche promozionali devono rimanere opzionali e attivabili solo previa mia scelta consapevole.</Description>
    <Rule RuleId=""rule107"" Effect=""Permit"">
      <Description>Subject=User; Action=use; Resource=transaction-data; Condition=purpose=order-completion, profiling=denied, sharing=denied, marketing=optional</Description>
    </Rule>
  </Policy>";
108;Music and streaming;Limited access / No profiling;Per le app di musica, come Shazam, Spotify e Deezer, autorizzo lÕaccesso al microfono esclusivamente per le funzioni di riconoscimento dei brani o per lÕuso volontario durante lÕinterazione con lÕapp. Non consento invece la raccolta di dati di ascolto a fini di profilazione pubblicitaria, consentendo solo lÕuso di tali informazioni per migliorare i suggerimenti musicali interni al servizio.;For music apps, like Shazam, Spotify, and Deezer, I authorize microphone access exclusively for song recognition functions or for voluntary use during interaction with the app. I do not allow the collection of listening data for advertising profiling, only allowing such information to be used to improve music suggestions within the service.;GPT-5.1;"<Policy PolicyId=""urn:example:policy:block6:108"" Version=""1.0"">
    <Description>Per le app di musica, come Shazam, Spotify e Deezer, autorizzo lÕaccesso al microfono esclusivamente per le funzioni di riconoscimento dei brani o per lÕuso volontario durante lÕinterazione con lÕapp. Non consento invece la raccolta di dati di ascolto a fini di profilazione pubblicitaria, consentendo solo lÕuso di tali informazioni per migliorare i suggerimenti musicali interni al servizio.</Description>
    <Rule RuleId=""rule108"" Effect=""Permit"">
      <Description>Subject=User; Action=access; Resource=microphone; Condition=purpose=music-identification, profiling=denied, personalization=internal-only</Description>
    </Rule>
  </Policy>";
109;Geolocation and navigation;Limited access / Only in use;In merito alle app di geolocalizzazione, come Google Maps, consento lÕuso della posizione solo durante lÕutilizzo attivo dellÕapp e non in background. Non autorizzo la memorizzazione illimitata della cronologia dei luoghi visitati, salvo i percorsi che decido di salvare manualmente.;Regarding geolocation apps, like Google Maps, I allow the use of location only during the active use of the app and not in the background. I do not authorize the unlimited storage of the history of visited places, except for the routes I decide to save manually.;GPT-5.1;"<Policy PolicyId=""urn:example:policy:block6:109"" Version=""1.0"">
    <Description>In merito alle app di geolocalizzazione, come Google Maps, consento lÕuso della posizione solo durante lÕutilizzo attivo dellÕapp e non in background. Non autorizzo la memorizzazione illimitata della cronologia dei luoghi visitati, salvo i percorsi che decido di salvare manualmente.</Description>
    <Rule RuleId=""rule109"" Effect=""Permit"">
      <Description>Subject=User; Action=access; Resource=location; Condition=app-state=foreground, history=manual-save-only</Description>
    </Rule>
  </Policy>";
110;Banking and payment apps;Necessary permissions;Per quanto riguarda leÊapp per i pagamenti online, comeÊPostepay e Isybank, autorizzo lÕuso della fotocamera esclusivamente per la scansione dei codici QR o per il riconoscimento di documenti, ma sempre previa mia approvazione. Non concedo accesso al microfono, ai contatti o alla posizione. LÕaccesso agli SMS  autorizzato soltanto per la ricezione e la validazione dei codici OTP.;Regarding apps for online payments, like Venmo and Chime, I authorize the use of the camera exclusively for scanning QR codes or recognizing documents, but always subject to my approval. I do not grant access to the microphone, contacts, or location. Access to SMS is authorized only for receiving and validating OTP codes.;GPT-5.1;"<Policy PolicyId=""urn:example:policy:block6:110"" Version=""1.0"">
    <Description>Per quanto riguarda le app per i pagamenti online, come Postepay e Isybank, autorizzo lÕuso della fotocamera esclusivamente per la scansione dei codici QR o per il riconoscimento di documenti, ma sempre previa mia approvazione. Non concedo accesso al microfono, ai contatti o alla posizione. LÕaccesso agli SMS  autorizzato soltanto per la ricezione e la validazione dei codici OTP.</Description>
    <Rule RuleId=""rule110"" Effect=""Permit"">
      <Description>Subject=User; Action=access; Resource=camera,sms; Condition=purpose=authentication, request=explicit, microphone=denied, contacts=denied, location=denied</Description>
    </Rule>
  </Policy>";
111;Cloud and productivity;Access only while in use / No profiling;Per leÊapp di gestione cloud e strumenti di produttivitˆ, comeÊGoogle Drive, Dropbox, OneDrive, Teams e Zoom, consento lÕuso di microfono e fotocamera unicamente durante riunioni, lezioni o videoconferenze avviate da me. Non  autorizzato alcun accesso in background. LÕaccesso ai file archiviati  consentito solo per quelli che scelgo di condividere attivamente, mentre lÕuso dei miei dati non potrˆ essere sfruttato per profilazione a fini pubblicitari o di marketing.;For cloud management apps and productivity tools, like Google Drive, Dropbox, OneDrive, Teams, and Zoom, I allow the use of the microphone and camera only during meetings, classes, or video conferences initiated by me. No background access is authorized. Access to stored files is allowed only for those I choose to actively share, and the use of my data cannot be exploited for profiling for advertising or marketing purposes.;GPT-5.1;"<Policy PolicyId=""urn:example:policy:block6:111"" Version=""1.0"">
    <Description>Per le app di gestione cloud e strumenti di produttivitˆ, come Google Drive, Dropbox, OneDrive, Teams e Zoom, consento lÕuso di microfono e fotocamera unicamente durante riunioni, lezioni o videoconferenze avviate da me. Non  autorizzato alcun accesso in background. LÕaccesso ai file archiviati  consentito solo per quelli che scelgo di condividere attivamente, mentre lÕuso dei miei dati non potrˆ essere sfruttato per profilazione a fini pubblicitari o di marketing.</Description>
    <Rule RuleId=""rule111"" Effect=""Permit"">
      <Description>Subject=User; Action=access; Resource=file,camera,microphone; Condition=purpose=meeting-or-synchronization, background=denied, profiling=denied</Description>
    </Rule>
  </Policy>";
112;Advertising data and tracking;No profiling;Nel complesso, non autorizzo alcuna forma diÊprofilazione a scopo di marketing o pubblicitˆ personalizzataÊoltre ai dati minimi necessari al funzionamento delle app. Ogni utilizzo dei miei dati dovrˆ avvenire nel rispetto del principio di minimizzazione e solo previa mia scelta consapevole.;Overall, I do not authorize any form of profiling for marketing or personalized advertising purposes beyond the minimum data necessary for the apps to function. Any use of my data must be carried out in compliance with the principle of minimization and only after my conscious choice.;GPT-5.1;"<Policy PolicyId=""urn:example:policy:block6:112"" Version=""1.0"">
    <Description>Nel complesso, non autorizzo alcuna forma di profilazione a scopo di marketing o pubblicitˆ personalizzata oltre ai dati minimi necessari al funzionamento delle app. Ogni utilizzo dei miei dati dovrˆ avvenire nel rispetto del principio di minimizzazione e solo previa mia scelta consapevole.</Description>
    <Rule RuleId=""rule112"" Effect=""Permit"">
      <Description>Subject=User; Action=use; Resource=personal-data; Condition=purpose=functionality-only, profiling=denied, marketing=denied</Description>
    </Rule>
  </Policy>";
113;Messaging;Access only while in use / Ask every time;WhatsApp, Telegram, Messenger: Autorizzo accesso a microfono, fotocamera e file multimediali solo per chat, chiamate e videochiamate. LÕaccesso ai contatti  consentito solo previa mia conferma. Non consento lÕaccesso continuo alla posizione, condivisibile solo manualmente da me.;WhatsApp, Telegram, Messenger: I authorize access to the microphone, camera, and media files only for chats, calls, and video calls. Access to contacts is allowed only after my confirmation. I do not allow continuous access to the location, which can only be shared manually by me.;GPT-5.1;"<Policy PolicyId=""urn:example:policy:block6:113"" Version=""1.0"">
    <Description>WhatsApp, Telegram, Messenger: Autorizzo accesso a microfono, fotocamera e file multimediali solo per chat, chiamate e videochiamate. LÕaccesso ai contatti  consentito solo previa mia conferma. Non consento lÕaccesso continuo alla posizione, condivisibile solo manualmente da me.</Description>
    <Rule RuleId=""rule113"" Effect=""Permit"">
      <Description>Subject=User; Action=access; Resource=microphone,camera,media,contacts,location; Condition=request=each-use, location=manual-only</Description>
    </Rule>
  </Policy>";
114;Online shopping;No profiling;Amazon, Temu, Aliexpress, Shein: Consento lÕuso dei dati strettamente necessari: indirizzo di spedizione, metodi di pagamento, storico ordini. Non autorizzo la raccolta di dati aggiuntivi per profilazione commerciale. Non consento la condivisione di preferenze con terze parti a fini pubblicitari. Le notifiche promozionali devono rimanere opzionali e attivabili solo da me.;Amazon, Temu, Aliexpress, Shein: I allow the use of strictly necessary data: shipping address, payment methods, order history. I do not authorize the collection of additional data for commercial profiling. I do not allow the sharing of preferences with third parties for advertising purposes. Promotional notifications must remain optional and activated only by me.;GPT-5.1;"<Policy PolicyId=""urn:example:policy:block6:114"" Version=""1.0"">
    <Description>Amazon, Temu, Aliexpress, Shein: Consento lÕuso dei dati strettamente necessari: indirizzo di spedizione, metodi di pagamento, storico ordini. Non autorizzo la raccolta di dati aggiuntivi per profilazione commerciale. Non consento la condivisione di preferenze con terze parti a fini pubblicitari. Le notifiche promozionali devono rimanere opzionali e attivabili solo da me.</Description>
    <Rule RuleId=""rule114"" Effect=""Permit"">
      <Description>Subject=User; Action=use; Resource=transaction-data; Condition=purpose=order-completion, profiling=denied, sharing=denied, marketing=optional</Description>
    </Rule>
  </Policy>";
115;Music and streaming;Limited access / No profiling;Shazam, Spotify, Deezer: Autorizzo lÕuso del microfono esclusivamente per il riconoscimento brani o interazioni richieste da me. Non consento la raccolta di dati di ascolto per profilazione pubblicitaria. Accetto lÕuso dei dati solo per suggerimenti musicali interni al servizio.;Shazam, Spotify, Deezer: I authorize the use of the microphone exclusively for song recognition or interactions requested by me. I do not allow the collection of listening data for advertising profiling. I accept the use of data only for music suggestions within the service.;GPT-5.1;"<Policy PolicyId=""urn:example:policy:block6:115"" Version=""1.0"">
    <Description>Shazam, Spotify, Deezer: Autorizzo lÕuso del microfono esclusivamente per il riconoscimento brani o interazioni richieste da me. Non consento la raccolta di dati di ascolto per profilazione pubblicitaria. Accetto lÕuso dei dati solo per suggerimenti musicali interni al servizio.</Description>
    <Rule RuleId=""rule115"" Effect=""Permit"">
      <Description>Subject=User; Action=access; Resource=microphone; Condition=purpose=music-identification, profiling=denied, personalization=internal-only</Description>
    </Rule>
  </Policy>";
116;Geolocation and navigation;Limited access / Only in use;Google Maps: Consento lÕuso della posizione solo durante lÕutilizzo attivo dellÕapp. Non autorizzo lÕuso in background. Non consento la memorizzazione illimitata della cronologia dei luoghi visitati, salvo quelli che scelgo manualmente.;Google Maps: I allow the use of location only during the active use of the app. I do not authorize background use. I do not allow the unlimited storage of the history of visited places, except for those I choose manually.;GPT-5.1;"<Policy PolicyId=""urn:example:policy:block6:116"" Version=""1.0"">
    <Description>Google Maps: Consento lÕuso della posizione solo durante lÕutilizzo attivo dellÕapp. Non autorizzo lÕuso in background. Non consento la memorizzazione illimitata della cronologia dei luoghi visitati, salvo quelli che scelgo manualmente.</Description>
    <Rule RuleId=""rule116"" Effect=""Permit"">
      <Description>Subject=User; Action=access; Resource=location; Condition=app-state=foreground, history=manual-save-only</Description>
    </Rule>
  </Policy>";
117;Banking and payment apps;Necessary permissions;Postepay, Isybank: Autorizzo lÕuso della fotocamera solo per scansione QR o riconoscimento documenti, previa mia approvazione. Non consento accesso a microfono, contatti o posizione. LÕaccesso agli SMS  autorizzato unicamente per la ricezione e validazione dei codici OTP.;Venmo, Chime: I authorize the use of the camera only for scanning QR codes or recognizing documents, subject to my approval. I do not allow access to the microphone, contacts, or location. Access to SMS is authorized solely for receiving and validating OTP codes.;GPT-5.1;"<Policy PolicyId=""urn:example:policy:block6:117"" Version=""1.0"">
    <Description>Postepay, Isybank: Autorizzo lÕuso della fotocamera solo per scansione QR o riconoscimento documenti, previa mia approvazione. Non consento accesso a microfono, contatti o posizione. LÕaccesso agli SMS  autorizzato unicamente per la ricezione e validazione dei codici OTP.</Description>
    <Rule RuleId=""rule117"" Effect=""Permit"">
      <Description>Subject=User; Action=access; Resource=camera,sms; Condition=purpose=authentication, microphone=denied, contacts=denied, location=denied</Description>
    </Rule>
  </Policy>";
118;Cloud and productivity;Access only while in use / No profiling;Google Drive, Dropbox, OneDrive, Teams, Zoom: Autorizzo microfono e fotocamera solo durante riunioni, lezioni o videoconferenze avviate da me. Non autorizzo accesso in background a dispositivi audio o video. LÕaccesso ai file  limitato esclusivamente a quelli che scelgo di condividere. Non consento lÕuso dei miei dati per profilazione o marketing.;Google Drive, Dropbox, OneDrive, Teams, Zoom: I authorize the microphone and camera only during meetings, classes, or video conferences initiated by me. I do not authorize background access to audio or video devices. Access to files is limited exclusively to those I choose to share. I do not allow the use of my data for profiling or marketing.;GPT-5.1;"<Policy PolicyId=""urn:example:policy:block6:118"" Version=""1.0"">
    <Description>Google Drive, Dropbox, OneDrive, Teams, Zoom: Autorizzo microfono e fotocamera solo durante riunioni, lezioni o videoconferenze avviate da me. Non autorizzo accesso in background a dispositivi audio o video. LÕaccesso ai file  limitato esclusivamente a quelli che scelgo di condividere. Non consento lÕuso dei miei dati per profilazione o marketing.</Description>
    <Rule RuleId=""rule118"" Effect=""Permit"">
      <Description>Subject=User; Action=access; Resource=file,camera,microphone; Condition=purpose=meeting, background=denied, profiling=denied</Description>
    </Rule>
  </Policy>";
119;Advertising data and tracking;No profiling;Non autorizzo alcuna forma di profilazione a fini di marketing o pubblicitˆ personalizzata. Consento lÕuso dei dati solo nella misura minima necessaria al funzionamento delle app. Ogni ulteriore utilizzo dei dati richiede mia scelta consapevole.;I do not authorize any form of profiling for marketing or personalized advertising purposes. I allow the use of data only to the minimum extent necessary for the apps to function. Any further use of data requires my conscious choice.;GPT-5.1;"<Policy PolicyId=""urn:example:policy:block6:119"" Version=""1.0"">
    <Description>Non autorizzo alcuna forma di profilazione a fini di marketing o pubblicitˆ personalizzata. Consento lÕuso dei dati solo nella misura minima necessaria al funzionamento delle app. Ogni ulteriore utilizzo dei dati richiede mia scelta consapevole.</Description>
    <Rule RuleId=""rule119"" Effect=""Permit"">
      <Description>Subject=User; Action=use; Resource=personal-data; Condition=purpose=functionality-only, profiling=denied, marketing=denied</Description>
    </Rule>
  </Policy>";
120;Messaging;Access only while in use / Ask every time;WhatsApp, Telegram, Messenger: Autorizzo lÕaccesso a microfono, fotocamera e file multimediali solo durante le chat, le chiamate e le videochiamate. LÕaccesso ai contatti  consentito esclusivamente previa mia autorizzazione manuale. Non consento lÕaccesso alla posizione in background, salvo nei casi in cui scelgo di condividerla manualmente.;WhatsApp, Telegram, Messenger: I authorize access to the microphone, camera, and media files only during chats, calls, and video calls. Access to contacts is allowed exclusively after my manual authorization. I do not allow background access to the location, except in cases where I choose to share it manually.;GPT-5.1;"<Policy PolicyId=""urn:example:policy:block7:120"" Version=""1.0"">
  <Description>WhatsApp, Telegram, Messenger: Autorizzo lÕaccesso a microfono, fotocamera e file multimediali solo durante le chat, le chiamate e le videochiamate. LÕaccesso ai contatti  consentito esclusivamente previa mia autorizzazione manuale. Non consento lÕaccesso alla posizione in background, salvo nei casi in cui scelgo di condividerla manualmente.</Description>
  <Rule RuleId=""rule120"" Effect=""Permit"">
    <Description>Subject=User; Action=access; Resource=microphone,camera,media,contacts; Condition=usage=while-in-use, location=manual-only, background=denied</Description>
  </Rule>
</Policy>";
121;Banking and payment apps;Necessary permissions / Ask every time;Postepay, Isybank: Autorizzo lÕuso della fotocamera solo per scansioni di documenti o QR code, previa mia approvazione volta per volta. Non consento lÕaccesso a microfono, posizione e contatti. Autorizzo lÕaccesso agli SMS solo mentre lÕapp  in uso e unicamente per la ricezione e validazione dei codici OTP.;Venmo, Chime: I authorize the use of the camera only for scanning documents or QR codes, subject to my approval each time. I do not allow access to the microphone, location, or contacts. I authorize access to SMS only while the app is in use and solely for receiving and validating OTP codes.;GPT-5.1;"<Policy PolicyId=""urn:example:policy:block7:121"" Version=""1.0"">
  <Description>Postepay, Isybank: Autorizzo lÕuso della fotocamera solo per scansioni di documenti o QR code, previa mia approvazione volta per volta. Non consento lÕaccesso a microfono, posizione e contatti. Autorizzo lÕaccesso agli SMS solo mentre lÕapp  in uso e unicamente per la ricezione e validazione dei codici OTP.</Description>
  <Rule RuleId=""rule121"" Effect=""Permit"">
    <Description>Subject=User; Action=use; Resource=camera,SMS; Condition=purpose=QR-scan, OTP-validation, approval=per-session, microphone=denied, location=denied, contacts=denied</Description>
  </Rule>
</Policy>";
122;Online shopping;No profiling;Amazon, Temu, Aliexpress, Shein: Non autorizzo lÕuso dei miei dati per pubblicitˆ personalizzata o profilazione commerciale. Consento esclusivamente le autorizzazioni necessarie al funzionamento base dei servizi (indirizzo di consegna, metodo di pagamento, storico ordini). Qualsiasi ulteriore utilizzo dei dati deve avvenire solo dietro mia approvazione esplicita.;Amazon, Temu, Aliexpress, Shein: I do not authorize the use of my data for personalized advertising or commercial profiling. I only allow the permissions necessary for the basic functioning of the services (delivery address, payment method, order history). Any further use of data must only occur after my explicit approval.;GPT-5.1;"<Policy PolicyId=""urn:example:policy:block7:122"" Version=""1.0"">
  <Description>Amazon, Temu, Aliexpress, Shein: Non autorizzo lÕuso dei miei dati per pubblicitˆ personalizzata o profilazione commerciale. Consento esclusivamente le autorizzazioni necessarie al funzionamento base dei servizi (indirizzo di consegna, metodo di pagamento, storico ordini). Qualsiasi ulteriore utilizzo dei dati deve avvenire solo dietro mia approvazione esplicita.</Description>
  <Rule RuleId=""rule122"" Effect=""Permit"">
    <Description>Subject=User; Action=use; Resource=personal-data; Condition=purpose=service-functionality, profiling=denied, marketing=denied, approval=explicit-required</Description>
  </Rule>
</Policy>";
123;Music and streaming;Limited access / No profiling;Shazam, Spotify, Deezer: Autorizzo lÕuso del microfono solo durante il riconoscimento dei brani o altre funzioni da me avviate. Non consento la raccolta dei miei dati di ascolto per fini pubblicitari. LÕelaborazione dei dati  ammessa unicamente per suggerimenti musicali interni al servizio.;Shazam, Spotify, Deezer: I authorize the use of the microphone only during song recognition or other functions initiated by me. I do not allow the collection of my listening data for advertising purposes. Data processing is permitted solely for music suggestions within the service.;GPT-5.1;"<Policy PolicyId=""urn:example:policy:block7:123"" Version=""1.0"">
  <Description>Shazam, Spotify, Deezer: Autorizzo lÕuso del microfono solo durante il riconoscimento dei brani o altre funzioni da me avviate. Non consento la raccolta dei miei dati di ascolto per fini pubblicitari. LÕelaborazione dei dati  ammessa unicamente per suggerimenti musicali interni al servizio.</Description>
  <Rule RuleId=""rule123"" Effect=""Permit"">
    <Description>Subject=User; Action=access; Resource=microphone,listening-data; Condition=purpose=song-recognition, advertising=denied, profiling=denied</Description>
  </Rule>
</Policy>";
124;Geolocation and navigation;Limited access / Only in use;Google Maps: Consento lÕuso della posizione solo mentre lÕapp  in uso attivo. Non autorizzo il tracciamento della posizione in background. Non consento la memorizzazione illimitata della cronologia dei luoghi visitati, salvo quelli da me scelti e salvati manualmente.;Google Maps: I allow the use of location only while the app is in active use. I do not authorize background location tracking. I do not allow the unlimited storage of the history of visited places, except for those chosen and saved manually by me.;GPT-5.1;"<Policy PolicyId=""urn:example:policy:block7:124"" Version=""1.0"">
  <Description>Google Maps: Consento lÕuso della posizione solo mentre lÕapp  in uso attivo. Non autorizzo il tracciamento della posizione in background. Non consento la memorizzazione illimitata della cronologia dei luoghi visitati, salvo quelli da me scelti e salvati manualmente.</Description>
  <Rule RuleId=""rule124"" Effect=""Permit"">
    <Description>Subject=User; Action=access; Resource=location; Condition=usage=while-in-use, background=denied, history=manual-only</Description>
  </Rule>
</Policy>";
125;Cloud and productivity;Access only while in use / No profiling;Google Drive, Dropbox, OneDrive, Teams, Zoom: Autorizzo lÕuso di microfono e fotocamera solo durante riunioni, lezioni o videoconferenze da me avviate. Non consento accessi in background a dispositivi audio o video. LÕaccesso ai file  limitato esclusivamente a quelli che scelgo di condividere. Non autorizzo lÕuso dei dati caricati o condivisi a fini di marketing o profilazione.;Google Drive, Dropbox, OneDrive, Teams, Zoom: I authorize the use of the microphone and camera only during meetings, classes, or video conferences initiated by me. I do not allow background access to audio or video devices. Access to files is limited exclusively to those I choose to share. I do not authorize the use of uploaded or shared data for marketing or profiling purposes.;GPT-5.1;"<Policy PolicyId=""urn:example:policy:block7:125"" Version=""1.0"">
  <Description>Google Drive, Dropbox, OneDrive, Teams, Zoom: Autorizzo lÕuso di microfono e fotocamera solo durante riunioni, lezioni o videoconferenze da me avviate. Non consento accessi in background a dispositivi audio o video. LÕaccesso ai file  limitato esclusivamente a quelli che scelgo di condividere. Non autorizzo lÕuso dei dati caricati o condivisi a fini di marketing o profilazione.</Description>
  <Rule RuleId=""rule125"" Effect=""Permit"">
    <Description>Subject=User; Action=access; Resource=microphone,camera,files; Condition=purpose=meeting, background=denied, profiling=denied, marketing=denied</Description>
  </Rule>
</Policy>";
126;Messaging;Access only while in use / No profiling;"Autorizzo lÕapplicazione WhatsApp ad accedere al microfono, alla fotocamera e ai file multimediali esclusivamente durante lÕutilizzo attivo delle funzioni di chat, chiamata e videochiamata. Non autorizzo lÕaccesso continuo in background a tali risorse. LÕaccesso ai contatti  subordinato a mia approvazione manuale e limitato al solo scopo di individuare utenti giˆ presenti sulla piattaforma. Non autorizzo lÕaccesso alla posizione in background; la condivisione della posizione  consentita solo previo consenso esplicito e temporaneo. Non acconsento al trattamento dei dati per finalitˆ di profilazione o invio di comunicazioni promozionali personalizzate.";"I authorize the WhatsApp application to access the microphone, camera, and media files exclusively during the active use of chat, call, and video call functions. I do not authorize continuous background access to these resources. Access to contacts is subject to my manual approval and limited solely to identifying users already on the platform. I do not authorize background location access; location sharing is allowed only after explicit and temporary consent. I do not consent to the processing of data for profiling purposes or sending personalized promotional communications.";GPT-5.1;"<Policy PolicyId=""urn:example:policy:block7:126"" Version=""1.0"">
  <Description>Autorizzo lÕapplicazione WhatsApp ad accedere al microfono, alla fotocamera e ai file multimediali esclusivamente durante lÕutilizzo attivo delle funzioni di chat, chiamata e videochiamata. Non autorizzo lÕaccesso continuo in background a tali risorse. LÕaccesso ai contatti  subordinato a mia approvazione manuale e limitato al solo scopo di individuare utenti giˆ presenti sulla piattaforma. Non autorizzo lÕaccesso alla posizione in background; la condivisione della posizione  consentita solo previo consenso esplicito e temporaneo. Non acconsento al trattamento dei dati per finalitˆ di profilazione o invio di comunicazioni promozionali personalizzate.</Description>
  <Rule RuleId=""rule126"" Effect=""Permit"">
    <Description>Subject=User; Action=access; Resource=microphone,camera,media,contacts; Condition=usage=while-in-use, location=manual-temporary, background=denied, profiling=denied, marketing=denied</Description>
  </Rule>
</Policy>";
127;Messaging;Limited access / No profiling;Autorizzo Telegram ad accedere al microfono e alla fotocamera unicamente durante lÕutilizzo delle funzioni che ne richiedono lÕimpiego diretto (messaggi vocali, videochiamate, invio di foto e video). LÕaccesso ai file locali  consentito solo per lÕinvio di documenti o media selezionati manualmente. Nego lÕaccesso alla posizione, salvo in caso di condivisione manuale. Non consento lÕutilizzo dei miei dati per attivitˆ di profilazione, analisi comportamentali o finalitˆ pubblicitarie.;I authorize Telegram to access the microphone and camera only during the use of functions that require their direct use (voice messages, video calls, sending photos and videos). Access to local files is allowed only for sending manually selected documents or media. I deny access to location, except in cases of manual sharing. I do not allow the use of my data for profiling activities, behavioral analysis, or advertising purposes.;GPT-5.1;"<Policy PolicyId=""urn:example:policy:block7:127"" Version=""1.0"">
  <Description>Autorizzo Telegram ad accedere al microfono e alla fotocamera unicamente durante lÕutilizzo delle funzioni che ne richiedono lÕimpiego diretto (messaggi vocali, videochiamate, invio di foto e video). LÕaccesso ai file locali  consentito solo per lÕinvio di documenti o media selezionati manualmente. Nego lÕaccesso alla posizione, salvo in caso di condivisione manuale. Non consento lÕutilizzo dei miei dati per attivitˆ di profilazione, analisi comportamentali o finalitˆ pubblicitarie.</Description>
  <Rule RuleId=""rule127"" Effect=""Permit"">
    <Description>Subject=User; Action=access; Resource=microphone,camera,files; Condition=usage=while-in-use, location=manual-only, profiling=denied, marketing=denied</Description>
  </Rule>
</Policy>";
128;Messaging;Access only while in use / No data sharing;Autorizzo Facebook Messenger ad accedere alla fotocamera e al microfono solo durante le chiamate e videochiamate. Nego lÕaccesso continuo ai contatti, alla posizione e ai file multimediali locali. LÕapp  autorizzata a gestire i dati necessari al funzionamento della messaggistica, ma non acconsento alla condivisione di tali dati con soggetti terzi per finalitˆ di marketing o pubblicitˆ mirata.;I authorize Facebook Messenger to access the camera and microphone only during calls and video calls. I deny continuous access to contacts, location, and local media files. The app is authorized to manage the data necessary for messaging to function, but I do not consent to the sharing of such data with third parties for marketing or targeted advertising purposes.;GPT-5.1;"<Policy PolicyId=""urn:example:policy:block7:128"" Version=""1.0"">
  <Description>Autorizzo Facebook Messenger ad accedere alla fotocamera e al microfono solo durante le chiamate e videochiamate. Nego lÕaccesso continuo ai contatti, alla posizione e ai file multimediali locali. LÕapp  autorizzata a gestire i dati necessari al funzionamento della messaggistica, ma non acconsento alla condivisione di tali dati con soggetti terzi per finalitˆ di marketing o pubblicitˆ mirata.</Description>
  <Rule RuleId=""rule128"" Effect=""Permit"">
    <Description>Subject=User; Action=access; Resource=camera,microphone; Condition=usage=while-in-use, background=denied, third-party-sharing=denied</Description>
  </Rule>
</Policy>";
129;Online shopping;No profiling;Non autorizzo Amazon Shopping allÕutilizzo dei miei dati personali per finalitˆ di profilazione o personalizzazione pubblicitaria. Autorizzo esclusivamente lÕaccesso ai dati necessari allÕerogazione dei servizi di acquisto, spedizione e assistenza clienti. Ogni altra forma di utilizzo dei dati, inclusa la condivisione con societˆ affiliate o partner commerciali,  vietata senza mio consenso esplicito e documentato.;I do not authorize Amazon Shopping to use my personal data for profiling or advertising personalization purposes. I only authorize access to the data necessary for providing purchasing, shipping, and customer support services. Any other form of data use, including sharing with affiliates or business partners, is prohibited without my explicit and documented consent.;GPT-5.1;"<Policy PolicyId=""urn:example:policy:block7:129"" Version=""1.0"">
  <Description>Non autorizzo Amazon Shopping allÕutilizzo dei miei dati personali per finalitˆ di profilazione o personalizzazione pubblicitaria. Autorizzo esclusivamente lÕaccesso ai dati necessari allÕerogazione dei servizi di acquisto, spedizione e assistenza clienti. Ogni altra forma di utilizzo dei dati, inclusa la condivisione con societˆ affiliate o partner commerciali,  vietata senza mio consenso esplicito e documentato.</Description>
  <Rule RuleId=""rule129"" Effect=""Permit"">
    <Description>Subject=User; Action=use; Resource=personal-data; Condition=purpose=order-management, profiling=denied, marketing=denied, sharing=explicit-consent-only</Description>
  </Rule>
</Policy>";
130;Online shopping;Necessary permissions / No profiling;Autorizzo Temu al trattamento dei dati strettamente necessari allÕacquisto e alla consegna dei prodotti.Nego qualsiasi forma di profilazione commerciale o raccolta di dati per scopi pubblicitari. Non autorizzo lÕaccesso a contatti, posizione, microfono, fotocamera o file locali, salvo richiesta esplicita e motivata per il funzionamento di specifiche funzioni.;I authorize Temu to process the data strictly necessary for the purchase and delivery of products. I deny any form of commercial profiling or data collection for advertising purposes. I do not authorize access to contacts, location, microphone, camera, or local files, except upon explicit and justified request for the operation of specific functions.;GPT-5.1;"<Policy PolicyId=""urn:example:policy:block7:130"" Version=""1.0"">
  <Description>Autorizzo Temu al trattamento dei dati strettamente necessari allÕacquisto e alla consegna dei prodotti. Nego qualsiasi forma di profilazione commerciale o raccolta di dati per scopi pubblicitari. Non autorizzo lÕaccesso a contatti, posizione, microfono, fotocamera o file locali, salvo richiesta esplicita e motivata per il funzionamento di specifiche funzioni.</Description>
  <Rule RuleId=""rule130"" Effect=""Permit"">
    <Description>Subject=User; Action=use; Resource=personal-data; Condition=purpose=purchase-delivery, profiling=denied, marketing=denied, device-access=explicit-justified-only</Description>
  </Rule>
</Policy>";
131;Online shopping;Necessary permissions / No data sharing;Autorizzo Aliexpress a utilizzare i miei dati unicamente per la gestione degli ordini e delle spedizioni. Non acconsento alla condivisione dei miei dati con terzi per finalitˆ di marketing o promozione commerciale. LÕaccesso alla fotocamera e alla galleria  consentito solo per lÕinvio di immagini a supporto delle richieste di assistenza o contestazioni sugli ordini.;I authorize Aliexpress to use my data solely for managing orders and shipments. I do not consent to the sharing of my data with third parties for marketing or commercial promotion purposes. Access to the camera and gallery is allowed only for sending images to support assistance requests or order disputes.;GPT-5.1;"<Policy PolicyId=""urn:example:policy:block7:131"" Version=""1.0"">
  <Description>Autorizzo Aliexpress a utilizzare i miei dati unicamente per la gestione degli ordini e delle spedizioni. Non acconsento alla condivisione dei miei dati con terzi per finalitˆ di marketing o promozione commerciale. LÕaccesso alla fotocamera e alla galleria  consentito solo per lÕinvio di immagini a supporto delle richieste di assistenza o contestazioni sugli ordini.</Description>
  <Rule RuleId=""rule131"" Effect=""Permit"">
    <Description>Subject=User; Action=use; Resource=camera,media; Condition=purpose=order-management, marketing=denied, third-party-sharing=denied</Description>
  </Rule>
</Policy>";
132;Online shopping;Necessary permissions / No profiling;Concedo a Shein lÕaccesso alla fotocamera solo per la scansione dei codici QR o per lÕinvio volontario di immagini relative ai prodotti acquistati. Non autorizzo lÕuso dei miei dati per profilazioni, suggerimenti di stile o pubblicitˆ personalizzata. Ogni trattamento ulteriore deve essere subordinato a consenso esplicito.;I grant Shein access to the camera only for scanning QR codes or for voluntarily sending images related to purchased products. I do not authorize the use of my data for profiling, style suggestions, or personalized advertising. Any further processing must be subject to explicit consent.;GPT-5.1;"<Policy PolicyId=""urn:example:policy:block7:132"" Version=""1.0"">
  <Description>Concedo a Shein lÕaccesso alla fotocamera solo per la scansione dei codici QR o per lÕinvio volontario di immagini relative ai prodotti acquistati. Non autorizzo lÕuso dei miei dati per profilazioni, suggerimenti di stile o pubblicitˆ personalizzata. Ogni trattamento ulteriore deve essere subordinato a consenso esplicito.</Description>
  <Rule RuleId=""rule132"" Effect=""Permit"">
    <Description>Subject=User; Action=access; Resource=camera,media; Condition=purpose=QR-scan, profiling=denied, marketing=denied, consent=explicit-required</Description>
  </Rule>
</Policy>";
133;Music and streaming;Limited access;Autorizzo Shazam ad accedere al microfono esclusivamente durante la ricerca musicale. Non consento lÕaccesso alla posizione, ai contatti, alla fotocamera o ai file multimediali. Nego ogni trattamento dei dati a fini di profilazione o analisi delle abitudini musicali per scopi commerciali.;I authorize Shazam to access the microphone exclusively during music search. I do not allow access to location, contacts, camera, or media files. I deny any data processing for profiling or analysis of musical habits for commercial purposes.;GPT-5.1;"<Policy PolicyId=""urn:example:policy:block7:133"" Version=""1.0"">
  <Description>Autorizzo Shazam ad accedere al microfono esclusivamente durante la ricerca musicale. Non consento lÕaccesso alla posizione, ai contatti, alla fotocamera o ai file multimediali. Nego ogni trattamento dei dati a fini di profilazione o analisi delle abitudini musicali per scopi commerciali.</Description>
  <Rule RuleId=""rule133"" Effect=""Permit"">
    <Description>Subject=User; Action=access; Resource=microphone; Condition=purpose=song-identification, profiling=denied, location=denied, contacts=denied</Description>
  </Rule>
</Policy>";
134;Music and streaming;Data collection limitation;Autorizzo Spotify a trattare i miei dati di utilizzo unicamente per la fruizione del servizio musicale e per la gestione della libreria personale. Nego lÕaccesso a contatti, posizione, fotocamera e microfono. Non acconsento alla condivisione dei miei dati con partner terzi per attivitˆ promozionali o pubblicitarie personalizzate.;I authorize Spotify to process my usage data solely for the enjoyment of the music service and for managing my personal library. I deny access to contacts, location, camera, and microphone. I do not consent to sharing my data with third-party partners for promotional or personalized advertising activities.;GPT-5.1;"<Policy PolicyId=""urn:example:policy:block7:134"" Version=""1.0"">
  <Description>Autorizzo Spotify a trattare i miei dati di utilizzo unicamente per la fruizione del servizio musicale e per la gestione della libreria personale. Nego lÕaccesso a contatti, posizione, fotocamera e microfono. Non acconsento alla condivisione dei miei dati con partner terzi per attivitˆ promozionali o pubblicitarie personalizzate.</Description>
  <Rule RuleId=""rule134"" Effect=""Permit"">
    <Description>Subject=User; Action=use; Resource=usage-data; Condition=purpose=music-service, third-party-sharing=denied, profiling=denied</Description>
  </Rule>
</Policy>";
135;Music and streaming;Data collection limitation;Autorizzo Deezer al trattamento dei dati necessari alla riproduzione e sincronizzazione dei brani. Non acconsento allÕuso dei miei dati di ascolto per finalitˆ di marketing o profilazione comportamentale. Nego lÕaccesso a contatti, microfono, fotocamera e posizione.;I authorize Deezer to process the data necessary for playing and synchronizing tracks. I do not consent to the use of my listening data for marketing or behavioral profiling purposes. I deny access to contacts, microphone, camera, and location.;GPT-5.1;"<Policy PolicyId=""urn:example:policy:block7:135"" Version=""1.0"">
  <Description>Autorizzo Deezer al trattamento dei dati necessari alla riproduzione e sincronizzazione dei brani. Non acconsento allÕuso dei miei dati di ascolto per finalitˆ di marketing o profilazione comportamentale. Nego lÕaccesso a contatti, microfono, fotocamera e posizione.</Description>
  <Rule RuleId=""rule135"" Effect=""Permit"">
    <Description>Subject=User; Action=use; Resource=music-data; Condition=purpose=playback, profiling=denied, marketing=denied, device-access=denied</Description>
  </Rule>
</Policy>";
136;Geolocation and navigation;Access only while in use / No profiling;Autorizzo Google Maps allÕaccesso alla posizione geografica esclusivamente durante lÕutilizzo attivo dellÕapplicazione. Nego lÕaccesso continuo in background.Non acconsento al trattamento dei dati di localizzazione per finalitˆ di profilazione, pubblicitˆ personalizzata o analisi dei percorsi a fini commerciali.;I authorize Google Maps to access the geographic location exclusively during the active use of the application. I deny continuous background access. I do not consent to the processing of location data for profiling, personalized advertising, or route analysis for commercial purposes.;GPT-5.1;"<Policy PolicyId=""urn:example:policy:block7:136"" Version=""1.0"">
  <Description>Autorizzo Google Maps allÕaccesso alla posizione geografica esclusivamente durante lÕutilizzo attivo dellÕapplicazione. Nego lÕaccesso continuo in background. Non acconsento al trattamento dei dati di localizzazione per finalitˆ di profilazione, pubblicitˆ personalizzata o analisi dei percorsi a fini commerciali.</Description>
  <Rule RuleId=""rule136"" Effect=""Permit"">
    <Description>Subject=User; Action=access; Resource=location; Condition=usage=while-in-use, background=denied, profiling=denied, marketing=denied</Description>
  </Rule>
</Policy>";
137;Banking and payment apps;Necessary permissions / Only in use;Autorizzo Postepay allÕaccesso alla fotocamera esclusivamente per la scansione di documenti o codici QR, previo consenso manuale di volta in volta. Nego lÕaccesso al microfono, alla posizione e ai contatti. Autorizzo lÕaccesso agli SMS solo mentre lÕapp  in uso, per la ricezione e validazione dei codici OTP necessari alla sicurezza delle transazioni.;I authorize Venmo to access the camera exclusively for scanning documents or QR codes, subject to manual consent each time. I deny access to the microphone, location, and contacts. I authorize access to SMS only while the app is in use, for receiving and validating OTP codes necessary for transaction security.;GPT-5.1;"<Policy PolicyId=""urn:example:policy:block7:137"" Version=""1.0"">
  <Description>Autorizzo Postepay allÕaccesso alla fotocamera esclusivamente per la scansione di documenti o codici QR, previo consenso manuale di volta in volta. Nego lÕaccesso al microfono, alla posizione e ai contatti. Autorizzo lÕaccesso agli SMS solo mentre lÕapp  in uso, per la ricezione e validazione dei codici OTP necessari alla sicurezza delle transazioni.</Description>
  <Rule RuleId=""rule137"" Effect=""Permit"">
    <Description>Subject=User; Action=access; Resource=camera,SMS; Condition=purpose=QR-scan, OTP-validation, microphone=denied, location=denied, contacts=denied</Description>
  </Rule>";
138;Banking and payment apps;Necessary permissions / No profiling;Autorizzo Isybank al trattamento dei dati strettamente necessari per la gestione del conto e delle operazioni bancarie. Consento lÕuso della fotocamera esclusivamente per lÕacquisizione di documenti identificativi o codici QR previa autorizzazione manuale. Nego lÕaccesso a microfono, posizione, contatti e file multimediali. Non acconsento allÕutilizzo dei miei dati per finalitˆ di profilazione o marketing.;I authorize Chime to process the data strictly necessary for managing the account and banking operations. I allow the use of the camera exclusively for acquiring identification documents or QR codes after manual authorization. I deny access to the microphone, location, contacts, and media files. I do not consent to the use of my data for profiling or marketing purposes.;GPT-5.1;"<Policy PolicyId=""urn:example:policy:block7:138"" Version=""1.0"">
  <Description>Autorizzo Isybank al trattamento dei dati strettamente necessari per la gestione del conto e delle operazioni bancarie. Consento lÕuso della fotocamera esclusivamente per lÕacquisizione di documenti identificativi o codici QR previa autorizzazione manuale. Nego lÕaccesso a microfono, posizione, contatti e file multimediali. Non acconsento allÕutilizzo dei miei dati per finalitˆ di profilazione o marketing.</Description>
  <Rule RuleId=""rule138"" Effect=""Permit"">
    <Description>Subject=User; Action=use; Resource=camera,personal-data; Condition=purpose=bank-operations, profiling=denied, marketing=denied, device-access=manual-only</Description>
  </Rule>
</Policy>";
139;Cloud and productivity;Limited access / No profiling;Google Drive, Dropbox, Microsoft OneDrive, Notion, ecc.: Autorizzo le suddette applicazioni ad accedere ai file caricati unicamente per fini di archiviazione, sincronizzazione e condivisione da me espressamente attivati. Nego lÕaccesso ai contatti, alla posizione, al microfono e alla fotocamera salvo per funzioni di scansione documenti previa autorizzazione manuale. Non acconsento allÕuso dei dati memorizzati a fini di analisi commerciale, pubblicitaria o di profilazione.;Google Drive, Dropbox, Microsoft OneDrive, Notion, etc.: I authorize the aforementioned applications to access uploaded files solely for storage, synchronization, and sharing purposes expressly activated by me. I deny access to contacts, location, microphone, and camera except for document scanning functions after manual authorization. I do not consent to the use of stored data for commercial analysis, advertising, or profiling purposes.;GPT-5.1;"<Policy PolicyId=""urn:example:policy:block7:139"" Version=""1.0"">
  <Description>Google Drive, Dropbox, Microsoft OneDrive, Notion, ecc.: Autorizzo le suddette applicazioni ad accedere ai file caricati unicamente per fini di archiviazione, sincronizzazione e condivisione da me espressamente attivati. Nego lÕaccesso ai contatti, alla posizione, al microfono e alla fotocamera salvo per funzioni di scansione documenti previa autorizzazione manuale. Non acconsento allÕuso dei dati memorizzati a fini di analisi commerciale, pubblicitaria o di profilazione.</Description>
  <Rule RuleId=""rule139"" Effect=""Permit"">
    <Description>Subject=User; Action=access; Resource=files; Condition=purpose=storage-sync-share, profiling=denied, marketing=denied, device-access=manual-only</Description>
  </Rule>
</Policy>";
140;Cloud and productivity;Necessary permissions;AutorizzoÊGoogle DriveÊeÊOneDriveÊad accedere allo spazio di archiviazione per la sincronizzazione dei file, ma limito l'upload automatico alle sole cartelle di lavoro designate e unicamente tramite rete Wi-Fi. PerÊSlackÊeÊMicrosoft Teams, consento l'accesso al calendario per l'integrazione con le riunioni e attivo le notifiche per le comunicazioni urgenti. Nego categoricamente a tutte queste app l'accesso ai miei contatti personali, alla posizione e al microfono al di fuori di una chiamata o riunione attiva. L'interazione con i file deve avvenire tramite il selettore di sistema, non tramite una scansione libera del dispositivo.;I authorize Google Drive and OneDrive to access storage space for file synchronization, but I limit automatic uploads to designated work folders only and solely via Wi-Fi network. For Slack and Microsoft Teams, I allow access to the calendar for meeting integration and enable notifications for urgent communications. I categorically deny all these apps access to my personal contacts, location, and microphone outside of an active call or meeting. File interaction must occur via the system picker, not through a free scan of the device.;GEMINI 2.5;"<Policy PolicyId=""urn:xacml:policy:140:ProductivityCompartment"" Version=""1.0"" RuleCombiningAlgId=""urn:oasis:names:tc:xacml:1.0:rule-combining-algorithm:deny-overrides"">
  <Description>Politica di compartimentazione per app di produttivitˆ (Cloud/Collaboration).</Description>
  <Target>
    <Subjects>
      <Subject>
        <Match MatchId=""urn:oasis:names:tc:xacml:1.0:function:string-equal"">
          <AttributeValue DataType=""http://www.w3.org/2001/XMLSchema#string"">GoogleDrive</AttributeValue>
          <SubjectAttributeDesignator AttributeId=""urn:oasis:names:tc:xacml:1.0:subject:subject-id"" DataType=""http://www.w3.org/2001/XMLSchema#string""/>
        </Match>
        <Match MatchId=""urn:oasis:names:tc:xacml:1.0:function:string-equal"">
          <AttributeValue DataType=""http://www.w3.org/2001/XMLSchema#string"">OneDrive</AttributeValue>
          <SubjectAttributeDesignator AttributeId=""urn:oasis:names:tc:xacml:1.0:subject:subject-id"" DataType=""http://www.w3.org/2001/XMLSchema#string""/>
        </Match>
        <Match MatchId=""urn:oasis:names:tc:xacml:1.0:function:string-equal"">
          <AttributeValue DataType=""http://www.w3.org/2001/XMLSchema#string"">Slack</AttributeValue>
          <SubjectAttributeDesignator AttributeId=""urn:oasis:names:tc:xacml:1.0:subject:subject-id"" DataType=""http://www.w3.org/2001/XMLSchema#string""/>
        </Match>
        <Match MatchId=""urn:oasis:names:tc:xacml:1.0:function:string-equal"">
          <AttributeValue DataType=""http://www.w3.org/2001/XMLSchema#string"">MicrosoftTeams</AttributeValue>
          <SubjectAttributeDesignator AttributeId=""urn:oasis:names:tc:xacml:1.0:subject:subject-id"" DataType=""http://www.w3.org/2001/XMLSchema#string""/>
        </Match>
      </Subjects>
    </Target>
  </Target>

  <Rule RuleId=""urn:xacml:rule:140:PermitConditionalUpload"" Effect=""Permit"">
    <Target>
      <Subjects>
        <Subject>
          <Match MatchId=""urn:oasis:names:tc:xacml:1.0:function:string-equal"">
            <AttributeValue DataType=""http://www.w3.org/2001/XMLSchema#string"">GoogleDrive</AttributeValue>
            <SubjectAttributeDesignator AttributeId=""urn:oasis:names:tc:xacml:1.0:subject:subject-id"" DataType=""http://www.w3.org/2001/XMLSchema#string""/>
          </Match>
          <Match MatchId=""urn:oasis:names:tc:xacml:1.0:function:string-equal"">
            <AttributeValue DataType=""http://www.w3.org/2001/XMLSchema#string"">OneDrive</AttributeValue>
            <SubjectAttributeDesignator AttributeId=""urn:oasis:names:tc:xacml:1.0:subject:subject-id"" DataType=""http://www.w3.org/2001/XMLSchema#string""/>
          </Match>
        </Subject>
      </Subjects>
      <Actions>
        <Action>
          <Match MatchId=""urn:oasis:names:tc:xacml:1.0:function:string-equal"">
            <AttributeValue DataType=""http://www.w3.org/2001/XMLSchema#string"">auto_upload</AttributeValue>
            <ActionAttributeDesignator AttributeId=""urn:xacml:1.0:action:action-id"" DataType=""http://www.w3.org/2001/XMLSchema#string""/>
          </Match>
        </Action>
      </Actions>
    </Target>
    <Condition>
      <Apply FunctionId=""urn:oasis:names:tc:xacml:1.0:function:and"">
        <Apply FunctionId=""urn:oasis:names:tc:xacml:1.0:function:string-equal"">
          <AttributeValue DataType=""http://www.w3.org/2001/XMLSchema#string"">DesignatedWorkFolder</AttributeValue>
          <AttributeDesignator AttributeId=""urn:xacml:context:attribute:resource-tag"" Category=""urn:oasis:names:tc:xacml:3.0:attribute-category:resource"" DataType=""http://www.w3.org/2001/XMLSchema#string""/>
        </Apply>
        <Apply FunctionId=""urn:oasis:names:tc:xacml:1.0:function:boolean-equal"">
          <AttributeValue DataType=""http://www.w3.org/2001/XMLSchema#boolean"">true</AttributeValue>
          <AttributeDesignator AttributeId=""urn:xacml:context:attribute:network-status:wifi"" Category=""urn:oasis:names:tc:xacml:3.0:attribute-category:environment"" DataType=""http://www.w3.org/2001/XMLSchema#boolean""/>
        </Apply>
      </Apply>
    </Condition>
  </Rule>

  <Rule RuleId=""urn:xacml:rule:140:PermitMicInCall"" Effect=""Permit"">
    <Target>
      <Subjects>
        <Subject>
          <Match MatchId=""urn:oasis:names:tc:xacml:1.0:function:string-equal"">
            <AttributeValue DataType=""http://www.w3.org/2001/XMLSchema#string"">Slack</AttributeValue>
            <SubjectAttributeDesignator AttributeId=""urn:oasis:names:tc:xacml:1.0:subject:subject-id"" DataType=""http://www.w3.org/2001/XMLSchema#string""/>
          </Match>
          <Match MatchId=""urn:oasis:names:tc:xacml:1.0:function:string-equal"">
            <AttributeValue DataType=""http://www.w3.org/2001/XMLSchema#string"">MicrosoftTeams</AttributeValue>
            <SubjectAttributeDesignator AttributeId=""urn:oasis:names:tc:xacml:1.0:subject:subject-id"" DataType=""http://www.w3.org/2001/XMLSchema#string""/>
          </Match>
        </Subject>
      </Subjects>
      <Resources>
        <Resource>
          <Match MatchId=""urn:oasis:names:tc:xacml:1.0:function:string-equal"">
            <AttributeValue DataType=""http://www.w3.org/2001/XMLSchema#string"">Device.Microphone</AttributeValue>
            <ResourceAttributeDesignator AttributeId=""urn:xacml:device:attribute:resource-type"" DataType=""http://www.w3.org/2001/XMLSchema#string""/>
          </Match>
        </Resource>
      </Resources>
    </Target>
    <Condition>
      <Apply FunctionId=""urn:oasis:names:tc:xacml:1.0:function:string-equal"">
        <AttributeValue DataType=""http://www.w3.org/2001/XMLSchema#string"">active_call</AttributeValue>
        <AttributeDesignator AttributeId=""urn:xacml:context:attribute:app-status"" Category=""urn:oasis:names:tc:xacml:3.0:attribute-category:environment"" DataType=""http://www.w3.org/2001/XMLSchema#string""/>
      </Apply>
    </Condition>
  </Rule>

  <Rule RuleId=""urn:xacml:rule:140:DenyPersonalData"" Effect=""Deny"">
    <Target>
      <Resources>
        <AnyOf>
          <AllOf>
            <Match MatchId=""urn:oasis:names:tc:xacml:1.0:function:string-equal"">
              <AttributeValue DataType=""http://www.w3.org/2001/XMLSchema#string"">User.ContactBook.Personal</AttributeValue>
              <ResourceAttributeDesignator AttributeId=""urn:xacml:data:attribute:resource-type"" DataType=""http://www.w3.org/2001/XMLSchema#string""/>
            </Match>
          </AllOf>
          <AllOf>
            <Match MatchId=""urn:oasis:names:tc:xacml:1.0:function:string-equal"">
              <AttributeValue DataType=""http://www.w3.org/2001/XMLSchema#string"">Location.Any</AttributeValue>
              <ResourceAttributeDesignator AttributeId=""urn:xacml:location:attribute:resource-type"" DataType=""http://www.w3.org/2001/XMLSchema#string""/>
            </Match>
          </AllOf>
        </AnyOf>
      </Resources>
    </Target>
  </Rule>

  <Rule RuleId=""urn:xacml:rule:140:DenyFreeScan"" Effect=""Deny"">
    <Target>
      <Actions>
        <Action>
          <Match MatchId=""urn:oasis:names:tc:xacml:1.0:function:string-equal"">
            <AttributeValue DataType=""http://www.w3.org/2001/XMLSchema#string"">scan_filesystem</AttributeValue>
            <ActionAttributeDesignator AttributeId=""urn:xacml:1.0:action:action-id"" DataType=""http://www.w3.org/2001/XMLSchema#string""/>
          </Match>
        </Action>
      </Actions>
    </Target>
  </Rule>
  
  <Rule RuleId=""urn:xacml:rule:140:DefaultDeny"" Effect=""Deny""/>
</Policy>";
141;Banking and payment apps;Ask every time;"Concedo alle app Intesa Sanpaolo e PayPal i permessi minimi e indispensabili. Autorizzo l'accesso alla fotocamera solo in modalitˆ ""chiedi ogni volta"" per la scansione di codici QR o documenti. Nego permanentemente l'accesso a contatti, posizione, microfono e galleria fotografica. Non autorizzo la lettura degli appunti per prevenire il furto di credenziali e imposto le notifiche in modo che non mostrino mai importi o dettagli sensibili sulla schermata di blocco. Qualsiasi richiesta di permesso eccedente queste funzioni di base viene permanentemente negata e segnalata.";"I grant Bank of America and PayPal apps the minimum and essential permissions. I authorize camera access only in ""ask every time"" mode for scanning QR codes or documents. I permanently deny access to contacts, location, microphone, and photo gallery. I do not authorize clipboard reading to prevent credential theft and I set notifications to never show amounts or sensitive details on the lock screen. Any permission request exceeding these basic functions is permanently denied and reported.";GEMINI 2.5;"<Policy PolicyId=""urn:xacml:policy:141:BankingMinimalPerms"" Version=""1.0"" RuleCombiningAlgId=""urn:oasis:names:tc:xacml:1.0:rule-combining-algorithm:deny-overrides"">
  <Description>Politica di permessi minimi e ""Ask Every Time"" per app bancarie (Intesa, PayPal).</Description>
  <Target>
    <Subjects>
      <Subject>
        <Match MatchId=""urn:oasis:names:tc:xacml:1.0:function:string-equal"">
          <AttributeValue DataType=""http://www.w3.org/2001/XMLSchema#string"">IntesaSanpaolo</AttributeValue>
          <SubjectAttributeDesignator AttributeId=""urn:oasis:names:tc:xacml:1.0:subject:subject-id"" DataType=""http://www.w3.org/2001/XMLSchema#string""/>
        </Match>
        <Match MatchId=""urn:oasis:names:tc:xacml:1.0:function:string-equal"">
          <AttributeValue DataType=""http://www.w3.org/2001/XMLSchema#string"">PayPal</AttributeValue>
          <SubjectAttributeDesignator AttributeId=""urn:oasis:names:tc:xacml:1.0:subject:subject-id"" DataType=""http://www.w3.org/2001/XMLSchema#string""/>
        </Match>
      </Subjects>
    </Target>
  </Target>

  <Rule RuleId=""urn:xacml:rule:141:PermitCameraOnDemand"" Effect=""Permit"">
    <Target>
      <Resources>
        <Resource>
          <Match MatchId=""urn:oasis:names:tc:xacml:1.0:function:string-equal"">
            <AttributeValue DataType=""http://www.w3.org/2001/XMLSchema#string"">Device.Camera</AttributeValue>
            <ResourceAttributeDesignator AttributeId=""urn:xacml:device:attribute:resource-type"" DataType=""http://www.w3.org/2001/XMLSchema#string""/>
          </Match>
        </Resource>
      </Resources>
    </Target>
    <Condition>
      <Apply FunctionId=""urn:oasis:names:tc:xacml:1.0:function:and"">
        <Apply FunctionId=""urn:oasis:names:tc:xacml:1.0:function:or"">
          <Apply FunctionId=""urn:oasis:names:tc:xacml:1.0:function:string-equal"">
            <AttributeValue DataType=""http://www.w3.org/2001/XMLSchema#string"">scan_qr_code</AttributeValue>
            <AttributeDesignator AttributeId=""urn:xacml:context:attribute:action-detail"" Category=""urn:oasis:names:tc:xacml:3.0:attribute-category:action"" DataType=""http://www.w3.org/2001/XMLSchema#string""/>
          </Apply>
          <Apply FunctionId=""urn:oasis:names:tc:xacml:1.0:function:string-equal"">
            <AttributeValue DataType=""http://www.w3.org/2001/XMLSchema#string"">scan_document</AttributeValue>
            <AttributeDesignator AttributeId=""urn:xacml:context:attribute:action-detail"" Category=""urn:oasis:names:tc:xacml:3.0:attribute-category:action"" DataType=""http://www.w3.org/2001/XMLSchema#string""/>
          </Apply>
        </Apply>
        <Apply FunctionId=""urn:oasis:names:tc:xacml:1.0:function:string-equal"">
          <AttributeValue DataType=""http://www.w3.org/2001/XMLSchema#string"">ApprovedThisTime</AttributeValue>
          <AttributeDesignator AttributeId=""urn:xacml:context:attribute:user-prompt-response"" Category=""urn:oasis:names:tc:xacml:3.0:attribute-category:environment"" DataType=""http://www.w3.org/2001/XMLSchema#string""/>
        </Apply>
      </Apply>
    </Condition>
  </Rule>

  <Rule RuleId=""urn:xacml:rule:141:DenyAllSensitiveAccess"" Effect=""Deny"">
    <Target>
      <Resources>
        <AnyOf>
          <AllOf>
            <Match MatchId=""urn:oasis:names:tc:xacml:1.0:function:string-equal"">
              <AttributeValue DataType=""http://www.w3.org/2001/XMLSchema#string"">User.ContactBook</AttributeValue>
              <ResourceAttributeDesignator AttributeId=""urn:xacml:data:attribute:resource-type"" DataType=""http://www.w3.org/2001/XMLSchema#string""/>
            </Match>
          </AllOf>
          <AllOf>
            <Match MatchId=""urn:oasis:names:tc:xacml:1.0:function:string-equal"">
              <AttributeValue DataType=""http://www.w3.org/2001/XMLSchema#string"">Location.Any</AttributeValue>
              <ResourceAttributeDesignator AttributeId=""urn:xacml:location:attribute:resource-type"" DataType=""http://www.w3.org/2001/XMLSchema#string""/>
            </Match>
          </AllOf>
          <AllOf>
            <Match MatchId=""urn:oasis:names:tc:xacml:1.0:function:string-equal"">
              <AttributeValue DataType=""http://www.w3.org/2001/XMLSchema#string"">Device.Microphone</AttributeValue>
              <ResourceAttributeDesignator AttributeId=""urn:xacml:device:attribute:resource-type"" DataType=""http://www.w3.org/2001/XMLSchema#string""/>
            </Match>
          </AllOf>
          <AllOf>
            <Match MatchId=""urn:oasis:names:tc:xacml:1.0:function:string-equal"">
              <AttributeValue DataType=""http://www.w3.org/2001/XMLSchema#string"">User.Gallery</AttributeValue>
              <ResourceAttributeDesignator AttributeId=""urn:xacml:data:attribute:resource-type"" DataType=""http://www.w3.org/2001/XMLSchema#string""/>
            </Match>
          </AllOf>
          <AllOf>
            <Match MatchId=""urn:oasis:names:tc:xacml:1.0:function:string-equal"">
              <AttributeValue DataType=""http://www.w3.org/2001/XMLSchema#string"">Device.Clipboard</AttributeValue>
              <ResourceAttributeDesignator AttributeId=""urn:xacml:device:attribute:resource-type"" DataType=""http://www.w3.org/2001/XMLSchema#string""/>
            </Match>
          </AllOf>
        </AnyOf>
      </Resources>
    </Target>
  </Rule>

  <Rule RuleId=""urn:xacml:rule:141:DenyLockedScreenPreview"" Effect=""Deny"">
    <Target>
      <Resources>
        <Resource>
          <Match MatchId=""urn:oasis:names:tc:xacml:1.0:function:string-equal"">
            <AttributeValue DataType=""http://www.w3.org/2001/XMLSchema#string"">Notification.Content.Sensitive</AttributeValue>
            <ResourceAttributeDesignator AttributeId=""urn:xacml:notification:attribute:resource-type"" DataType=""http://www.w3.org/2001/XMLSchema#string""/>
          </Match>
        </Resource>
      </Resources>
      <Actions>
        <Action>
          <Match MatchId=""urn:oasis:names:tc:xacml:1.0:function:string-equal"">
            <AttributeValue DataType=""http://www.w3.org/2001/XMLSchema#string"">display</AttributeValue>
            <ActionAttributeDesignator AttributeId=""urn:xacml:1.0:action:action-id"" DataType=""http://www.w3.org/2001/XMLSchema#string""/>
          </Match>
        </Action>
      </Actions>
    </Target>
    <Condition>
      <Apply FunctionId=""urn:oasis:names:tc:xacml:1.0:function:string-equal"">
        <AttributeValue DataType=""http://www.w3.org/2001/XMLSchema#string"">locked</AttributeValue>
        <AttributeDesignator AttributeId=""urn:xacml:context:attribute:screen-status"" Category=""urn:oasis:names:tc:xacml:3.0:attribute-category:environment"" DataType=""http://www.w3.org/2001/XMLSchema#string""/>
      </Apply>
    </Condition>
  </Rule>
  
  <Rule RuleId=""urn:xacml:rule:141:DefaultDeny"" Effect=""Deny""/>
</Policy>";
142;Music and streaming;Necessary permissions;Per Netflix, Apple TV+ e Prime Video, nego qualsiasi autorizzazione ad accedere a sensori del dispositivo come posizione, fotocamera o microfono. Autorizzo la raccolta dei dati di visualizzazione esclusivamente per il funzionamento dell'algoritmo di raccomandazione interno alla piattaforma. Non consento il tracciamento della mia attivitˆ su altre app o siti web per finalitˆ pubblicitarie. I download per la visione offline sono configurati per avvenire solo su rete Wi-Fi per ottimizzare il consumo di dati mobili.;For Netflix, Apple TV+, and Prime Video, I deny any permission to access device sensors like location, camera, or microphone. I authorize the collection of viewing data exclusively for the operation of the platform's internal recommendation algorithm. I do not allow tracking of my activity on other apps or websites for advertising purposes. Downloads for offline viewing are configured to occur only on a Wi-Fi network to optimize mobile data consumption.;GEMINI 2.5;"<Policy PolicyId=""urn:xacml:policy:142:VideoStreamingPolicy"" Version=""1.0"" RuleCombiningAlgId=""urn:oasis:names:tc:xacml:1.0:rule-combining-algorithm:deny-overrides"">
  <Description>Politica di permessi minimi per app di video streaming (Netflix, Apple TV+, Prime Video).</Description>
  <Target>
    <Subjects>
      <Subject>
        <Match MatchId=""urn:oasis:names:tc:xacml:1.0:function:string-equal"">
          <AttributeValue DataType=""http://www.w3.org/2001/XMLSchema#string"">Netflix</AttributeValue>
          <SubjectAttributeDesignator AttributeId=""urn:oasis:names:tc:xacml:1.0:subject:subject-id"" DataType=""http://www.w3.org/2001/XMLSchema#string""/>
        </Match>
        <Match MatchId=""urn:oasis:names:tc:xacml:1.0:function:string-equal"">
          <AttributeValue DataType=""http://www.w3.org/2001/XMLSchema#string"">AppleTVPlus</AttributeValue>
          <SubjectAttributeDesignator AttributeId=""urn:oasis:names:tc:xacml:1.0:subject:subject-id"" DataType=""http://www.w3.org/2001/XMLSchema#string""/>
        </Match>
        <Match MatchId=""urn:oasis:names:tc:xacml:1.0:function:string-equal"">
          <AttributeValue DataType=""http://www.w3.org/2001/XMLSchema#string"">PrimeVideo</AttributeValue>
          <SubjectAttributeDesignator AttributeId=""urn:oasis:names:tc:xacml:1.0:subject:subject-id"" DataType=""http://www.w3.org/2001/XMLSchema#string""/>
        </Match>
      </Subjects>
    </Target>
  </Target>

  <Rule RuleId=""urn:xacml:rule:142:DenyDeviceSensors"" Effect=""Deny"">
    <Target>
      <Resources>
        <AnyOf>
          <AllOf>
            <Match MatchId=""urn:oasis:names:tc:xacml:1.0:function:string-equal"">
              <AttributeValue DataType=""http://www.w3.org/2001/XMLSchema#string"">Location.Any</AttributeValue>
              <ResourceAttributeDesignator AttributeId=""urn:xacml:location:attribute:resource-type"" DataType=""http://www.w3.org/2001/XMLSchema#string""/>
            </Match>
          </AllOf>
          <AllOf>
            <Match MatchId=""urn:oasis:names:tc:xacml:1.0:function:string-equal"">
              <AttributeValue DataType=""http://www.w3.org/2001/XMLSchema#string"">Device.Camera</AttributeValue>
              <ResourceAttributeDesignator AttributeId=""urn:xacml:device:attribute:resource-type"" DataType=""http://www.w3.org/2001/XMLSchema#string""/>
            </Match>
          </AllOf>
          <AllOf>
            <Match MatchId=""urn:oasis:names:tc:xacml:1.0:function:string-equal"">
              <AttributeValue DataType=""http://www.w3.org/2001/XMLSchema#string"">Device.Microphone</AttributeValue>
              <ResourceAttributeDesignator AttributeId=""urn:xacml:device:attribute:resource-type"" DataType=""http://www.w3.org/2001/XMLSchema#string""/>
            </Match>
          </AllOf>
        </AnyOf>
      </Resources>
    </Target>
  </Rule>

  <Rule RuleId=""urn:xacml:rule:142:PermitInternalRecommendation"" Effect=""Permit"">
    <Target>
      <Resources>
        <Resource>
          <Match MatchId=""urn:oasis:names:tc:xacml:1.0:function:string-equal"">
            <AttributeValue DataType=""http://www.w3.org/2001/XMLSchema#string"">UserData.ViewingData</AttributeValue>
            <ResourceAttributeDesignator AttributeId=""urn:xacml:data:attribute:resource-type"" DataType=""http://www.w3.org/2001/XMLSchema#string""/>
          </Match>
        </Resource>
      </Resources>
      <Actions>
        <Action>
          <Match MatchId=""urn:oasis:names:tc:xacml:1.0:function:string-equal"">
            <AttributeValue DataType=""http://www.w3.org/2001/XMLSchema#string"">collect</AttributeValue>
            <ActionAttributeDesignator AttributeId=""urn:xacml:1.0:action:action-id"" DataType=""http://www.w3.org/2001/XMLSchema#string""/>
          </Match>
        </Action>
      </Actions>
    </Target>
    <Condition>
      <Apply FunctionId=""urn:oasis:names:tc:xacml:1.0:function:string-equal"">
        <AttributeValue DataType=""http://www.w3.org/2001/XMLSchema#string"">InternalRecommendation</AttributeValue>
        <AttributeDesignator AttributeId=""urn:xacml:context:attribute:purpose"" Category=""urn:oasis:names:tc:xacml:3.0:attribute-category:environment"" DataType=""http://www.w3.org/2001/XMLSchema#string""/>
      </Apply>
    </Condition>
  </Rule>

  <Rule RuleId=""urn:xacml:rule:142:DenyExternalTracking"" Effect=""Deny"">
    <Target>
      <Resources>
        <Resource>
          <Match MatchId=""urn:oasis:names:tc:xacml:1.0:function:string-equal"">
            <AttributeValue DataType=""http://www.w3.org/2001/XMLSchema#string"">ActivityData.External</AttributeValue>
            <ResourceAttributeDesignator AttributeId=""urn:xacml:tracking:attribute:resource-type"" DataType=""http://www.w3.org/2001/XMLSchema#string""/>
          </Match>
        </Resource>
      </Resources>
      <Actions>
        <Action>
          <Match MatchId=""urn:oasis:names:tc:xacml:1.0:function:string-equal"">
            <AttributeValue DataType=""http://www.w3.org/2001/XMLSchema#string"">track</AttributeValue>
            <ActionAttributeDesignator AttributeId=""urn:xacml:1.0:action:action-id"" DataType=""http://www.w3.org/2001/XMLSchema#string""/>
          </Match>
        </Action>
      </Actions>
    </Target>
  </Rule>

  <Rule RuleId=""urn:xacml:rule:142:PermitDownloadOnWifi"" Effect=""Permit"">
    <Target>
      <Actions>
        <Action>
          <Match MatchId=""urn:oasis:names:tc:xacml:1.0:function:string-equal"">
            <AttributeValue DataType=""http://www.w3.org/2001/XMLSchema#string"">download_offline</AttributeValue>
            <ActionAttributeDesignator AttributeId=""urn:xacml:1.0:action:action-id"" DataType=""http://www.w3.org/2001/XMLSchema#string""/>
          </Match>
        </Action>
      </Actions>
    </Target>
    <Condition>
      <Apply FunctionId=""urn:oasis:names:tc:xacml:1.0:function:boolean-equal"">
        <AttributeValue DataType=""http://www.w3.org/2001/XMLSchema#boolean"">true</AttributeValue>
        <AttributeDesignator AttributeId=""urn:xacml:context:attribute:network-status:wifi"" Category=""urn:oasis:names:tc:xacml:3.0:attribute-category:environment"" DataType=""http://www.w3.org/2001/XMLSchema#boolean""/>
      </Apply>
    </Condition>
  </Rule>

  <Rule RuleId=""urn:xacml:rule:142:DefaultDeny"" Effect=""Deny""/>
</Policy>";
143;Food delivery and home services;Limited and temporary access;Autorizzo Glovo, Deliveroo e Just Eat ad accedere alla mia posizione precisa solo ed esclusivamente dall'istante in cui confermo un ordine fino al momento in cui la consegna viene contrassegnata come completata. DopodichŽ, l'autorizzazione viene revocata. Nego l'accesso alla rubrica contatti, in quanto preferisco condividere manualmente il link di tracciamento se necessario. Non autorizzo l'uso dei miei dati di acquisto per profilazione pubblicitaria al di fuori di comunicazioni relative al servizio stesso.;I authorize DoorDash, Grubhub, and Uber Eats to access my precise location only and exclusively from the moment I confirm an order until the moment the delivery is marked as complete. After that, the permission is revoked. I deny access to the contact list, as I prefer to manually share the tracking link if necessary. I do not authorize the use of my purchase data for advertising profiling outside of communications related to the service itself.;GEMINI 2.5;"<Policy PolicyId=""urn:xacml:policy:143:FoodDeliveryTemporaryAccess"" Version=""1.0"" RuleCombiningAlgId=""urn:oasis:names:tc:xacml:1.0:rule-combining-algorithm:deny-overrides"">
  <Description>Politica di accesso temporaneo alla posizione per app di food delivery.</Description>
  <Target>
    <Subjects>
      <Subject>
        <Match MatchId=""urn:oasis:names:tc:xacml:1.0:function:string-equal"">
          <AttributeValue DataType=""http://www.w3.org/2001/XMLSchema#string"">Glovo</AttributeValue>
          <SubjectAttributeDesignator AttributeId=""urn:oasis:names:tc:xacml:1.0:subject:subject-id"" DataType=""http://www.w3.org/2001/XMLSchema#string""/>
        </Match>
        <Match MatchId=""urn:oasis:names:tc:xacml:1.0:function:string-equal"">
          <AttributeValue DataType=""http://www.w3.org/2001/XMLSchema#string"">Deliveroo</AttributeValue>
          <SubjectAttributeDesignator AttributeId=""urn:oasis:names:tc:xacml:1.0:subject:subject-id"" DataType=""http://www.w3.org/2001/XMLSchema#string""/>
        </Match>
        <Match MatchId=""urn:oasis:names:tc:xacml:1.0:function:string-equal"">
          <AttributeValue DataType=""http://www.w3.org/2001/XMLSchema#string"">JustEat</AttributeValue>
          <SubjectAttributeDesignator AttributeId=""urn:oasis:names:tc:xacml:1.0:subject:subject-id"" DataType=""http://www.w3.org/2001/XMLSchema#string""/>
        </Match>
      </Subjects>
    </Target>
  </Target>

  <Rule RuleId=""urn:xacml:rule:143:PermitLocationActiveDelivery"" Effect=""Permit"">
    <Target>
      <Resources>
        <Resource>
          <Match MatchId=""urn:oasis:names:tc:xacml:1.0:function:string-equal"">
            <AttributeValue DataType=""http://www.w3.org/2001/XMLSchema#string"">Location.Precise</AttributeValue>
            <ResourceAttributeDesignator AttributeId=""urn:xacml:location:attribute:resource-type"" DataType=""http://www.w3.org/2001/XMLSchema#string""/>
          </Match>
        </Resource>
      </Resources>
    </Target>
    <Condition>
      <Apply FunctionId=""urn:oasis:names:tc:xacml:1.0:function:and"">
        <Apply FunctionId=""urn:oasis:names:tc:xacml:1.0:function:string-equal"">
          <AttributeValue DataType=""http://www.w3.org/2001/XMLSchema#string"">OrderConfirmed</AttributeValue>
          <AttributeDesignator AttributeId=""urn:xacml:context:attribute:order-status"" Category=""urn:oasis:names:tc:xacml:3.0:attribute-category:environment"" DataType=""http://www.w3.org/2001/XMLSchema#string""/>
        </Apply>
        <Apply FunctionId=""urn:oasis:names:tc:xacml:1.0:function:string-not-equal"">
          <AttributeValue DataType=""http://www.w3.org/2001/XMLSchema#string"">DeliveryCompleted</AttributeValue>
          <AttributeDesignator AttributeId=""urn:xacml:context:attribute:order-status"" Category=""urn:oasis:names:tc:xacml:3.0:attribute-category:environment"" DataType=""http://www.w3.org/2001/XMLSchema#string""/>
        </Apply>
      </Apply>
    </Condition>
    <AdviceExpressions>
      <AdviceExpression AdviceId=""urn:xacml:advice:action:revoke-after-completion"" AppliesTo=""Permit"">
        <AttributeAssignmentExpression AttributeId=""urn:xacml:attribute:permission-status"">
          <AttributeValue DataType=""http://www.w3.org/2001/XMLSchema#string"">RevokeOnDeliveryCompleted</AttributeValue>
        </AttributeAssignmentExpression>
      </AdviceExpression>
    </AdviceExpressions>
  </Rule>

  <Rule RuleId=""urn:xacml:rule:143:DenyContactBook"" Effect=""Deny"">
    <Target>
      <Resources>
        <Resource>
          <Match MatchId=""urn:oasis:names:tc:xacml:1.0:function:string-equal"">
            <AttributeValue DataType=""http://www.w3.org/2001/XMLSchema#string"">User.ContactBook</AttributeValue>
            <ResourceAttributeDesignator AttributeId=""urn:xacml:data:attribute:resource-type"" DataType=""http://www.w3.org/2001/XMLSchema#string""/>
          </Match>
        </Resource>
      </Resources>
    </Target>
  </Rule>

  <Rule RuleId=""urn:xacml:rule:143:DenyExternalProfiling"" Effect=""Deny"">
    <Target>
      <Resources>
        <Resource>
          <Match MatchId=""urn:oasis:names:tc:xacml:1.0:function:string-equal"">
            <AttributeValue DataType=""http://www.w3.org/2001/XMLSchema#string"">UserData.PurchaseHistory</AttributeValue>
            <ResourceAttributeDesignator AttributeId=""urn:xacml:data:attribute:resource-type"" DataType=""http://www.w3.org/2001/XMLSchema#string""/>
          </Match>
        </Resource>
      </Resources>
    </Target>
    <Condition>
      <Apply FunctionId=""urn:oasis:names:tc:xacml:1.0:function:string-not-equal"">
        <AttributeValue DataType=""http://www.w3.org/2001/XMLSchema#string"">InternalServiceCommunication</AttributeValue>
        <AttributeDesignator AttributeId=""urn:xacml:context:attribute:purpose"" Category=""urn:oasis:names:tc:xacml:3.0:attribute-category:environment"" DataType=""http://www.w3.org/2001/XMLSchema#string""/>
      </Apply>
    </Condition>
  </Rule>

  <Rule RuleId=""urn:xacml:rule:143:DefaultDeny"" Effect=""Deny""/>
</Policy>";
144;Fitness and health;Data collection limitation;Concedo a Strava e Garmin Connect l'accesso al GPS e ai sensori di movimento solo durante la registrazione di un'attivitˆ fisica. Il mio profilo su queste piattaforme  impostato come privato e nego la sincronizzazione dei contatti per trovare follower. Non autorizzo la condivisione dei miei dati biometrici e di salute con data broker, partner pubblicitari o compagnie di assicurazione. Qualsiasi dato raccolto deve essere utilizzato solo per l'analisi delle mie prestazioni personali e non per scopi commerciali esterni.;I grant Strava and Garmin Connect access to GPS and motion sensors only during the recording of a physical activity. My profile on these platforms is set to private and I deny contact synchronization to find followers. I do not authorize the sharing of my biometric and health data with data brokers, advertising partners, or insurance companies. Any data collected must be used only for analyzing my personal performance and not for external commercial purposes.;GEMINI 2.5;"<Policy PolicyId=""urn:xacml:policy:144:FitnessDataLimitation"" Version=""1.0"" RuleCombiningAlgId=""urn:oasis:names:tc:xacml:1.0:rule-combining-algorithm:deny-overrides"">
  <Description>Politica di limitazione della raccolta e condivisione dei dati per app di fitness.</Description>
  <Target>
    <Subjects>
      <Subject>
        <Match MatchId=""urn:oasis:names:tc:xacml:1.0:function:string-equal"">
          <AttributeValue DataType=""http://www.w3.org/2001/XMLSchema#string"">Strava</AttributeValue>
          <SubjectAttributeDesignator AttributeId=""urn:oasis:names:tc:xacml:1.0:subject:subject-id"" DataType=""http://www.w3.org/2001/XMLSchema#string""/>
        </Match>
        <Match MatchId=""urn:oasis:names:tc:xacml:1.0:function:string-equal"">
          <AttributeValue DataType=""http://www.w3.org/2001/XMLSchema#string"">GarminConnect</AttributeValue>
          <SubjectAttributeDesignator AttributeId=""urn:oasis:names:tc:xacml:1.0:subject:subject-id"" DataType=""http://www.w3.org/2001/XMLSchema#string""/>
        </Match>
      </Subjects>
    </Target>
  </Target>

  <Rule RuleId=""urn:xacml:rule:144:PermitSensorsOnRecord"" Effect=""Permit"">
    <Target>
      <Resources>
        <AnyOf>
          <AllOf>
            <Match MatchId=""urn:oasis:names:tc:xacml:1.0:function:string-equal"">
              <AttributeValue DataType=""http://www.w3.org/2001/XMLSchema#string"">Device.GPS</AttributeValue>
              <ResourceAttributeDesignator AttributeId=""urn:xacml:device:attribute:resource-type"" DataType=""http://www.w3.org/2001/XMLSchema#string""/>
            </Match>
          </AllOf>
          <AllOf>
            <Match MatchId=""urn:oasis:names:tc:xacml:1.0:function:string-equal"">
              <AttributeValue DataType=""http://www.w3.org/2001/XMLSchema#string"">Device.MotionSensors</AttributeValue>
              <ResourceAttributeDesignator AttributeId=""urn:xacml:device:attribute:resource-type"" DataType=""http://www.w3.org/2001/XMLSchema#string""/>
            </Match>
          </AllOf>
        </AnyOf>
      </Resources>
    </Target>
    <Condition>
      <Apply FunctionId=""urn:oasis:names:tc:xacml:1.0:function:string-equal"">
        <AttributeValue DataType=""http://www.w3.org/2001/XMLSchema#string"">ActivityRecording</AttributeValue>
        <AttributeDesignator AttributeId=""urn:xacml:context:attribute:app-status"" Category=""urn:oasis:names:tc:xacml:3.0:attribute-category:environment"" DataType=""http://www.w3.org/2001/XMLSchema#string""/>
      </Apply>
    </Condition>
  </Rule>

  <Rule RuleId=""urn:xacml:rule:144:DenyContactSync"" Effect=""Deny"">
    <Target>
      <Resources>
        <Resource>
          <Match MatchId=""urn:oasis:names:tc:xacml:1.0:function:string-equal"">
            <AttributeValue DataType=""http://www.w3.org/2001/XMLSchema#string"">User.ContactBook</AttributeValue>
            <ResourceAttributeDesignator AttributeId=""urn:xacml:data:attribute:resource-type"" DataType=""http://www.w3.org/2001/XMLSchema#string""/>
          </Match>
        </Resource>
      </Resources>
      <Actions>
        <Action>
          <Match MatchId=""urn:oasis:names:tc:xacml:1.0:function:string-equal"">
            <AttributeValue DataType=""http://www.w3.org/2001/XMLSchema#string"">synchronize</AttributeValue>
            <ActionAttributeDesignator AttributeId=""urn:xacml:1.0:action:action-id"" DataType=""http://www.w3.org/2001/XMLSchema#string""/>
          </Match>
        </Action>
      </Actions>
    </Target>
  </Rule>

  <Rule RuleId=""urn:xacml:rule:144:DenyCommercialDataSharing"" Effect=""Deny"">
    <Target>
      <Resources>
        <AnyOf>
          <AllOf>
            <Match MatchId=""urn:oasis:names:tc:xacml:1.0:function:string-equal"">
              <AttributeValue DataType=""http://www.w3.org/2001/XMLSchema#string"">UserData.Biometric</AttributeValue>
              <ResourceAttributeDesignator AttributeId=""urn:xacml:data:attribute:resource-type"" DataType=""http://www.w3.org/2001/XMLSchema#string""/>
            </Match>
          </AllOf>
          <AllOf>
            <Match MatchId=""urn:oasis:names:tc:xacml:1.0:function:string-equal"">
              <AttributeValue DataType=""http://www.w3.org/2001/XMLSchema#string"">UserData.Health</AttributeValue>
              <ResourceAttributeDesignator AttributeId=""urn:xacml:data:attribute:resource-type"" DataType=""http://www.w3.org/2001/XMLSchema#string""/>
            </Match>
          </AllOf>
        </AnyOf>
      </Resources>
      <Actions>
        <Action>
          <Match MatchId=""urn:oasis:names:tc:xacml:1.0:function:string-equal"">
            <AttributeValue DataType=""http://www.w3.org/2001/XMLSchema#string"">share</AttributeValue>
            <ActionAttributeDesignator AttributeId=""urn:xacml:1.0:action:action-id"" DataType=""http://www.w3.org/2001/XMLSchema#string""/>
          </Match>
        </Action>
      </Actions>
    </Target>
    <Condition>
      <Apply FunctionId=""urn:oasis:names:tc:xacml:1.0:function:or"">
        <Apply FunctionId=""urn:oasis:names:tc:xacml:1.0:function:string-equal"">
          <AttributeValue DataType=""http://www.w3.org/2001/XMLSchema#string"">DataBroker</AttributeValue>
          <AttributeDesignator AttributeId=""urn:xacml:context:attribute:recipient-type"" Category=""urn:oasis:names:tc:xacml:3.0:attribute-category:recipient"" DataType=""http://www.w3.org/2001/XMLSchema#string""/>
        </Apply>
        <Apply FunctionId=""urn:oasis:names:tc:xacml:1.0:function:string-equal"">
          <AttributeValue DataType=""http://www.w3.org/2001/XMLSchema#string"">AdvertisingPartner</AttributeValue>
          <AttributeDesignator AttributeId=""urn:xacml:context:attribute:recipient-type"" Category=""urn:oasis:names:tc:xacml:3.0:attribute-category:recipient"" DataType=""http://www.w3.org/2001/XMLSchema#string""/>
        </Apply>
        <Apply FunctionId=""urn:oasis:names:tc:xacml:1.0:function:string-equal"">
          <AttributeValue DataType=""http://www.w3.org/2001/XMLSchema#string"">InsuranceCompany</AttributeValue>
          <AttributeDesignator AttributeId=""urn:xacml:context:attribute:recipient-type"" Category=""urn:oasis:names:tc:xacml:3.0:attribute-category:recipient"" DataType=""http://www.w3.org/2001/XMLSchema#string""/>
        </Apply>
      </Apply>
    </Condition>
  </Rule>
  
  <Rule RuleId=""urn:xacml:rule:144:DefaultDeny"" Effect=""Deny""/>
</Policy>";
145;Transport and mobility;Necessary permissions / Only in use;Autorizzo Uber ad utilizzare la mia posizione precisa solo durante la ricerca di un'auto e nel corso di una corsa attiva. Per app come Booking.com o Trenitalia, concedo l'accesso al calendario al solo scopo di salvare una prenotazione o un biglietto, ma nego l'accesso alla posizione in background e ai contatti. Non salvo i dati della mia carta di credito direttamente in queste app, preferendo utilizzare sistemi di pagamento tokenizzati come Apple Pay o Google Pay per ogni singola transazione.;I authorize Uber to use my precise location only when searching for a car and during an active ride. For apps like Booking.com or Amtrak, I grant access to the calendar for the sole purpose of saving a reservation or ticket, but I deny background location access and contacts. I do not save my credit card data directly in these apps, preferring to use tokenized payment systems like Apple Pay or Google Pay for each transaction.;GEMINI 2.5;"<Policy PolicyId=""urn:xacml:policy:145:TransportMobilityPolicy"" Version=""1.0"" RuleCombiningAlgId=""urn:oasis:names:tc:xacml:1.0:rule-combining-algorithm:deny-overrides"">
  <Description>Politica di permessi minimi e ""In Use"" per app di trasporto e mobilitˆ.</Description>
  <Target/>

  <Rule RuleId=""urn:xacml:rule:145:PermitUberLocationInUse"" Effect=""Permit"">
    <Target>
      <Subjects>
        <Subject>
          <Match MatchId=""urn:oasis:names:tc:xacml:1.0:function:string-equal"">
            <AttributeValue DataType=""http://www.w3.org/2001/XMLSchema#string"">Uber</AttributeValue>
            <SubjectAttributeDesignator AttributeId=""urn:oasis:names:tc:xacml:1.0:subject:subject-id"" DataType=""http://www.w3.org/2001/XMLSchema#string""/>
          </Match>
        </Subject>
      </Subjects>
      <Resources>
        <Resource>
          <Match MatchId=""urn:oasis:names:tc:xacml:1.0:function:string-equal"">
            <AttributeValue DataType=""http://www.w3.org/2001/XMLSchema#string"">Location.Precise</AttributeValue>
            <ResourceAttributeDesignator AttributeId=""urn:xacml:location:attribute:resource-type"" DataType=""http://www.w3.org/2001/XMLSchema#string""/>
          </Match>
        </Resource>
      </Resources>
    </Target>
    <Condition>
      <Apply FunctionId=""urn:oasis:names:tc:xacml:1.0:function:or"">
        <Apply FunctionId=""urn:oasis:names:tc:xacml:1.0:function:string-equal"">
          <AttributeValue DataType=""http://www.w3.org/2001/XMLSchema#string"">searching_ride</AttributeValue>
          <AttributeDesignator AttributeId=""urn:xacml:context:attribute:app-status"" Category=""urn:oasis:names:tc:xacml:3.0:attribute-category:environment"" DataType=""http://www.w3.org/2001/XMLSchema#string""/>
        </Apply>
        <Apply FunctionId=""urn:oasis:names:tc:xacml:1.0:function:string-equal"">
          <AttributeValue DataType=""http://www.w3.org/2001/XMLSchema#string"">in_ride</AttributeValue>
          <AttributeDesignator AttributeId=""urn:xacml:context:attribute:app-status"" Category=""urn:oasis:names:tc:xacml:3.0:attribute-category:environment"" DataType=""http://www.w3.org/2001/XMLSchema#string""/>
        </Apply>
      </Apply>
    </Condition>
  </Rule>

  <Rule RuleId=""urn:xacml:rule:145:PermitCalendarSave"" Effect=""Permit"">
    <Target>
      <Subjects>
        <Subject>
          <Match MatchId=""urn:oasis:names:tc:xacml:1.0:function:string-equal"">
            <AttributeValue DataType=""http://www.w3.org/2001/XMLSchema#string"">Booking.com</AttributeValue>
            <SubjectAttributeDesignator AttributeId=""urn:oasis:names:tc:xacml:1.0:subject:subject-id"" DataType=""http://www.w3.org/2001/XMLSchema#string""/>
          </Match>
          <Match MatchId=""urn:oasis:names:tc:xacml:1.0:function:string-equal"">
            <AttributeValue DataType=""http://www.w3.org/2001/XMLSchema#string"">Trenitalia</AttributeValue>
            <SubjectAttributeDesignator AttributeId=""urn:oasis:names:tc:xacml:1.0:subject:subject-id"" DataType=""http://www.w3.org/2001/XMLSchema#string""/>
          </Match>
        </Subject>
      </Subjects>
      <Resources>
        <Resource>
          <Match MatchId=""urn:oasis:names:tc:xacml:1.0:function:string-equal"">
            <AttributeValue DataType=""http://www.w3.org/2001/XMLSchema#string"">Device.Calendar</AttributeValue>
            <ResourceAttributeDesignator AttributeId=""urn:xacml:device:attribute:resource-type"" DataType=""http://www.w3.org/2001/XMLSchema#string""/>
          </Match>
        </Resource>
      </Resources>
    </Target>
    <Condition>
      <Apply FunctionId=""urn:oasis:names:tc:xacml:1.0:function:string-equal"">
        <AttributeValue DataType=""http://www.w3.org/2001/XMLSchema#string"">save_reservation</AttributeValue>
        <AttributeDesignator AttributeId=""urn:xacml:context:attribute:action-detail"" Category=""urn:oasis:names:tc:xacml:3.0:attribute-category:action"" DataType=""http://www.w3.org/2001/XMLSchema#string""/>
      </Apply>
    </Condition>
  </Rule>

  <Rule RuleId=""urn:xacml:rule:145:DenyTravelBackgroundAccess"" Effect=""Deny"">
    <Target>
      <Subjects>
        <Subject>
          <Match MatchId=""urn:oasis:names:tc:xacml:1.0:function:string-equal"">
            <AttributeValue DataType=""http://www.w3.org/2001/XMLSchema#string"">Booking.com</AttributeValue>
            <SubjectAttributeDesignator AttributeId=""urn:oasis:names:tc:xacml:1.0:subject:subject-id"" DataType=""http://www.w3.org/2001/XMLSchema#string""/>
          </Match>
          <Match MatchId=""urn:oasis:names:tc:xacml:1.0:function:string-equal"">
            <AttributeValue DataType=""http://www.w3.org/2001/XMLSchema#string"">Trenitalia</AttributeValue>
            <SubjectAttributeDesignator AttributeId=""urn:oasis:names:tc:xacml:1.0:subject:subject-id"" DataType=""http://www.w3.org/2001/XMLSchema#string""/>
          </Match>
        </Subject>
      </Subjects>
      <Resources>
        <AnyOf>
          <AllOf>
            <Match MatchId=""urn:oasis:names:tc:xacml:1.0:function:string-equal"">
              <AttributeValue DataType=""http://www.w3.org/2001/XMLSchema#string"">Location.Background</AttributeValue>
              <ResourceAttributeDesignator AttributeId=""urn:xacml:location:attribute:resource-type"" DataType=""http://www.w3.org/2001/XMLSchema#string""/>
            </Match>
          </AllOf>
          <AllOf>
            <Match MatchId=""urn:oasis:names:tc:xacml:1.0:function:string-equal"">
              <AttributeValue DataType=""http://www.w3.org/2001/XMLSchema#string"">User.ContactBook</AttributeValue>
              <ResourceAttributeDesignator AttributeId=""urn:xacml:data:attribute:resource-type"" DataType=""http://www.w3.org/2001/XMLSchema#string""/>
            </Match>
          </AllOf>
        </AnyOf>
      </Resources>
    </Target>
  </Rule>

  <Rule RuleId=""urn:xacml:rule:145:DenyPermanentCardSave"" Effect=""Deny"">
    <Target>
      <Resources>
        <Resource>
          <Match MatchId=""urn:oasis:names:tc:xacml:1.0:function:string-equal"">
            <AttributeValue DataType=""http://www.w3.org/2001/XMLSchema#string"">PaymentData.CreditCard</AttributeValue>
            <ResourceAttributeDesignator AttributeId=""urn:xacml:data:attribute:resource-type"" DataType=""http://www.w3.org/2001/XMLSchema#string""/>
          </Match>
        </Resource>
      </Resources>
      <Actions>
        <Action>
          <Match MatchId=""urn:oasis:names:tc:xacml:1.0:function:string-equal"">
            <AttributeValue DataType=""http://www.w3.org/2001/XMLSchema#string"">store_permanently</AttributeValue>
            <ActionAttributeDesignator AttributeId=""urn:xacml:1.0:action:action-id"" DataType=""http://www.w3.org/2001/XMLSchema#string""/>
          </Match>
        </Action>
      </Actions>
    </Target>
  </Rule>
  
  <Rule RuleId=""urn:xacml:rule:145:DefaultDeny"" Effect=""Deny""/>
</Policy>";
146;Web browser and search;Limited access / No personalization;"All'interno di browser come Chrome e Firefox, imposto il blocco dei cookie di terze parti e attivo sempre la protezione anti-tracciamento avanzata. Nego di default a tutti i siti web l'accesso a posizione, fotocamera e microfono; tali permessi vengono concessi solo caso per caso e in modo temporaneo a siti di cui mi fido esplicitamente. La cronologia di navigazione e ricerca non viene utilizzata per la personalizzazione degli annunci a livello di account e viene cancellata periodicamente.";"Within browsers like Chrome and Firefox, I block third-party cookies and always enable enhanced tracking protection. I deny all websites access to location, camera, and microphone by default; such permissions are granted only on a case-by-case basis and temporarily to sites I explicitly trust. Browsing and search history is not used for ad personalization at the account level and is cleared periodically.";GEMINI 2.5;"<Policy PolicyId=""urn:xacml:policy:146:BrowserPrivacyPolicy"" Version=""1.0"" RuleCombiningAlgId=""urn:oasis:names:tc:xacml:1.0:rule-combining-algorithm:deny-overrides"">
  <Description>Politica di privacy per browser (Chrome/Firefox), blocco tracciamento e permessi sito.</Description>
  <Target>
    <Subjects>
      <Subject>
        <Match MatchId=""urn:oasis:names:tc:xacml:1.0:function:string-equal"">
          <AttributeValue DataType=""http://www.w3.org/2001/XMLSchema#string"">Chrome</AttributeValue>
          <SubjectAttributeDesignator AttributeId=""urn:oasis:names:tc:xacml:1.0:subject:subject-id"" DataType=""http://www.w3.org/2001/XMLSchema#string""/>
        </Match>
        <Match MatchId=""urn:oasis:names:tc:xacml:1.0:function:string-equal"">
          <AttributeValue DataType=""http://www.w3.org/2001/XMLSchema#string"">Firefox</AttributeValue>
          <SubjectAttributeDesignator AttributeId=""urn:oasis:names:tc:xacml:1.0:subject:subject-id"" DataType=""http://www.w3.org/2001/XMLSchema#string""/>
        </Match>
      </Subjects>
    </Target>
  </Target>

  <Rule RuleId=""urn:xacml:rule:146:DenyThirdPartyCookies"" Effect=""Deny"">
    <Target>
      <Resources>
        <Resource>
          <Match MatchId=""urn:oasis:names:tc:xacml:1.0:function:string-equal"">
            <AttributeValue DataType=""http://www.w3.org/2001/XMLSchema#string"">Network.Cookie</AttributeValue>
            <ResourceAttributeDesignator AttributeId=""urn:xacml:network:attribute:resource-type"" DataType=""http://www.w3.org/2001/XMLSchema#string""/>
          </Match>
        </Resource>
      </Resources>
    </Target>
    <Condition>
      <Apply FunctionId=""urn:oasis:names:tc:xacml:1.0:function:string-equal"">
        <AttributeValue DataType=""http://www.w3.org/2001/XMLSchema#string"">ThirdParty</AttributeValue>
        <AttributeDesignator AttributeId=""urn:xacml:context:attribute:cookie-context"" Category=""urn:oasis:names:tc:xacml:3.0:attribute-category:environment"" DataType=""http://www.w3.org/2001/XMLSchema#string""/>
      </Apply>
    </Condition>
  </Rule>

  <Rule RuleId=""urn:xacml:rule:146:DenyAdvancedTracking"" Effect=""Deny"">
    <Target>
      <Resources>
        <Resource>
          <Match MatchId=""urn:oasis:names:tc:xacml:1.0:function:string-equal"">
            <AttributeValue DataType=""http://www.w3.org/2001/XMLSchema#string"">Network.Script</AttributeValue>
            <ResourceAttributeDesignator AttributeId=""urn:xacml:network:attribute:resource-type"" DataType=""http://www.w3.org/2001/XMLSchema#string""/>
          </Match>
        </Resource>
      </Resources>
    </Target>
    <Condition>
      <Apply FunctionId=""urn:oasis:names:tc:xacml:1.0:function:string-equal"">
        <AttributeValue DataType=""http://www.w3.org/2001/XMLSchema#string"">AdvancedTracker</AttributeValue>
        <AttributeDesignator AttributeId=""urn:xacml:context:attribute:script-category"" Category=""urn:oasis:names:tc:xacml:3.0:attribute-category:environment"" DataType=""http://www.w3.org/2001/XMLSchema#string""/>
      </Apply>
    </Condition>
  </Rule>

  <Rule RuleId=""urn:xacml:rule:146:DenyDefaultHardware"" Effect=""Deny"">
    <Target>
      <Resources>
        <AnyOf>
          <AllOf>
            <Match MatchId=""urn:oasis:names:tc:xacml:1.0:function:string-equal"">
              <AttributeValue DataType=""http://www.w3.org/2001/XMLSchema#string"">Location.Any</AttributeValue>
              <ResourceAttributeDesignator AttributeId=""urn:xacml:location:attribute:resource-type"" DataType=""http://www.w3.org/2001/XMLSchema#string""/>
            </Match>
          </AllOf>
          <AllOf>
            <Match MatchId=""urn:oasis:names:tc:xacml:1.0:function:string-equal"">
              <AttributeValue DataType=""http://www.w3.org/2001/XMLSchema#string"">Device.Camera</AttributeValue>
              <ResourceAttributeDesignator AttributeId=""urn:xacml:device:attribute:resource-type"" DataType=""http://www.w3.org/2001/XMLSchema#string""/>
            </Match>
          </AllOf>
          <AllOf>
            <Match MatchId=""urn:oasis:names:tc:xacml:1.0:function:string-equal"">
              <AttributeValue DataType=""http://www.w3.org/2001/XMLSchema#string"">Device.Microphone</AttributeValue>
              <ResourceAttributeDesignator AttributeId=""urn:xacml:device:attribute:resource-type"" DataType=""http://www.w3.org/2001/XMLSchema#string""/>
            </Match>
          </AllOf>
        </AnyOf>
      </Resources>
    </Target>
    <Condition>
      <Apply FunctionId=""urn:oasis:names:tc:xacml:1.0:function:string-not-equal"">
        <AttributeValue DataType=""http://www.w3.org/2001/XMLSchema#string"">ExplicitlyTrustedTemporary</AttributeValue>
        <AttributeDesignator AttributeId=""urn:xacml:context:attribute:site-trust-level"" Category=""urn:oasis:names:tc:xacml:3.0:attribute-category:environment"" DataType=""http://www.w3.org/2001/XMLSchema#string""/>
      </Apply>
    </Condition>
  </Rule>

  <Rule RuleId=""urn:xacml:rule:146:DenyHistoryForAds"" Effect=""Deny"">
    <Target>
      <Resources>
        <Resource>
          <Match MatchId=""urn:oasis:names:tc:xacml:1.0:function:string-equal"">
            <AttributeValue DataType=""http://www.w3.org/2001/XMLSchema#string"">UserData.NavigationHistory</AttributeValue>
            <ResourceAttributeDesignator AttributeId=""urn:xacml:data:attribute:resource-type"" DataType=""http://www.w3.org/2001/XMLSchema#string""/>
          </Match>
        </Resource>
      </Resources>
      <Actions>
        <Action>
          <Match MatchId=""urn:oasis:names:tc:xacml:1.0:function:string-equal"">
            <AttributeValue DataType=""http://www.w3.org/2001/XMLSchema#string"">use</AttributeValue>
            <ActionAttributeDesignator AttributeId=""urn:xacml:1.0:action:action-id"" DataType=""http://www.w3.org/2001/XMLSchema#string""/>
          </Match>
        </Action>
      </Actions>
    </Target>
    <Condition>
      <Apply FunctionId=""urn:oasis:names:tc:xacml:1.0:function:string-equal"">
        <AttributeValue DataType=""http://www.w3.org/2Two-Column Task: 001/XMLSchema#string"">AdPersonalization</AttributeValue>
        <AttributeDesignator AttributeId=""urn:xacml:context:attribute:purpose"" Category=""urn:oasis:names:tc:xacml:3.0:attribute-category:environment"" DataType=""http://www.w3.org/2001/XMLSchema#string""/>
      </Apply>
    </Condition>
  </Rule>

  <Rule RuleId=""urn:xacml:rule:146:DefaultDeny"" Effect=""Deny""/>
</Policy>";
147;Messaging;Access only while in use;Autorizzo lÕaccesso a microfono e fotocamera su WhatsApp, Telegram e Messenger esclusivamente durante le chiamate e le videochiamate. LÕaccesso ai contatti deve essere soggetto a mia approvazione manuale, mentre nego qualsiasi accesso alla posizione in background o ai file locali non condivisi volontariamente.;I authorize access to the microphone and camera on WhatsApp, Telegram, and Messenger exclusively during calls and video calls. Access to contacts must be subject to my manual approval, while I deny any background location access or access to local files not voluntarily shared.;GPT-5.1;"<Policy PolicyId=""urn:example:policy:block8:147"" Version=""1.0"">
  <Description>Autorizzo lÕaccesso a microfono e fotocamera su WhatsApp, Telegram e Messenger esclusivamente durante le chiamate e le videochiamate. LÕaccesso ai contatti deve essere soggetto a mia approvazione manuale, mentre nego qualsiasi accesso alla posizione in background o ai file locali non condivisi volontariamente.</Description>
  <Rule RuleId=""rule147"" Effect=""Permit"">
    <Description>Subject=User; Action=access; Resource=microphone,camera,contacts; Condition=usage=while-in-use, background=denied, file-access=manual-only</Description>
  </Rule>
</Policy>";
148;Music and streaming;Limited access / No profiling;Per le app di streaming come Netflix, Disney+, Prime Video e Apple TV, consento lÕuso dei dati strettamente necessari alla fruizione dei contenuti e alla gestione dellÕabbonamento. Nego lÕautorizzazione alla raccolta di dati di visione per finalitˆ pubblicitarie o di profilazione. I suggerimenti devono basarsi solo sulla cronologia interna dellÕapp, non su tracciamenti esterni.;For streaming apps like Netflix, Disney+, Prime Video, and Apple TV, I allow the use of data strictly necessary for content enjoyment and subscription management. I deny permission to collect viewing data for advertising or profiling purposes. Suggestions must be based only on the app's internal history, not on external tracking.;GPT-5.1;"<Policy PolicyId=""urn:example:policy:block8:148"" Version=""1.0"">
  <Description>Per le app di streaming come Netflix, Disney+, Prime Video e Apple TV, consento lÕuso dei dati strettamente necessari alla fruizione dei contenuti e alla gestione dellÕabbonamento. Nego lÕautorizzazione alla raccolta di dati di visione per finalitˆ pubblicitarie o di profilazione. I suggerimenti devono basarsi solo sulla cronologia interna dellÕapp, non su tracciamenti esterni.</Description>
  <Rule RuleId=""rule148"" Effect=""Permit"">
    <Description>Subject=User; Action=use; Resource=watch-data; Condition=purpose=content-access, profiling=denied, marketing=denied, recommendations=internal-only</Description>
  </Rule>
</Policy>";
149;Cloud and productivity;Ask every time;Per Google Drive, Dropbox, OneDrive e Notion, autorizzo lÕaccesso ai miei file solo su mia esplicita richiesta. Nessuna app pu˜ sincronizzare o analizzare i miei documenti senza consenso. LÕuso della fotocamera o del microfono per scansioni o registrazioni deve essere autorizzato manualmente volta per volta.;For Google Drive, Dropbox, OneDrive, and Notion, I authorize access to my files only upon my explicit request. No app can synchronize or analyze my documents without consent. The use of the camera or microphone for scans or recordings must be manually authorized each time.;GPT-5.1;"<Policy PolicyId=""urn:example:policy:block8:149"" Version=""1.0"">
  <Description>Per Google Drive, Dropbox, OneDrive e Notion, autorizzo lÕaccesso ai miei file solo su mia esplicita richiesta. Nessuna app pu˜ sincronizzare o analizzare i miei documenti senza consenso. LÕuso della fotocamera o del microfono per scansioni o registrazioni deve essere autorizzato manualmente volta per volta.</Description>
  <Rule RuleId=""rule149"" Effect=""Permit"">
    <Description>Subject=User; Action=access; Resource=files,camera,microphone; Condition=usage=manual-approval-only, sync=denied, analysis=denied</Description>
  </Rule>
</Policy>";
150;Geolocation and navigation;Access only while in use;Concedo lÕaccesso alla posizione per app di navigazione come Google Maps o Waze soltanto durante lÕutilizzo attivo. Nego il tracciamento in background e la memorizzazione automatica della cronologia dei percorsi. I dati relativi ai miei spostamenti non devono essere condivisi con terze parti o utilizzati per fini pubblicitari.;I grant location access for navigation apps like Google Maps or Waze only during active use. I deny background tracking and automatic storage of route history. My movement data must not be shared with third parties or used for advertising purposes.;GPT-5.1;"<Policy PolicyId=""urn:example:policy:block8:150"" Version=""1.0"">
  <Description>Concedo lÕaccesso alla posizione per app di navigazione come Google Maps o Waze soltanto durante lÕutilizzo attivo. Nego il tracciamento in background e la memorizzazione automatica della cronologia dei percorsi. I dati relativi ai miei spostamenti non devono essere condivisi con terze parti o utilizzati per fini pubblicitari.</Description>
  <Rule RuleId=""rule150"" Effect=""Permit"">
    <Description>Subject=User; Action=access; Resource=location; Condition=usage=while-in-use, background=denied, sharing=denied, marketing=denied</Description>
  </Rule>
</Policy>";
151;Online shopping;Necessary permissions / No profiling;Per app di e-commerce come Amazon, Shein, Temu e Aliexpress, consento solo le autorizzazioni necessarie allÕacquisto e al monitoraggio delle spedizioni. Non autorizzo lÕuso dei miei dati per annunci personalizzati o analisi di comportamento dÕacquisto. LÕaccesso a fotocamera, contatti e posizione  negato in modo permanente.;For e-commerce apps like Amazon, Shein, Temu, and Aliexpress, I allow only the permissions necessary for purchasing and tracking shipments. I do not authorize the use of my data for personalized ads or purchase behavior analysis. Access to the camera, contacts, and location is permanently denied.;GPT-5.1;"<Policy PolicyId=""urn:example:policy:block8:151"" Version=""1.0"">
  <Description>Per app di e-commerce come Amazon, Shein, Temu e Aliexpress, consento solo le autorizzazioni necessarie allÕacquisto e al monitoraggio delle spedizioni. Non autorizzo lÕuso dei miei dati per annunci personalizzati o analisi di comportamento dÕacquisto. LÕaccesso a fotocamera, contatti e posizione  negato in modo permanente.</Description>
  <Rule RuleId=""rule151"" Effect=""Permit"">
    <Description>Subject=User; Action=use; Resource=personal-data; Condition=purpose=order-tracking, profiling=denied, marketing=denied, camera=denied, contacts=denied, location=denied</Description>
  </Rule>
</Policy>";
152;Banking and payment apps;Necessary permissions;Per Postepay, Isybank e Satispay, concedo solo i permessi strettamente indispensabili: accesso alla fotocamera per scansione di QR code o documenti, esclusivamente su mia richiesta. Non consento lÕaccesso a microfono, contatti o posizione. I dati bancari restano cifrati e non devono essere sincronizzati con servizi cloud non autorizzati.;For Venmo, Chime, and Zelle, I grant only the strictly essential permissions: camera access for scanning QR codes or documents, exclusively at my request. I do not allow access to the microphone, contacts, or location. Bank data remains encrypted and must not be synchronized with unauthorized cloud services.;GPT-5.1;"<Policy PolicyId=""urn:example:policy:block8:152"" Version=""1.0"">
  <Description>Per Postepay, Isybank e Satispay, concedo solo i permessi strettamente indispensabili: accesso alla fotocamera per scansione di QR code o documenti, esclusivamente su mia richiesta. Non consento lÕaccesso a microfono, contatti o posizione. I dati bancari restano cifrati e non devono essere sincronizzati con servizi cloud non autorizzati.</Description>
  <Rule RuleId=""rule152"" Effect=""Permit"">
    <Description>Subject=User; Action=access; Resource=camera,bank-data; Condition=purpose=QR-scan, approval=manual, encryption=required, cloud-sync=denied</Description>
  </Rule>
</Policy>";
153;Music and streaming;Controlled access;Per Spotify, Shazam e Deezer, consento lÕuso del microfono solo durante la funzione di riconoscimento musicale o riproduzione attiva. Nego lÕaccesso ai contatti, ai file locali e alla posizione. Le preferenze di ascolto non possono essere utilizzate per annunci pubblicitari personalizzati.;For Spotify, Shazam, and Deezer, I allow microphone use only during the music recognition function or active playback. I deny access to contacts, local files, and location. Listening preferences cannot be used for personalized advertising.;GPT-5.1;"<Policy PolicyId=""urn:example:policy:block8:153"" Version=""1.0"">
  <Description>Per Spotify, Shazam e Deezer, consento lÕuso del microfono solo durante la funzione di riconoscimento musicale o riproduzione attiva. Nego lÕaccesso ai contatti, ai file locali e alla posizione. Le preferenze di ascolto non possono essere utilizzate per annunci pubblicitari personalizzati.</Description>
  <Rule RuleId=""rule153"" Effect=""Permit"">
    <Description>Subject=User; Action=access; Resource=microphone,listening-data; Condition=purpose=music-playback, profiling=denied, marketing=denied, location=denied</Description>
  </Rule>
</Policy>";
154;Contacts, calendar, and messages;Limited access;Per le app di calendario e pianificazione come Google Calendar o Microsoft Outlook, autorizzo la sincronizzazione solo con gli account che seleziono manualmente. Non consento lÕaccesso automatico ai contatti o ai dati di geolocalizzazione per suggerimenti di eventi. Tutti gli inviti o le notifiche devono essere filtrati e approvati da me prima della visualizzazione.;For calendar and planning apps like Google Calendar or Microsoft Outlook, I authorize synchronization only with the accounts I manually select. I do not allow automatic access to contacts or geolocation data for event suggestions. All invitations or notifications must be filtered and approved by me before display.;GPT-5.1;"<Policy PolicyId=""urn:example:policy:block8:154"" Version=""1.0"">
  <Description>Per le app di calendario e pianificazione come Google Calendar o Microsoft Outlook, autorizzo la sincronizzazione solo con gli account che seleziono manualmente. Non consento lÕaccesso automatico ai contatti o ai dati di geolocalizzazione per suggerimenti di eventi. Tutti gli inviti o le notifiche devono essere filtrati e approvati da me prima della visualizzazione.</Description>
  <Rule RuleId=""rule154"" Effect=""Permit"">
    <Description>Subject=User; Action=sync; Resource=calendar-data; Condition=account-selection=manual, contacts=denied, geolocation=denied, notifications=filtered</Description>
  </Rule>
</Policy>";
155;Web browser and search;Data collection limitation;Per Safari, Chrome e Firefox mobile, disattivo la sincronizzazione automatica della cronologia e dei dati di completamento automatico. Non consento lÕinvio di statistiche di utilizzo nŽ la condivisione dei miei interessi di navigazione a fini pubblicitari. Le funzioni di geolocalizzazione devono sempre richiedere autorizzazione specifica per ciascun sito.;For Safari, Chrome, and Firefox mobile, I disable automatic synchronization of history and autofill data. I do not allow the sending of usage statistics or the sharing of my browsing interests for advertising purposes. Geolocation functions must always require specific authorization for each site.;GPT-5.1;"<Policy PolicyId=""urn:example:policy:block8:155"" Version=""1.0"">
  <Description>Per Safari, Chrome e Firefox mobile, disattivo la sincronizzazione automatica della cronologia e dei dati di completamento automatico. Non consento lÕinvio di statistiche di utilizzo nŽ la condivisione dei miei interessi di navigazione a fini pubblicitari. Le funzioni di geolocalizzazione devono sempre richiedere autorizzazione specifica per ciascun sito.</Description>
  <Rule RuleId=""rule155"" Effect=""Permit"">
    <Description>Subject=User; Action=use; Resource=browsing-data; Condition=sync=disabled, stats-sharing=denied, geolocation=per-site-consent</Description>
  </Rule>
</Policy>";
156;Social media and entertainment;Limited access / No profiling;Per Instagram, Facebook e TikTok, consento lÕaccesso a fotocamera, microfono e galleria solo durante lÕuso diretto per la creazione di contenuti. Nego lÕaccesso alla posizione in background e alle informazioni dei miei contatti. Non autorizzo lÕuso dei miei dati per profilazione o pubblicitˆ personalizzata, e disattivo la sincronizzazione con rubriche e calendari.;For Instagram, Facebook, and TikTok, I allow access to the camera, microphone, and gallery only during direct use for content creation. I deny access to background location and my contact information. I do not authorize the use of my data for profiling or personalized advertising, and I disable synchronization with address books and calendars.;GPT-5.1;"<Policy PolicyId=""urn:example:policy:block8:156"" Version=""1.0"">
  <Description>Per Instagram, Facebook e TikTok, consento lÕaccesso a fotocamera, microfono e galleria solo durante lÕuso diretto per la creazione di contenuti. Nego lÕaccesso alla posizione in background e alle informazioni dei miei contatti. Non autorizzo lÕuso dei miei dati per profilazione o pubblicitˆ personalizzata, e disattivo la sincronizzazione con rubriche e calendari.</Description>
  <Rule RuleId=""rule156"" Effect=""Permit"">
    <Description>Subject=User; Action=access; Resource=camera,microphone,media; Condition=usage=while-in-use, background=denied, contacts=denied, profiling=denied</Description>
  </Rule>
</Policy>";
157;Security and authentication;Limited access / Notifications off;Per app di autenticazione come Google Authenticator o Microsoft Authenticator, consento lÕuso della fotocamera solo per la scansione dei codici QR di verifica. Nessun altro permesso  necessario o autorizzato. Le notifiche devono essere silenziose e visualizzare solo lÕessenziale per la conferma dellÕidentitˆ.;For authentication apps like Google Authenticator or Microsoft Authenticator, I allow camera use only for scanning verification QR codes. No other permission is necessary or authorized. Notifications must be silent and display only the essential information for identity confirmation.;GPT-5.1;"<Policy PolicyId=""urn:example:policy:block8:157"" Version=""1.0"">
  <Description>Per app di autenticazione come Google Authenticator o Microsoft Authenticator, consento lÕuso della fotocamera solo per la scansione dei codici QR di verifica. Nessun altro permesso  necessario o autorizzato. Le notifiche devono essere silenziose e visualizzare solo lÕessenziale per la conferma dellÕidentitˆ.</Description>
  <Rule RuleId=""rule157"" Effect=""Permit"">
    <Description>Subject=User; Action=access; Resource=camera; Condition=purpose=QR-verification, notifications=silent, other-permissions=denied</Description>
  </Rule>
</Policy>";
158;Fitness and health;Limited access;Concedo alle app come Apple Health, Fitbit e Samsung Health lÕaccesso ai dati biometrici strettamente necessari per il monitoraggio di attivitˆ fisiche e parametri vitali. Non autorizzo la condivisione dei dati sanitari con terze parti o per finalitˆ di marketing. Tutte le sincronizzazioni devono avvenire su mia richiesta, con possibilitˆ di revoca immediata.;I grant apps like Apple Health, Fitbit, and Samsung Health access to the biometric data strictly necessary for monitoring physical activities and vital parameters. I do not authorize the sharing of health data with third parties or for marketing purposes. All synchronizations must occur at my request, with the possibility of immediate revocation.;GPT-5.1;"<Policy PolicyId=""urn:example:policy:block8:158"" Version=""1.0"">
  <Description>Concedo alle app come Apple Health, Fitbit e Samsung Health lÕaccesso ai dati biometrici strettamente necessari per il monitoraggio di attivitˆ fisiche e parametri vitali. Non autorizzo la condivisione dei dati sanitari con terze parti o per finalitˆ di marketing. Tutte le sincronizzazioni devono avvenire su mia richiesta, con possibilitˆ di revoca immediata.</Description>
  <Rule RuleId=""rule158"" Effect=""Permit"">
    <Description>Subject=User; Action=access; Resource=biometric-data; Condition=purpose=health-tracking, sharing=denied, marketing=denied, sync=manual-revocable</Description>
  </Rule>
</Policy>";
159;Cloud and productivity;Ask every time;Per i servizi di archiviazione come iCloud Drive, Google Drive e Dropbox, autorizzo lÕaccesso ai miei file solo nel momento in cui scelgo di caricarli o scaricarli. Non consento lÕanalisi automatica dei contenuti nŽ la scansione per fini pubblicitari o statistici. Ogni tentativo di sincronizzazione automatica deve essere approvato manualmente.;For storage services like iCloud Drive, Google Drive, and Dropbox, I authorize access to my files only when I choose to upload or download them. I do not allow automatic content analysis or scanning for advertising or statistical purposes. Any automatic synchronization attempt must be manually approved.;GPT-5.1;"<Policy PolicyId=""urn:example:policy:block8:159"" Version=""1.0"">
  <Description>Per i servizi di archiviazione come iCloud Drive, Google Drive e Dropbox, autorizzo lÕaccesso ai miei file solo nel momento in cui scelgo di caricarli o scaricarli. Non consento lÕanalisi automatica dei contenuti nŽ la scansione per fini pubblicitari o statistici. Ogni tentativo di sincronizzazione automatica deve essere approvato manualmente.</Description>
  <Rule RuleId=""rule159"" Effect=""Permit"">
    <Description>Subject=User; Action=access; Resource=files; Condition=purpose=upload-download, analysis=denied, marketing=denied, sync=manual-only</Description>
  </Rule>
</Policy>";
160;Music and streaming;Controlled access;Per le app di musica come Spotify, YouTube Music e Apple Music, concedo lÕuso del microfono solo per funzioni esplicite di riconoscimento vocale o ricerca musicale. Non autorizzo la raccolta dei dati di ascolto per la creazione di profili pubblicitari. Le playlist e i contenuti scaricati devono restare privati e non sincronizzati con social o piattaforme esterne.;For music apps like Spotify, YouTube Music, and Apple Music, I grant microphone use only for explicit voice recognition or music search functions. I do not authorize the collection of listening data for creating advertising profiles. Playlists and downloaded content must remain private and not synchronized with social or external platforms.;GPT-5.1;"<Policy PolicyId=""urn:example:policy:block8:160"" Version=""1.0"">
  <Description>Per le app di musica come Spotify, YouTube Music e Apple Music, concedo lÕuso del microfono solo per funzioni esplicite di riconoscimento vocale o ricerca musicale. Non autorizzo la raccolta dei dati di ascolto per la creazione di profili pubblicitari. Le playlist e i contenuti scaricati devono restare privati e non sincronizzati con social o piattaforme esterne.</Description>
  <Rule RuleId=""rule160"" Effect=""Permit"">
    <Description>Subject=User; Action=access; Resource=microphone,listening-data; Condition=purpose=voice-recognition, profiling=denied, sharing=social-denied</Description>
  </Rule>
</Policy>";
161;Education and training;Access only while in use;Per app educative come Coursera, Google Classroom e Duolingo, autorizzo lÕuso della fotocamera e del microfono solo durante sessioni didattiche o esami online. Non consento il tracciamento delle mie attivitˆ di studio per scopi di profilazione o marketing. LÕaccesso ai documenti e alle note deve avvenire solo su richiesta diretta dellÕutente.;For educational apps like Coursera, Google Classroom, and Duolingo, I authorize the use of the camera and microphone only during teaching sessions or online exams. I do not allow tracking of my study activities for profiling or marketing purposes. Access to documents and notes must only occur upon direct user request.;GPT-5.1;"<Policy PolicyId=""urn:example:policy:block8:161"" Version=""1.0"">
  <Description>Per app educative come Coursera, Google Classroom e Duolingo, autorizzo lÕuso della fotocamera e del microfono solo durante sessioni didattiche o esami online. Non consento il tracciamento delle mie attivitˆ di studio per scopi di profilazione o marketing. LÕaccesso ai documenti e alle note deve avvenire solo su richiesta diretta dellÕutente.</Description>
  <Rule RuleId=""rule161"" Effect=""Permit"">
    <Description>Subject=User; Action=access; Resource=camera,microphone,documents; Condition=purpose=education, profiling=denied, marketing=denied</Description>
  </Rule>
</Policy>";
162;Gaming and entertainment;Necessary permissions;Per app di gaming come Roblox, Clash Royale o Call of Duty Mobile, concedo solo le autorizzazioni necessarie al funzionamento tecnico del gioco. Non autorizzo lÕaccesso a contatti, microfono o posizione. Disattivo le notifiche promozionali e rifiuto la condivisione automatica dei progressi o dei risultati su piattaforme social.;For gaming apps like Roblox, Clash Royale, or Call of Duty Mobile, I grant only the permissions necessary for the technical operation of the game. I do not authorize access to contacts, microphone, or location. I disable promotional notifications and refuse the automatic sharing of progress or achievements on social platforms.;GPT-5.1;"<Policy PolicyId=""urn:example:policy:block8:162"" Version=""1.0"">
  <Description>Per app di gaming come Roblox, Clash Royale o Call of Duty Mobile, concedo solo le autorizzazioni necessarie al funzionamento tecnico del gioco. Non autorizzo lÕaccesso a contatti, microfono o posizione. Disattivo le notifiche promozionali e rifiuto la condivisione automatica dei progressi o dei risultati su piattaforme social.</Description>
  <Rule RuleId=""rule162"" Effect=""Permit"">
    <Description>Subject=User; Action=use; Resource=game-data; Condition=purpose=game-functionality, contacts=denied, microphone=denied, location=denied, sharing=social-denied</Description>
  </Rule>
</Policy>";
163;Social media and entertainment;Limited access / No profiling;Autorizzo Facebook, Instagram e TikTok ad accedere alla fotocamera e ai file multimediali solo durante lÕuso per la pubblicazione dei contenuti. Nego lÕaccesso alla posizione in background, ai contatti e ai messaggi. Non autorizzo lÕutilizzo dei miei dati per la profilazione pubblicitaria o lÕanalisi comportamentale.;I authorize Facebook, Instagram, and TikTok to access the camera and media files only during use for publishing content. I deny access to background location, contacts, and messages. I do not authorize the use of my data for advertising profiling or behavioral analysis.;GPT-5.1;"<Policy PolicyId=""urn:example:policy:block8:163"" Version=""1.0"">
  <Description>Autorizzo Facebook, Instagram e TikTok ad accedere alla fotocamera e ai file multimediali solo durante lÕuso per la pubblicazione dei contenuti. Nego lÕaccesso alla posizione in background, ai contatti e ai messaggi. Non autorizzo lÕutilizzo dei miei dati per la profilazione pubblicitaria o lÕanalisi comportamentale.</Description>
  <Rule RuleId=""rule163"" Effect=""Permit"">
    <Description>Subject=User; Action=access; Resource=camera,media; Condition=usage=while-in-use, background=denied, profiling=denied, marketing=denied</Description>
  </Rule>
</Policy>";
164;Cloud and productivity;Ask every time;Per strumenti come Microsoft Office, Notion e Google Docs, ogni accesso ai file locali deve essere esplicitamente confermato. Non consento la sincronizzazione automatica dei documenti con servizi esterni o lÕuso dei miei appunti per algoritmi predittivi o suggerimenti automatizzati.;For tools like Microsoft Office, Notion, and Google Docs, all access to local files must be explicitly confirmed. I do not allow automatic synchronization of documents with external services or the use of my notes for predictive algorithms or automated suggestions.;GPT-5.1;"<Policy PolicyId=""urn:example:policy:block8:164"" Version=""1.0"">
  <Description>Per strumenti come Microsoft Office, Notion e Google Docs, ogni accesso ai file locali deve essere esplicitamente confermato. Non consento la sincronizzazione automatica dei documenti con servizi esterni o lÕuso dei miei appunti per algoritmi predittivi o suggerimenti automatizzati.</Description>
  <Rule RuleId=""rule164"" Effect=""Permit"">
    <Description>Subject=User; Action=access; Resource=files,notes; Condition=sync=manual-only, predictive-use=denied</Description>
  </Rule>
</Policy>";
165;Transport and mobility;Limited access;Per servizi come Trenitalia, Uber e Moovit, autorizzo lÕuso della posizione solo durante la prenotazione o il viaggio. Non consento il tracciamento costante della mia posizione in background, nŽ la condivisione dei dati di spostamento per fini pubblicitari o statistici.;For services like Amtrak, Uber, and Moovit, I authorize the use of location only during booking or the trip. I do not allow constant background tracking of my location, nor the sharing of my movement data for advertising or statistical purposes.;GPT-5.1;"<Policy PolicyId=""urn:example:policy:block8:165"" Version=""1.0"">
  <Description>Per servizi come Trenitalia, Uber e Moovit, autorizzo lÕuso della posizione solo durante la prenotazione o il viaggio. Non consento il tracciamento costante della mia posizione in background, nŽ la condivisione dei dati di spostamento per fini pubblicitari o statistici.</Description>
  <Rule RuleId=""rule165"" Effect=""Permit"">
    <Description>Subject=User; Action=access; Resource=location; Condition=usage=while-in-use, background=denied, sharing=denied, marketing=denied</Description>
  </Rule>
</Policy>";
166;Web browser and search;Data collection limitation;Per Safari, Chrome e Firefox, disattivo lÕinvio di dati diagnostici e di utilizzo. Non autorizzo la sincronizzazione automatica della cronologia, delle password e dei moduli compilati. Ogni richiesta di geolocalizzazione deve essere approvata caso per caso.;For Safari, Chrome, and Firefox, I disable the sending of diagnostic and usage data. I do not authorize the automatic synchronization of history, passwords, and completed forms. Every geolocation request must be approved on a case-by-case basis.;GPT-5.1;"<Policy PolicyId=""urn:example:policy:block8:166"" Version=""1.0"">
  <Description>Per Safari, Chrome e Firefox, disattivo lÕinvio di dati diagnostici e di utilizzo. Non autorizzo la sincronizzazione automatica della cronologia, delle password e dei moduli compilati. Ogni richiesta di geolocalizzazione deve essere approvata caso per caso.</Description>
  <Rule RuleId=""rule166"" Effect=""Permit"">
    <Description>Subject=User; Action=use; Resource=browsing-data; Condition=diagnostic=denied, sync=denied, geolocation=per-request</Description>
  </Rule>
</Policy>";
167;Security and authentication;Necessary permissions;Autorizzo solo le funzioni essenziali per lÕaggiornamento del dispositivo, la protezione antivirus e lÕautenticazione a due fattori. Nego qualsiasi raccolta di dati sullÕutilizzo, analisi di comportamento o tracciamento delle applicazioni installate.;I authorize only the essential functions for device updates, antivirus protection, and two-factor authentication. I deny any collection of usage data, behavioral analysis, or tracking of installed applications.;GPT-5.1;"<Policy PolicyId=""urn:example:policy:block8:167"" Version=""1.0"">
  <Description>Autorizzo solo le funzioni essenziali per lÕaggiornamento del dispositivo, la protezione antivirus e lÕautenticazione a due fattori. Nego qualsiasi raccolta di dati sullÕutilizzo, analisi di comportamento o tracciamento delle applicazioni installate.</Description>
  <Rule RuleId=""rule167"" Effect=""Permit"">
    <Description>Subject=User; Action=use; Resource=device-security; Condition=purpose=protection, behavior-analysis=denied, tracking=denied</Description>
  </Rule>
</Policy>";
168;Cloud and productivity;Access only while in use;Per Zoom, Microsoft Teams e Google Meet, autorizzo lÕuso di fotocamera e microfono esclusivamente durante le chiamate o videoriunioni avviate da me. LÕaccesso ai contatti  consentito solo previa conferma manuale e nessuna registrazione deve avvenire senza consenso esplicito.;For Zoom, Microsoft Teams, and Google Meet, I authorize the use of the camera and microphone exclusively during calls or video meetings initiated by me. Access to contacts is allowed only after manual confirmation, and no recording must occur without explicit consent.;GPT-5.1;"<Policy PolicyId=""urn:example:policy:block8:168"" Version=""1.0"">
  <Description>Per Zoom, Microsoft Teams e Google Meet, autorizzo lÕuso di fotocamera e microfono esclusivamente durante le chiamate o videoriunioni avviate da me. LÕaccesso ai contatti  consentito solo previa conferma manuale e nessuna registrazione deve avvenire senza consenso esplicito.</Description>
  <Rule RuleId=""rule168"" Effect=""Permit"">
    <Description>Subject=User; Action=access; Resource=camera,microphone,contacts; Condition=usage=while-in-use, recording=explicit-consent-only</Description>
  </Rule>
</Policy>";
169;Cloud and productivity;Controlled access;Per Gmail, Outlook e Yahoo Mail, consento lÕaccesso ai contatti solo per la gestione della rubrica interna. Non autorizzo la scansione dei contenuti delle email per pubblicitˆ personalizzata o analisi comportamentale. Le notifiche devono essere private e non mostrare anteprime di messaggi sulla schermata di blocco.;For Gmail, Outlook, and Yahoo Mail, I allow access to contacts only for managing the internal address book. I do not authorize the scanning of email content for personalized advertising or behavioral analysis. Notifications must be private and not show message previews on the lock screen.;GPT-5.1;"<Policy PolicyId=""urn:example:policy:block8:169"" Version=""1.0"">
  <Description>Per Gmail, Outlook e Yahoo Mail, consento lÕaccesso ai contatti solo per la gestione della rubrica interna. Non autorizzo la scansione dei contenuti delle email per pubblicitˆ personalizzata o analisi comportamentale. Le notifiche devono essere private e non mostrare anteprime di messaggi sulla schermata di blocco.</Description>
  <Rule RuleId=""rule169"" Effect=""Permit"">
    <Description>Subject=User; Action=access; Resource=contacts,email-content; Condition=purpose=address-book, profiling=denied, notifications=private</Description>
  </Rule>
</Policy>";
170;Weather services;Access only while in use;Autorizzo le app meteo a utilizzare la mia posizione solo durante la consultazione del servizio. Non consento il tracciamento continuo nŽ la condivisione dei dati con reti pubblicitarie. Preferisco impostare manualmente la localitˆ per evitare lÕuso non necessario del GPS.;I authorize weather apps to use my location only while consulting the service. I do not allow continuous tracking or the sharing of data with advertising networks. I prefer to set the location manually to avoid unnecessary GPS use.;GPT-5.1;"<Policy PolicyId=""urn:example:policy:block8:170"" Version=""1.0"">
  <Description>Autorizzo le app meteo a utilizzare la mia posizione solo durante la consultazione del servizio. Non consento il tracciamento continuo nŽ la condivisione dei dati con reti pubblicitarie. Preferisco impostare manualmente la localitˆ per evitare lÕuso non necessario del GPS.</Description>
  <Rule RuleId=""rule170"" Effect=""Permit"">
    <Description>Subject=User; Action=access; Resource=location; Condition=usage=while-in-use, tracking=denied, marketing=denied, location-setting=manual</Description>
  </Rule>
</Policy>";
171;Social media and entertainment;Limited access;Per YouTube e Twitch, autorizzo la raccolta dei dati di visualizzazione al solo fine di migliorare i suggerimenti di video e canali all'interno delle rispettive piattaforme. Nego esplicitamente il permesso di utilizzare questa cronologia per la profilazione pubblicitaria su altri siti e servizi di Google o Amazon. L'accesso a fotocamera, microfono e posizione  permanentemente negato. Disattivo le notifiche per i video suggeriti, mantenendo attive solo quelle relative ai canali a cui sono iscritto.;For YouTube and Twitch, I authorize the collection of viewing data for the sole purpose of improving video and channel suggestions within their respective platforms. I explicitly deny permission to use this history for advertising profiling on other Google or Amazon sites and services. Access to the camera, microphone, and location is permanently denied. I disable notifications for suggested videos, keeping active only those for channels I am subscribed to.;GEMINI 2.5;"<Policy PolicyId=""urn:xacml:policy:171:StreamingViewingPolicy"" Version=""1.0"" RuleCombiningAlgId=""urn:oasis:names:tc:xacml:1.0:rule-combining-algorithm:deny-overrides"">
  <Description>Politica di limitazione dei dati di visualizzazione per YouTube e Twitch.</Description>
  <Target>
    <Subjects>
      <Subject>
        <Match MatchId=""urn:oasis:names:tc:xacml:1.0:function:string-equal"">
          <AttributeValue DataType=""http://www.w3.org/2001/XMLSchema#string"">YouTube</AttributeValue>
          <SubjectAttributeDesignator AttributeId=""urn:oasis:names:tc:xacml:1.0:subject:subject-id"" DataType=""http://www.w3.org/2001/XMLSchema#string""/>
        </Match>
        <Match MatchId=""urn:oasis:names:tc:xacml:1.0:function:string-equal"">
          <AttributeValue DataType=""http://www.w3.org/2001/XMLSchema#string"">Twitch</AttributeValue>
          <SubjectAttributeDesignator AttributeId=""urn:oasis:names:tc:xacml:1.0:subject:subject-id"" DataType=""http://www.w3.org/2001/XMLSchema#string""/>
        </Match>
      </Subjects>
    </Target>
  </Target>

  <Rule RuleId=""urn:xacml:rule:171:PermitInternalRecommendation"" Effect=""Permit"">
    <Target>
      <Resources>
        <Resource>
          <Match MatchId=""urn:oasis:names:tc:xacml:1.0:function:string-equal"">
            <AttributeValue DataType=""http://www.w3.org/2001/XMLSchema#string"">UserData.ViewingHistory</AttributeValue>
            <ResourceAttributeDesignator AttributeId=""urn:xacml:data:attribute:resource-type"" DataType=""http://www.w3.org/2001/XMLSchema#string""/>
          </Match>
        </Resource>
      </Resources>
      <Actions>
        <Action>
          <Match MatchId=""urn:oasis:names:tc:xacml:1.0:function:string-equal"">
            <AttributeValue DataType=""http://www.w3.org/2001/XMLSchema#string"">collect</AttributeValue>
            <ActionAttributeDesignator AttributeId=""urn:xacml:1.0:action:action-id"" DataType=""http://www.w3.org/2001/XMLSchema#string""/>
          </Match>
        </Action>
      </Actions>
    </Target>
    <Condition>
      <Apply FunctionId=""urn:oasis:names:tc:xacml:1.0:function:string-equal"">
        <AttributeValue DataType=""http://www.w3.org/2001/XMLSchema#string"">InternalRecommendation</AttributeValue>
        <AttributeDesignator AttributeId=""urn:xacml:context:attribute:purpose"" Category=""urn:oasis:names:tc:xacml:3.0:attribute-category:environment"" DataType=""http://www.w3.org/2001/XMLSchema#string""/>
      </Apply>
    </Condition>
  </Rule>

  <Rule RuleId=""urn:xacml:rule:171:DenyExternalProfiling"" Effect=""Deny"">
    <Target>
      <Resources>
        <Resource>
          <Match MatchId=""urn:oasis:names:tc:xacml:1.0:function:string-equal"">
            <AttributeValue DataType=""http://www.w3.org/2001/XMLSchema#string"">UserData.ViewingHistory</AttributeValue>
            <ResourceAttributeDesignator AttributeId=""urn:xacml:data:attribute:resource-type"" DataType=""http://www.w3.org/2001/XMLSchema#string""/>
          </Match>
        </Resource>
      </Resources>
    </Target>
    <Condition>
      <Apply FunctionId=""urn:oasis:names:tc:xacml:1.0:function:string-equal"">
        <AttributeValue DataType=""http://www.w3.org/2001/XMLSchema#string"">ExternalAdProfiling</AttributeValue>
        <AttributeDesignator AttributeId=""urn:xacml:context:attribute:purpose"" Category=""urn:oasis:names:tc:xacml:3.0:attribute-category:environment"" DataType=""http://www.w3.org/2001/XMLSchema#string""/>
      </Apply>
    </Condition>
  </Rule>

  <Rule RuleId=""urn:xacml:rule:171:DenyHardwareAccess"" Effect=""Deny"">
    <Target>
      <Resources>
        <AnyOf>
          <AllOf>
            <Match MatchId=""urn:oasis:names:tc:xacml:1.0:function:string-equal"">
              <AttributeValue DataType=""http://www.w3.org/2001/XMLSchema#string"">Device.Camera</AttributeValue>
              <ResourceAttributeDesignator AttributeId=""urn:xacml:device:attribute:resource-type"" DataType=""http://www.w3.org/2001/XMLSchema#string""/>
            </Match>
          </AllOf>
          <AllOf>
            <Match MatchId=""urn:oasis:names:tc:xacml:1.0:function:string-equal"">
              <AttributeValue DataType=""http://www.w3.org/2001/XMLSchema#string"">Device.Microphone</AttributeValue>
              <ResourceAttributeDesignator AttributeId=""urn:xacml:device:attribute:resource-type"" DataType=""http://www.w3.org/2001/XMLSchema#string""/>
            </Match>
          </AllOf>
          <AllOf>
            <Match MatchId=""urn:oasis:names:tc:xacml:1.0:function:string-equal"">
              <AttributeValue DataType=""http://www.w3.org/2001/XMLSchema#string"">Location.Any</AttributeValue>
              <ResourceAttributeDesignator AttributeId=""urn:xacml:location:attribute:resource-type"" DataType=""http://www.w3.org/2001/XMLSchema#string""/>
            </Match>
          </AllOf>
        </AnyOf>
      </Resources>
    </Target>
  </Rule>

  <Rule RuleId=""urn:xacml:rule:171:DenySuggestedNotifications"" Effect=""Deny"">
    <Target>
      <Resources>
        <Resource>
          <Match MatchId=""urn:oasis:names:tc:xacml:1.0:function:string-equal"">
            <AttributeValue DataType=""http://www.w3.org/2001/XMLSchema#string"">Notification.Push</AttributeValue>
            <ResourceAttributeDesignator AttributeId=""urn:xacml:notification:attribute:resource-type"" DataType=""http://www.w3.org/2001/XMLSchema#string""/>
          </Match>
        </Resource>
      </Resources>
    </Target>
    <Condition>
      <Apply FunctionId=""urn:oasis:names:tc:xacml:1.0:function:string-equal"">
        <AttributeValue DataType=""http://www.w3.org/2001/XMLSchema#string"">SuggestedVideo</AttributeValue>
        <AttributeDesignator AttributeId=""urn:xacml:context:attribute:notification-type"" Category=""urn:oasis:names:tc:xacml:3.0:attribute-category:environment"" DataType=""http://www.w3.org/2001/XMLSchema#string""/>
      </Apply>
    </Condition>
  </Rule>

  <Rule RuleId=""urn:xacml:rule:171:DefaultDeny"" Effect=""Deny""/>
</Policy>";
172;Online shopping;Access only while in use;"Per le app di spesa a domicilio come Esselunga a casa o Carrefour App, concedo l'accesso alla mia posizione solo ed esclusivamente mentre sto utilizzando la funzione ""trova il punto vendita pi vicino"". Non autorizzo il tracciamento della posizione in background. Nego l'accesso a contatti, fotocamera e microfono. I dati relativi ai miei acquisti possono essere utilizzati per la gestione della tessera fedeltˆ interna, ma non per la cessione a terze parti a fini di marketing.";"For grocery delivery apps like Kroger or Instacart, I grant access to my location only and exclusively while I am using the ""find the nearest store"" function. I do not authorize background location tracking. I deny access to contacts, camera, and microphone. My purchase data may be used for managing the internal loyalty card, but not for transfer to third parties for marketing purposes.";GEMINI 2.5;"<Policy PolicyId=""urn:xacml:policy:172:GroceryAppPolicy"" Version=""1.0"" RuleCombiningAlgId=""urn:oasis:names:tc:xacml:1.0:rule-combining-algorithm:deny-overrides"">
  <Description>Politica di accesso limitato per app di spesa a domicilio (Esselunga, Carrefour).</Description>
  <Target>
    <Subjects>
      <Subject>
        <Match MatchId=""urn:oasis:names:tc:xacml:1.0:function:string-equal"">
          <AttributeValue DataType=""http://www.w3.org/2001/XMLSchema#string"">EsselungaACasa</AttributeValue>
          <SubjectAttributeDesignator AttributeId=""urn:oasis:names:tc:xacml:1.0:subject:subject-id"" DataType=""http://www.w3.org/2001/XMLSchema#string""/>
        </Match>
        <Match MatchId=""urn:oasis:names:tc:xacml:1.0:function:string-equal"">
          <AttributeValue DataType=""http://www.w3.org/2001/XMLSchema#string"">CarrefourApp</AttributeValue>
          <SubjectAttributeDesignator AttributeId=""urn:oasis:names:tc:xacml:1.0:subject:subject-id"" DataType=""http://www.w3.org/2001/XMLSchema#string""/>
        </Match>
      </Subjects>
    </Target>
  </Target>

  <Rule RuleId=""urn:xacml:rule:172:PermitLocationFindStore"" Effect=""Permit"">
    <Target>
      <Resources>
        <Resource>
          <Match MatchId=""urn:oasis:names:tc:xacml:1.0:function:string-equal"">
            <AttributeValue DataType=""http://www.w3.org/2001/XMLSchema#string"">Location.Any</AttributeValue>
            <ResourceAttributeDesignator AttributeId=""urn:xacml:location:attribute:resource-type"" DataType=""http://www.w3.org/2001/XMLSchema#string""/>
          </Match>
        </Resource>
      </Resources>
    </Target>
    <Condition>
      <Apply FunctionId=""urn:oasis:names:tc:xacml:1.0:function:and"">
        <Apply FunctionId=""urn:oasis:names:tc:xacml:1.0:function:string-equal"">
          <AttributeValue DataType=""http://www.w3.org/2001/XMLSchema#string"">foreground</AttributeValue>
          <AttributeDesignator AttributeId=""urn:xacml:context:attribute:app-status"" Category=""urn:oasis:names:tc:xacml:3.0:attribute-category:environment"" DataType=""http://www.w3.org/2001/XMLSchema#string""/>
        </Apply>
        <Apply FunctionId=""urn:oasis:names:tc:xacml:1.0:function:string-equal"">
          <AttributeValue DataType=""http://www.w3.org/2001/XMLSchema#string"">find_nearest_store</AttributeValue>
          <AttributeDesignator AttributeId=""urn:xacml:context:attribute:action-detail"" Category=""urn:oasis:names:tc:xacml:3.0:attribute-category:action"" DataType=""http://www.w3.org/2001/XMLSchema#string""/>
        </Apply>
      </Apply>
    </Condition>
  </Rule>

  <Rule RuleId=""urn:xacml:rule:172:DenyBackgroundLocation"" Effect=""Deny"">
    <Target>
      <Resources>
        <Resource>
          <Match MatchId=""urn:oasis:names:tc:xacml:1.0:function:string-equal"">
            <AttributeValue DataType=""http://www.w3.org/2001/XMLSchema#string"">Location.Any</AttributeValue>
            <ResourceAttributeDesignator AttributeId=""urn:xacml:location:attribute:resource-type"" DataType=""http://www.w3.org/2001/XMLSchema#string""/>
          </Match>
        </Resource>
      </Resources>
    </Target>
    <Condition>
      <Apply FunctionId=""urn:oasis:names:tc:xacml:1.0:function:string-equal"">
        <AttributeValue DataType=""http://www.w3.org/2001/XMLSchema#string"">background</AttributeValue>
        <AttributeDesignator AttributeId=""urn:xacml:context:attribute:app-status"" Category=""urn:oasis:names:tc:xacml:3.0:attribute-category:environment"" DataType=""http://www.w3.org/2001/XMLSchema#string""/>
      </Apply>
    </Condition>
  </Rule>

  <Rule RuleId=""urn:xacml:rule:172:DenyHardwareAccess"" Effect=""Deny"">
    <Target>
      <Resources>
        <AnyOf>
          <AllOf>
            <Match MatchId=""urn:oasis:names:tc:xacml:1.0:function:string-equal"">
              <AttributeValue DataType=""http://www.w3.org/2001/XMLSchema#string"">User.ContactBook</AttributeValue>
              <ResourceAttributeDesignator AttributeId=""urn:xacml:data:attribute:resource-type"" DataType=""http://www.w3.org/2001/XMLSchema#string""/>
            </Match>
          </AllOf>
          <AllOf>
            <Match MatchId=""urn:oasis:names:tc:xacml:1.0:function:string-equal"">
              <AttributeValue DataType=""http://www.w3.org/2001/XMLSchema#string"">Device.Camera</AttributeValue>
              <ResourceAttributeDesignator AttributeId=""urn:xacml:device:attribute:resource-type"" DataType=""http://www.w3.org/2001/XMLSchema#string""/>
            </Match>
          </AllOf>
          <AllOf>
            <Match MatchId=""urn:oasis:names:tc:xacml:1.0:function:string-equal"">
              <AttributeValue DataType=""http://www.w3.org/2001/XMLSchema#string"">Device.Microphone</AttributeValue>
              <ResourceAttributeDesignator AttributeId=""urn:xacml:device:attribute:resource-type"" DataType=""http://www.w3.org/2001/XMLSchema#string""/>
            </Match>
          </AllOf>
        </AnyOf>
      </Resources>
    </Target>
  </Rule>
  
  <Rule RuleId=""urn:xacml:rule:172:DenySharingPurchaseData"" Effect=""Deny"">
    <Target>
      <Resources>
        <Resource>
          <Match MatchId=""urn:oasis:names:tc:xacml:1.0:function:string-equal"">
            <AttributeValue DataType=""http://www.w3.org/2001/XMLSchema#string"">UserData.PurchaseHistory</AttributeValue>
            <ResourceAttributeDesignator AttributeId=""urn:xacml:data:attribute:resource-type"" DataType=""http://www.w3.org/2001/XMLSchema#string""/>
          </Match>
        </Resource>
      </Resources>
      <Actions>
        <Action>
          <Match MatchId=""urn:oasis:names:tc:xacml:1.0:function:string-equal"">
            <AttributeValue DataType=""http://www.w3.org/2001/XMLSchema#string"">share</AttributeValue>
            <ActionAttributeDesignator AttributeId=""urn:xacml:1.0:action:action-id"" DataType=""http://www.w3.org/2001/XMLSchema#string""/>
          </Match>
        </Action>
      </Actions>
    </Target>
    <Condition>
      <Apply FunctionId=""urn:oasis:names:tc:xacml:1.0:function:and"">
        <Apply FunctionId=""urn:oasis:names:tc:xacml:1.0:function:string-equal"">
          <AttributeValue DataType=""http://www.w3.org/2001/XMLSchema#string"">ThirdParty</AttributeValue>
          <AttributeDesignator AttributeId=""urn:xacml:context:attribute:recipient-type"" Category=""urn:oasis:names:tc:xacml:3.0:attribute-category:recipient"" DataType=""http://www.w3.org/2001/XMLSchema#string""/>
        </Apply>
        <Apply FunctionId=""urn:oasis:names:tc:xacml:1.0:function:string-equal"">
          <AttributeValue DataType=""http://www.w3.org/2001/XMLSchema#string"">Marketing</AttributeValue>
          <AttributeDesignator AttributeId=""urn:xacml:context:attribute:purpose"" Category=""urn:oasis:names:tc:xacml:3.0:attribute-category:environment"" DataType=""http://www.w3.org/2001/XMLSchema#string""/>
        </Apply>
      </Apply>
    </Condition>
  </Rule>

  <Rule RuleId=""urn:xacml:rule:172:DefaultDeny"" Effect=""Deny""/>
</Policy>";
173;Transport and mobility;Limited access;Autorizzo Skyscanner e Booking.com ad inviare notifiche relative allo stato dei voli o delle prenotazioni che ho salvato. Nego l'accesso alla mia posizione in tempo reale, preferendo inserire manualmente aeroporti e destinazioni. Non consento la sincronizzazione dei contatti per condividere i piani di viaggio. Permetto l'accesso al calendario solo per aggiungere un evento specifico relativo a una prenotazione, ma tale permesso viene concesso caso per caso e revocato subito dopo.;I authorize Skyscanner and Booking.com to send notifications related to the status of flights or reservations I have saved. I deny access to my real-time location, preferring to manually enter airports and destinations. I do not allow contact synchronization to share travel plans. I allow access to the calendar only to add a specific event related to a booking, but this permission is granted on a case-by-case basis and revoked immediately after.;GEMINI 2.5;"<Policy PolicyId=""urn:xacml:policy:173:TravelPlannerPolicy"" Version=""1.0"" RuleCombiningAlgId=""urn:oasis:names:tc:xacml:1.0:rule-combining-algorithm:deny-overrides"">
  <Description>Politica di permessi limitati per app di pianificazione viaggi (Skyscanner, Booking).</Description>
  <Target>
    <Subjects>
      <Subject>
        <Match MatchId=""urn:oasis:names:tc:xacml:1.0:function:string-equal"">
          <AttributeValue DataType=""http://www.w3.org/2001/XMLSchema#string"">Skyscanner</AttributeValue>
          <SubjectAttributeDesignator AttributeId=""urn:oasis:names:tc:xacml:1.0:subject:subject-id"" DataType=""http://www.w3.org/2001/XMLSchema#string""/>
        </Match>
        <Match MatchId=""urn:oasis:names:tc:xacml:1.0:function:string-equal"">
          <AttributeValue DataType=""http://www.w3.org/2001/XMLSchema#string"">Booking.com</AttributeValue>
          <SubjectAttributeDesignator AttributeId=""urn:oasis:names:tc:xacml:1.0:subject:subject-id"" DataType=""http://www.w3.org/2001/XMLSchema#string""/>
        </Match>
      </Subjects>
    </Target>
  </Target>

  <Rule RuleId=""urn:xacml:rule:173:PermitStatusNotifications"" Effect=""Permit"">
    <Target>
      <Resources>
        <Resource>
          <Match MatchId=""urn:oasis:names:tc:xacml:1.0:function:string-equal"">
            <AttributeValue DataType=""http://www.w3.org/2001/XMLSchema#string"">Notification.Push</AttributeValue>
            <ResourceAttributeDesignator AttributeId=""urn:xacml:notification:attribute:resource-type"" DataType=""http://www.w3.org/2001/XMLSchema#string""/>
          </Match>
        </Resource>
      </Resources>
    </Target>
    <Condition>
      <Apply FunctionId=""urn:oasis:names:tc:xacml:1.0:function:or"">
        <Apply FunctionId=""urn:oasis:names:tc:xacml:1.0:function:string-equal"">
          <AttributeValue DataType=""http://www.w3.org/2001/XMLSchema#string"">FlightStatus</AttributeValue>
          <AttributeDesignator AttributeId=""urn:xacml:context:attribute:notification-type"" Category=""urn:oasis:names:tc:xacml:3.0:attribute-category:environment"" DataType=""http://www.w3.org/2001/XMLSchema#string""/>
        </Apply>
        <Apply FunctionId=""urn:oasis:names:tc:xacml:1.0:function:string-equal"">
          <AttributeValue DataType=""http://www.w3.org/2001/XMLSchema#string"">ReservationStatus</AttributeValue>
          <AttributeDesignator AttributeId=""urn:xacml:context:attribute:notification-type"" Category=""urn:oasis:names:tc:xacml:3.0:attribute-category:environment"" DataType=""http://www.w3.org/2001/XMLSchema#string""/>
        </Apply>
      </Apply>
    </Condition>
  </Rule>

  <Rule RuleId=""urn:xacml:rule:173:DenyLocationAndContacts"" Effect=""Deny"">
    <Target>
      <Resources>
        <AnyOf>
          <AllOf>
            <Match MatchId=""urn:oasis:names:tc:xacml:1.0:function:string-equal"">
              <AttributeValue DataType=""http://www.w3.org/2001/XMLSchema#string"">Location.RealTime</AttributeValue>
              <ResourceAttributeDesignator AttributeId=""urn:xacml:location:attribute:resource-type"" DataType=""http://www.w3.org/2001/XMLSchema#string""/>
            </Match>
          </AllOf>
          <AllOf>
            <Match MatchId=""urn:oasis:names:tc:xacml:1.0:function:string-equal"">
              <AttributeValue DataType=""http://www.w3.org/2001/XMLSchema#string"">User.ContactBook</AttributeValue>
              <ResourceAttributeDesignator AttributeId=""urn:xacml:data:attribute:resource-type"" DataType=""http://www.w3.org/2001/XMLSchema#string""/>
            </Match>
          </AllOf>
        </AnyOf>
      </Resources>
    </Target>
  </Rule>
  
  <Rule RuleId=""urn:xacml:rule:173:PermitCalendarOnDemand"" Effect=""Permit"">
    <Target>
      <Resources>
        <Resource>
          <Match MatchId=""urn:oasis:names:tc:xacml:1.0:function:string-equal"">
            <AttributeValue DataType=""http://www.w3.org/2001/XMLSchema#string"">Device.Calendar</AttributeValue>
            <ResourceAttributeDesignator AttributeId=""urn:xacml:device:attribute:resource-type"" DataType=""http://www.w3.org/2001/XMLSchema#string""/>
          </Match>
        </Resource>
      </Resources>
    </Target>
    <Condition>
      <Apply FunctionId=""urn:oasis:names:tc:xacml:1.0:function:and"">
        <Apply FunctionId=""urn:oasis:names:tc:xacml:1.0:function:string-equal"">
          <AttributeValue DataType=""http://www.w3.org/2001/XMLSchema#string"">add_reservation_event</AttributeValue>
          <AttributeDesignator AttributeId=""urn:xacml:context:attribute:action-detail"" Category=""urn:oasis:names:tc:xacml:3.0:attribute-category:action"" DataType=""http://www.w3.org/2001/XMLSchema#string""/>
        </Apply>
        <Apply FunctionId=""urn:oasis:names:tc:xacml:1.0:function:string-equal"">
          <AttributeValue DataType=""http://www.w3.org/2001/XMLSchema#string"">ApprovedThisTime</AttributeValue>
          <AttributeDesignator AttributeId=""urn:xacml:context:attribute:user-prompt-response"" Category=""urn:oasis:names:tc:xacml:3.0:attribute-category:environment"" DataType=""http://www.w3.org/2001/XMLSchema#string""/>
        </Apply>
      </Apply>
    </Condition>
    <AdviceExpressions>
      <AdviceExpression AdviceId=""urn:xacml:advice:action:revoke-after-use"" AppliesTo=""Permit"">
        <AttributeAssignmentExpression AttributeId=""urn:xacml:attribute:permission-status"">
          <AttributeValue DataType=""http://www.w3.org/2001/XMLSchema#string"">RevokeImmediately</AttributeValue>
        </AttributeAssignmentExpression>
      </AdviceExpression>
    </AdviceExpressions>
  </Rule>

  <Rule RuleId=""urn:xacml:rule:173:DefaultDeny"" Effect=""Deny""/>
</Policy>";
174;Utilities and tools;No access;Per tutte le applicazioni di utilitˆ di base come scanner di codici QR, app per la torcia o calcolatrici di terze parti, concedo esclusivamente il permesso singolo e indispensabile al loro funzionamento (es. la fotocamera per lo scanner). Nego categoricamente l'accesso alla rete, alla posizione, ai contatti, allo spazio di archiviazione e a qualsiasi altro dato non pertinente. Queste app devono funzionare offline e non sono autorizzate a raccogliere o trasmettere alcuna telemetria di utilizzo.;For all basic utility applications such as QR code scanners, third-party flashlight apps, or calculators, I grant only the single permission essential for their operation (e.g., the camera for the scanner). I categorically deny access to the network, location, contacts, storage, and any other irrelevant data. These apps must work offline and are not authorized to collect or transmit any usage telemetry.;GEMINI 2.5;"<Policy PolicyId=""urn:xacml:policy:174:UtilityAppZeroTrust"" Version=""1.0"" RuleCombiningAlgId=""urn:oasis:names:tc:xacml:1.0:rule-combining-algorithm:deny-overrides"">
  <Description>Politica di permessi minimi assoluti per app di utilitˆ (Torcia, Scanner, Calcolatrice).</Description>
  <Target>
    <Subjects>
      <Subject>
        <Match MatchId=""urn:oasis:names:tc:xacml:1.0:function:string-equal"">
          <AttributeValue DataType=""http://www.w3.org/2001/XMLSchema#string"">Utility.QRScanner</AttributeValue>
          <SubjectAttributeDesignator AttributeId=""urn:oasis:names:tc:xacml:1.0:subject:subject-id"" DataType=""http://www.w3.org/2001/XMLSchema#string""/>
        </Match>
        <Match MatchId=""urn:oasis:names:tc:xacml:1.0:function:string-equal"">
          <AttributeValue DataType=""http://www.w3.org/2001/XMLSchema#string"">Utility.Torch</AttributeValue>
          <SubjectAttributeDesignator AttributeId=""urn:oasis:names:tc:xacml:1.0:subject:subject-id"" DataType=""http://www.w3.org/2001/XMLSchema#string""/>
        </Match>
        <Match MatchId=""urn:oasis:names:tc:xacml:1.0:function:string-equal"">
          <AttributeValue DataType=""http://www.w3.org/2001/XMLSchema#string"">Utility.Calculator</AttributeValue>
          <SubjectAttributeDesignator AttributeId=""urn:oasis:names:tc:xacml:1.0:subject:subject-id"" DataType=""http://www.w3.org/2001/XMLSchema#string""/>
        </Match>
      </Subjects>
    </Target>
  </Target>

  <Rule RuleId=""urn:xacml:rule:174:PermitCameraForScanner"" Effect=""Permit"">
    <Target>
      <Subjects>
        <Subject>
          <Match MatchId=""urn:oasis:names:tc:xacml:1.0:function:string-equal"">
            <AttributeValue DataType=""http://www.w3.org/2001/XMLSchema#string"">Utility.QRScanner</AttributeValue>
            <SubjectAttributeDesignator AttributeId=""urn:oasis:names:tc:xacml:1.0:subject:subject-id"" DataType=""http://www.w3.org/2001/XMLSchema#string""/>
          </Match>
        </Subject>
      </Subjects>
      <Resources>
        <Resource>
          <Match MatchId=""urn:oasis:names:tc:xacml:1.0:function:string-equal"">
            <AttributeValue DataType=""http://www.w3.org/2001/XMLSchema#string"">Device.Camera</AttributeValue>
            <ResourceAttributeDesignator AttributeId=""urn:xacml:device:attribute:resource-type"" DataType=""http://www.w3.org/2001/XMLSchema#string""/>
          </Match>
        </Resource>
      </Resources>
    </Target>
  </Rule>
  
  <Rule RuleId=""urn:xacml:rule:174:DenyCameraForOthers"" Effect=""Deny"">
    <Target>
      <Subjects>
        <Subject>
          <Match MatchId=""urn:oasis:names:tc:xacml:1.0:function:string-equal"">
            <AttributeValue DataType=""http://www.w3.org/2001/XMLSchema#string"">Utility.Torch</AttributeValue>
            <SubjectAttributeDesignator AttributeId=""urn:oasis:names:tc:xacml:1.0:subject:subject-id"" DataType=""http://www.w3.org/2001/XMLSchema#string""/>
          </Match>
          <Match MatchId=""urn:oasis:names:tc:xacml:1.0:function:string-equal"">
            <AttributeValue DataType=""http://www.w3.org/2001/XMLSchema#string"">Utility.Calculator</AttributeValue>
            <SubjectAttributeDesignator AttributeId=""urn:oasis:names:tc:xacml:1.0:subject:subject-id"" DataType=""http://www.w3.org/2001/XMLSchema#string""/>
          </Match>
        </Subject>
      </Subjects>
      <Resources>
        <Resource>
          <Match MatchId=""urn:oasis:names:tc:xacml:1.0:function:string-equal"">
            <AttributeValue DataType=""http://www.w3.org/2001/XMLSchema#string"">Device.Camera</AttributeValue>
            <ResourceAttributeDesignator AttributeId=""urn:xacml:device:attribute:resource-type"" DataType=""http://www.w3.org/2001/XMLSchema#string""/>
          </Match>
        </Resource>
      </Resources>
    </Target>
  </Rule>

  <Rule RuleId=""urn:xacml:rule:174:DenyAllNonEssential"" Effect=""Deny"">
    <Target>
      <Resources>
        <AnyOf>
          <AllOf>
            <Match MatchId=""urn:oasis:names:tc:xacml:1.0:function:string-equal"">
              <AttributeValue DataType=""http://www.w3.org/2001/XMLSchema#string"">Network.Access</AttributeValue>
              <ResourceAttributeDesignator AttributeId=""urn:xacml:network:attribute:resource-type"" DataType=""http://www.w3.org/2001/XMLSchema#string""/>
            </Match>
          </AllOf>
          <AllOf>
            <Match MatchId=""urn:oasis:names:tc:xacml:1.0:function:string-equal"">
              <AttributeValue DataType=""http://www.w3.org/2001/XMLSchema#string"">Location.Any</AttributeValue>
              <ResourceAttributeDesignator AttributeId=""urn:xacml:location:attribute:resource-type"" DataType=""http://www.w3.org/2001/XMLSchema#string""/>
            </Match>
          </AllOf>
          <AllOf>
            <Match MatchId=""urn:oasis:names:tc:xacml:1.0:function:string-equal"">
              <AttributeValue DataType=""http://www.w3.org/2001/XMLSchema#string"">User.ContactBook</AttributeValue>
              <ResourceAttributeDesignator AttributeId=""urn:xacml:data:attribute:resource-type"" DataType=""http://www.w3.org/2001/XMLSchema#string""/>
            </Match>
          </AllOf>
          <AllOf>
            <Match MatchId=""urn:oasis:names:tc:xacml:1.0:function:string-equal"">
              <AttributeValue DataType=""http://www.w3.org/2001/XMLSchema#string"">Device.Storage</AttributeValue>
              <ResourceAttributeDesignator AttributeId=""urn:xacml:device:attribute:resource-type"" DataType=""http://www.w3.org/2001/XMLSchema#string""/>
            </Match>
          </AllOf>
        </AnyOf>
      </Resources>
    </Target>
  </Rule>

  <Rule RuleId=""urn:xacml:rule:174:DenyTelemetry"" Effect=""Deny"">
    <Target>
      <Actions>
        <Action>
          <Match MatchId=""urn:oasis:names:tc:xacml:1.0:function:string-equal"">
            <AttributeValue DataType=""http://www.w3.org/2001/XMLSchema#string"">transmit_telemetry</AttributeValue>
            <ActionAttributeDesignator AttributeId=""urn:xacml:1.0:action:action-id"" DataType=""http://www.w3.org/2001/XMLSchema#string""/>
          </Match>
        </Action>
      </Actions>
    </Target>
  </Rule>

  <Rule RuleId=""urn:xacml:rule:174:DefaultDeny"" Effect=""Deny""/>
</Policy>";
175;News and information;No profiling;"Nelle app di quotidiani come Corriere della Sera o La Repubblica, disattivo la personalizzazione dei contenuti basata sui miei interessi di lettura per mantenere una visione editoriale neutrale. Non autorizzo la raccolta dei dati di navigazione per creare un profilo politico o sociale da utilizzare a fini pubblicitari. Nego l'accesso alla posizione per le notizie locali, che preferisco cercare manualmente. Le notifiche push per le ""breaking news"" sono disattivate per evitare interruzioni.";"In newspaper apps like The New York Times or The Washington Post, I disable content personalization based on my reading interests to maintain a neutral editorial view. I do not authorize the collection of browsing data to create a political or social profile to be used for advertising purposes. I deny access to location for local news, which I prefer to search for manually. Push notifications for ""breaking news"" are disabled to avoid interruptions.";GEMINI 2.5;"<Policy PolicyId=""urn:xacml:policy:175:NewsAppNoProfiling"" Version=""1.0"" RuleCombiningAlgId=""urn:oasis:names:tc:xacml:1.0:rule-combining-algorithm:deny-overrides"">
  <Description>Politica di non profilazione e neutralitˆ editoriale per app di notizie.</Description>
  <Target>
    <Subjects>
      <Subject>
        <Match MatchId=""urn:oasis:names:tc:xacml:1.0:function:string-equal"">
          <AttributeValue DataType=""http://www.w3.org/2001/XMLSchema#string"">CorriereDellaSera</AttributeValue>
          <SubjectAttributeDesignator AttributeId=""urn:oasis:names:tc:xacml:1.0:subject:subject-id"" DataType=""http://www.w3.org/2001/XMLSchema#string""/>
        </Match>
        <Match MatchId=""urn:oasis:names:tc:xacml:1.0:function:string-equal"">
          <AttributeValue DataType=""http://www.w3.org/2001/XMLSchema#string"">LaRepubblica</AttributeValue>
          <SubjectAttributeDesignator AttributeId=""urn:oasis:names:tc:xacml:1.0:subject:subject-id"" DataType=""http://www.w3.org/2001/XMLSchema#string""/>
        </Match>
      </Subjects>
    </Target>
  </Target>

  <Rule RuleId=""urn:xacml:rule:175:DenyContentPersonalization"" Effect=""Deny"">
    <Target>
      <Actions>
        <Action>
          <Match MatchId=""urn:oasis:names:tc:xacml:1.0:function:string-equal"">
            <AttributeValue DataType=""http://www.w3.org/2001/XMLSchema#string"">personalize_content</AttributeValue>
            <ActionAttributeDesignator AttributeId=""urn:xacml:1.0:action:action-id"" DataType=""http://www.w3.org/2001/XMLSchema#string""/>
          </Match>
        </Action>
      </Actions>
    </Target>
    <Condition>
      <Apply FunctionId=""urn:oasis:names:tc:xacml:1.0:function:string-equal"">
        <AttributeValue DataType=""http://www.w3.org/2001/XMLSchema#string"">UserData.ReadingHistory</AttributeValue>
        <AttributeDesignator AttributeId=""urn:xacml:context:attribute:data-source"" Category=""urn:oasis:names:tc:xacml:3.0:attribute-category:environment"" DataType=""http://www.w3.org/2001/XMLSchema#string""/>
      </Apply>
    </Condition>
  </Rule>

  <Rule RuleId=""urn:xacml:rule:175:DenyPoliticalProfiling"" Effect=""Deny"">
    <Target>
      <Resources>
        <Resource>
          <Match MatchId=""urn:oasis:names:tc:xacml:1.0:function:string-equal"">
            <AttributeValue DataType=""http://www.w3.org/2001/XMLSchema#string"">UserData.NavigationData</AttributeValue>
            <ResourceAttributeDesignator AttributeId=""urn:xacml:data:attribute:resource-type"" DataType=""http://www.w3.org/2001/XMLSchema#string""/>
          </Match>
        </Resource>
      </Resources>
      <Actions>
        <Action>
          <Match MatchId=""urn:oasis:names:tc:xacml:1.0:function:string-equal"">
            <AttributeValue DataType=""http://www.w3.org/2001/XMLSchema#string"">collect</AttributeValue>
            <ActionAttributeDesignator AttributeId=""urn:xacml:1.0:action:action-id"" DataType=""http://www.w3.org/2001/XMLSchema#string""/>
          </Match>
        </Action>
      </Actions>
    </Target>
    <Condition>
      <Apply FunctionId=""urn:oasis:names:tc:xacml:1.0:function:or"">
        <Apply FunctionId=""urn:oasis:names:tc:xacml:1.0:function:string-equal"">
          <AttributeValue DataType=""http://www.w3.org/2001/XMLSchema#string"">PoliticalProfile</AttributeValue>
          <AttributeDesignator AttributeId=""urn:xacml:context:attribute:profile-type"" Category=""urn:oasis:names:tc:xacml:3.0:attribute-category:environment"" DataType=""http://www.w3.org/2001/XMLSchema#string""/>
        </Apply>
        <Apply FunctionId=""urn:oasis:names:tc:xacml:1.0:function:string-equal"">
          <AttributeValue DataType=""http://www.w3.org/2001/XMLSchema#string"">SocialProfile</AttributeValue>
          <AttributeDesignator AttributeId=""urn:xacml:context:attribute:profile-type"" Category=""urn:oasis:names:tc:xacml:3.0:attribute-category:environment"" DataType=""http://www.w3.org/2001/XMLSchema#string""/>
        </Apply>
      </Apply>
    </Condition>
  </Rule>

  <Rule RuleId=""urn:xacml:rule:175:DenyLocation"" Effect=""Deny"">
    <Target>
      <Resources>
        <Resource>
          <Match MatchId=""urn:oasis:names:tc:xacml:1.0:function:string-equal"">
            <AttributeValue DataType=""http://www.w3.org/2001/XMLSchema#string"">Location.Any</AttributeValue>
            <ResourceAttributeDesignator AttributeId=""urn:xacml:location:attribute:resource-type"" DataType=""http://www.w3.org/2001/XMLSchema#string""/>
          </Match>
        </Resource>
      </Resources>
    </Target>
  </Rule>
  
  <Rule RuleId=""urn:xacml:rule:175:DenyBreakingNews"" Effect=""Deny"">
    <Target>
      <Resources>
        <Resource>
          <Match MatchId=""urn:oasis:names:tc:xacml:1.0:function:string-equal"">
            <AttributeValue DataType=""http://www.w3.org/2001/XMLSchema#string"">Notification.Push</AttributeValue>
            <ResourceAttributeDesignator AttributeId=""urn:xacml:notification:attribute:resource-type"" DataType=""http://www.w3.org/2001/XMLSchema#string""/>
          </Match>
        </Resource>
      </Resources>
    </Target>
    <Condition>
      <Apply FunctionId=""urn:oasis:names:tc:xacml:1.0:function:string-equal"">
        <AttributeValue DataType=""http://www.w3.org/2001/XMLSchema#string"">BreakingNews</AttributeValue>
        <AttributeDesignator AttributeId=""urn:xacml:context:attribute:notification-type"" Category=""urn:oasis:names:tc:xacml:3.0:attribute-category:environment"" DataType=""http://www.w3.org/2001/XMLSchema#string""/>
      </Apply>
    </Condition>
  </Rule>

  <Rule RuleId=""urn:xacml:rule:175:DefaultDeny"" Effect=""Deny""/>
</Policy>";
176;Cloud and productivity;Limited access;Autorizzo Slack e Microsoft Teams ad accedere al mio calendario di lavoro per l'integrazione con le riunioni e a inviare notifiche push per i messaggi diretti e le menzioni. Concedo l'accesso a fotocamera e microfono solo durante una chiamata o una riunione attiva. Nego tassativamente l'accesso alla mia rubrica personale, alla galleria fotografica (i file di lavoro vengono allegati tramite il selettore di sistema) e a qualsiasi dato non strettamente legato al mio profilo professionale.;I authorize Slack and Microsoft Teams to access my work calendar for meeting integration and to send push notifications for direct messages and mentions. I grant access to the camera and microphone only during an active call or meeting. I strictly deny access to my personal address book, photo gallery (work files are attached via the system picker), and any data not strictly related to my professional profile.;GEMINI 2.5;"<Policy PolicyId=""urn:xacml:policy:176:ProductivityPolicy"" Version=""1.0"" RuleCombiningAlgId=""urn:oasis:names:tc:xacml:1.0:rule-combining-algorithm:deny-overrides"">
  <Description>Politica di accesso limitato al profilo professionale per Slack e Teams.</Description>
  <Target>
    <Subjects>
      <Subject>
        <Match MatchId=""urn:oasis:names:tc:xacml:1.0:function:string-equal"">
          <AttributeValue DataType=""http://www.w3.org/2001/XMLSchema#string"">Slack</AttributeValue>
          <SubjectAttributeDesignator AttributeId=""urn:oasis:names:tc:xacml:1.0:subject:subject-id"" DataType=""http://www.w3.org/2001/XMLSchema#string""/>
        </Match>
        <Match MatchId=""urn:oasis:names:tc:xacml:1.0:function:string-equal"">
          <AttributeValue DataType=""http://www.w3.org/2001/XMLSchema#string"">MicrosoftTeams</AttributeValue>
          <SubjectAttributeDesignator AttributeId=""urn:oasis:names:tc:xacml:1.0:subject:subject-id"" DataType=""http://www.w3.org/2001/XMLSchema#string""/>
        </Match>
      </Subjects>
    </Target>
  </Target>

  <Rule RuleId=""urn:xacml:rule:176:PermitWorkCalendar"" Effect=""Permit"">
    <Target>
      <Resources>
        <Resource>
          <Match MatchId=""urn:oasis:names:tc:xacml:1.0:function:string-equal"">
            <AttributeValue DataType=""http://www.w3.org/2001/XMLSchema#string"">Device.Calendar.Work</AttributeValue>
            <ResourceAttributeDesignator AttributeId=""urn:xacml:device:attribute:resource-type"" DataType=""http://www.w3.org/2001/XMLSchema#string""/>
          </Match>
        </Resource>
      </Resources>
    </Target>
    <Condition>
      <Apply FunctionId=""urn:oasis:names:tc:xacml:1.0:function:string-equal"">
        <AttributeValue DataType=""http://www.w3.org/2001/XMLSchema#string"">meeting_integration</AttributeValue>
        <AttributeDesignator AttributeId=""urn:xacml:context:attribute:purpose"" Category=""urn:oasis:names:tc:xacml:3.0:attribute-category:environment"" DataType=""http://www.w3.org/2001/XMLSchema#string""/>
      </Apply>
    </Condition>
  </Rule>

  <Rule RuleId=""urn:xacml:rule:176:PermitNotifications"" Effect=""Permit"">
    <Target>
      <Resources>
        <Resource>
          <Match MatchId=""urn:oasis:names:tc:xacml:1.0:function:string-equal"">
            <AttributeValue DataType=""http://www.w3.org/2001/XMLSchema#string"">Notification.Push</AttributeValue>
            <ResourceAttributeDesignator AttributeId=""urn:xacml:notification:attribute:resource-type"" DataType=""http://www.w3.org/2001/XMLSchema#string""/>
          </Match>
        </Resource>
      </Resources>
    </Target>
    <Condition>
      <Apply FunctionId=""urn:oasis:names:tc:xacml:1.0:function:or"">
        <Apply FunctionId=""urn:oasis:names:tc:xacml:1.0:function:string-equal"">
          <AttributeValue DataType=""http://www.w3.org/2001/XMLSchema#string"">DirectMessage</AttributeValue>
          <AttributeDesignator AttributeId=""urn:xacml:context:attribute:notification-type"" Category=""urn:oasis:names:tc:xacml:3.0:attribute-category:environment"" DataType=""http://www.w3.org/2001/XMLSchema#string""/>
        </Apply>
        <Apply FunctionId=""urn:oasis:names:tc:xacml:1.0:function:string-equal"">
          <AttributeValue DataType=""http://www.w3.org/2001/XMLSchema#string"">Mention</AttributeValue>
          <AttributeDesignator AttributeId=""urn:xacml:context:attribute:notification-type"" Category=""urn:oasis:names:tc:xacml:3.0:attribute-category:environment"" DataType=""http://www.w3.org/2001/XMLSchema#string""/>
        </Apply>
      </Apply>
    </Condition>
  </Rule>

  <Rule RuleId=""urn:xacml:rule:176:PermitMicCameraInCall"" Effect=""Permit"">
    <Target>
      <Resources>
        <AnyOf>
          <AllOf>
            <Match MatchId=""urn:oasis:names:tc:xacml:1.0:function:string-equal"">
              <AttributeValue DataType=""http://www.w3.org/2001/XMLSchema#string"">Device.Camera</AttributeValue>
              <ResourceAttributeDesignator AttributeId=""urn:xacml:device:attribute:resource-type"" DataType=""http://www.w3.org/2001/XMLSchema#string""/>
            </Match>
          </AllOf>
          <AllOf>
            <Match MatchId=""urn:oasis:names:tc:xacml:1.0:function:string-equal"">
              <AttributeValue DataType=""http://www.w3.org/2001/XMLSchema#string"">Device.Microphone</AttributeValue>
              <ResourceAttributeDesignator AttributeId=""urn:xacml:device:attribute:resource-type"" DataType=""http://www.w3.org/2001/XMLSchema#string""/>
            </Match>
          </AllOf>
        </AnyOf>
      </Resources>
    </Target>
    <Condition>
      <Apply FunctionId=""urn:oasis:names:tc:xacml:1.0:function:string-equal"">
        <AttributeValue DataType=""http://www.w3.org/2001/XMLSchema#string"">active_call</AttributeValue>
        <AttributeDesignator AttributeId=""urn:xacml:context:attribute:app-status"" Category=""urn:oasis:names:tc:xacml:3.0:attribute-category:environment"" DataType=""http://www.w3.org/2001/XMLSchema#string""/>
      </Apply>
    </Condition>
  </Rule>

  <Rule RuleId=""urn:xacml:rule:176:DenyPersonalData"" Effect=""Deny"">
    <Target>
      <Resources>
        <AnyOf>
          <AllOf>
            <Match MatchId=""urn:oasis:names:tc:xacml:1.0:function:string-equal"">
              <AttributeValue DataType=""http://www.w3.org/2001/XMLSchema#string"">User.ContactBook.Personal</AttributeValue>
              <ResourceAttributeDesignator AttributeId=""urn:xacml:data:attribute:resource-type"" DataType=""http://www.w3.org/2001/XMLSchema#string""/>
            </Match>
          </AllOf>
          <AllOf>
            <Match MatchId=""urn:oasis:names:tc:xacml:1.0:function:string-equal"">
              <AttributeValue DataType=""http://www.w3.org/2001/XMLSchema#string"">User.Gallery</AttributeValue>
              <ResourceAttributeDesignator AttributeId=""urn:xacml:data:attribute:resource-type"" DataType=""http://www.w3.org/2001/XMLSchema#string""/>
            </Match>
          </AllOf>
        </AnyOf>
      </Resources>
    </Target>
  </Rule>

  <Rule RuleId=""urn:xacml:rule:176:DefaultDeny"" Effect=""Deny""/>
</Policy>";
177;Weather services;Limited access;Autorizzo IlMeteo.it e 3B Meteo ad accedere esclusivamente alla mia posizione approssimativa, e solo mentre l'applicazione  in uso, in quanto  sufficiente per ottenere previsioni pertinenti. Nego l'accesso alla posizione precisa e disattivo l'aggiornamento in background per impedire il tracciamento continuo dei miei spostamenti. Disabilito tutte le notifiche non essenziali come articoli di notizie o allerte pollini, mantenendo attive solo le allerte di criticitˆ emesse dalla Protezione Civile.;I authorize The Weather Channel and AccuWeather to access only my approximate location, and only while the application is in use, as this is sufficient for relevant forecasts. I deny access to the precise location and disable background refresh to prevent continuous tracking of my movements. I disable all non-essential notifications such as news articles or pollen alerts, keeping active only critical alerts issued by official emergency services.;GEMINI 2.5;"<Policy PolicyId=""urn:xacml:policy:177:WeatherAppLimitedPolicy"" Version=""1.0"" RuleCombiningAlgId=""urn:oasis:names:tc:xacml:1.0:rule-combining-algorithm:deny-overrides"">
  <Description>Politica di accesso limitato alla posizione approssimativa per app Meteo.</Description>
  <Target>
    <Subjects>
      <Subject>
        <Match MatchId=""urn:oasis:names:tc:xacml:1.0:function:string-equal"">
          <AttributeValue DataType=""http://www.w3.org/2001/XMLSchema#string"">IlMeteo.it</AttributeValue>
          <SubjectAttributeDesignator AttributeId=""urn:oasis:names:tc:xacml:1.0:subject:subject-id"" DataType=""http://www.w3.org/2001/XMLSchema#string""/>
        </Match>
        <Match MatchId=""urn:oasis:names:tc:xacml:1.0:function:string-equal"">
          <AttributeValue DataType=""http://www.w3.org/2001/XMLSchema#string"">3BMeteo</AttributeValue>
          <SubjectAttributeDesignator AttributeId=""urn:oasis:names:tc:xacml:1.0:subject:subject-id"" DataType=""http://www.w3.org/2001/XMLSchema#string""/>
        </Match>
      </Subjects>
    </Target>
  </Target>

  <Rule RuleId=""urn:xacml:rule:177:PermitApproximateLocationInUse"" Effect=""Permit"">
    <Target>
      <Resources>
        <Resource>
          <Match MatchId=""urn:oasis:names:tc:xacml:1.0:function:string-equal"">
            <AttributeValue DataType=""http://www.w3.org/2001/XMLSchema#string"">Location.Approximate</AttributeValue>
            <ResourceAttributeDesignator AttributeId=""urn:xacml:location:attribute:resource-type"" DataType=""http://www.w3.org/2001/XMLSchema#string""/>
          </Match>
        </Resource>
      </Resources>
    </Target>
    <Condition>
      <Apply FunctionId=""urn:oasis:names:tc:xacml:1.0:function:string-equal"">
        <AttributeValue DataType=""http://www.w3.org/2001/XMLSchema#string"">foreground</AttributeValue>
        <AttributeDesignator AttributeId=""urn:xacml:context:attribute:app-status"" Category=""urn:oasis:names:tc:xacml:3.0:attribute-category:environment"" DataType=""http://www.w3.org/2001/XMLSchema#string""/>
      </Apply>
    </Condition>
  </Rule>

  <Rule RuleId=""urn:xacml:rule:177:DenyPreciseAndBackground"" Effect=""Deny"">
    <Target>
      <Resources>
        <AnyOf>
          <AllOf>
            <Match MatchId=""urn:oasis:names:tc:xacml:1.0:function:string-equal"">
              <AttributeValue DataType=""http://www.w3.org/2001/XMLSchema#string"">Location.Precise</AttributeValue>
              <ResourceAttributeDesignator AttributeId=""urn:xacml:location:attribute:resource-type"" DataType=""http://www.w3.org/2001/XMLSchema#string""/>
            </Match>
          </AllOf>
          <AllOf>
            <Match MatchId=""urn:oasis:names:tc:xacml:1.0:function:string-equal"">
              <AttributeValue DataType=""http://www.w3.org/2001/XMLSchema#string"">Location.Any</AttributeValue>
              <ResourceAttributeDesignator AttributeId=""urn:xacml:location:attribute:resource-type"" DataType=""http://www.w3.org/2001/XMLSchema#string""/>
            </Match>
            <Condition>
              <Apply FunctionId=""urn:oasis:names:tc:xacml:1.0:function:string-equal"">
                <AttributeValue DataType=""http://www.w3.org/2001/XMLSchema#string"">background</AttributeValue>
                <AttributeDesignator AttributeId=""urn:xacml:context:attribute:app-status"" Category=""urn:oasis:names:tc:xacml:3.0:attribute-category:environment"" DataType=""http://www.w3.org/2001/XMLSchema#string""/>
              </Apply>
            </Condition>
          </AllOf>
        </AnyOf>
      </Resources>
    </Target>
  </Rule>
  
  <Rule RuleId=""urn:xacml:rule:177:DenyNonEssentialNotifications"" Effect=""Deny"">
    <Target>
      <Resources>
        <Resource>
          <Match MatchId=""urn:oasis:names:tc:xacml:1.0:function:string-equal"">
            <AttributeValue DataType=""http://www.w3.org/2001/XMLSchema#string"">Notification.Push</AttributeValue>
            <ResourceAttributeDesignator AttributeId=""urn:xacml:notification:attribute:resource-type"" DataType=""http://www.w3.org/2001/XMLSchema#string""/>
          </Match>
        </Resource>
      </Resources>
    </Target>
    <Condition>
      <Apply FunctionId=""urn:oasis:names:tc:xacml:1.0:function:or"">
        <Apply FunctionId=""urn:oasis:names:tc:xacml:1.0:function:string-equal"">
          <AttributeValue DataType=""http://www.w3.org/2001/XMLSchema#string"">NewsArticle</AttributeValue>
          <AttributeDesignator AttributeId=""urn:xacml:context:attribute:notification-type"" Category=""urn:oasis:names:tc:xacml:3.0:attribute-category:environment"" DataType=""http://www.w3.org/2001/XMLSchema#string""/>
        </Apply>
        <Apply FunctionId=""urn:oasis:names:tc:xacml:1.0:function:string-equal"">
          <AttributeValue DataType=""http://www.w3.org/2001/XMLSchema#string"">PollenAlert</AttributeValue>
          <AttributeDesignator AttributeId=""urn:xacml:context:attribute:notification-type"" Category=""urn:oasis:names:tc:xacml:3.0:attribute-category:environment"" DataType=""http://www.w3.org/2001/XMLSchema#string""/>
        </Apply>
      </Apply>
    </Condition>
  </Rule>
  
  <Rule RuleId=""urn:xacml:rule:177:PermitCriticalAlerts"" Effect=""Permit"">
    <Target>
      <Resources>
        <Resource>
          <Match MatchId=""urn:oasis:names:tc:xacml:1.0:function:string-equal"">
            <AttributeValue DataType=""http://www.w3.org/2001/XMLSchema#string"">Notification.Push</AttributeValue>
            <ResourceAttributeDesignator AttributeId=""urn:xacml:notification:attribute:resource-type"" DataType=""http://www.w3.org/2001/XMLSchema#string""/>
          </Match>
        </Resource>
      </Resources>
    </Target>
    <Condition>
      <Apply FunctionId=""urn:oasis:names:tc:xacml:1.0:function:string-equal"">
        <AttributeValue DataType=""http://www.w3.org/2001/XMLSchema#string"">CivilProtectionAlert</AttributeValue>
        <AttributeDesignator AttributeId=""urn:xacml:context:attribute:notification-type"" Category=""urn:oasis:names:tc:xacml:3.0:attribute-category:environment"" DataType=""http://www.w3.org/2001/XMLSchema#string""/>
      </Apply>
    </Condition>
  </Rule>

  <Rule RuleId=""urn:xacml:rule:177:DefaultDeny"" Effect=""Deny""/>
</Policy>";
178;Food delivery and home services;Access only while in use;"Concedo a TheFork e TripAdvisor l'accesso alla mia posizione solo ed esclusivamente quando avvio una ricerca attiva per ""ristoranti nelle vicinanze"". Non autorizzo queste app a raccogliere dati sulla mia posizione per altri scopi. Nego l'accesso alla rubrica per suggerire o invitare amici. Consento l'aggiunta di una prenotazione al mio calendario, ma solo previa autorizzazione manuale per ogni singolo evento.";"I grant TheFork and TripAdvisor access to my location only and exclusively when I initiate an active search for ""restaurants nearby."" I do not authorize these apps to collect data on my location for other purposes. I deny access to the address book for suggesting or inviting friends. I allow adding a reservation to my calendar, but only after manual authorization for each individual event.";GEMINI 2.5;"<Policy PolicyId=""urn:xacml:policy:178:RestaurantFinderPolicy"" Version=""1.0"" RuleCombiningAlgId=""urn:oasis:names:tc:xacml:1.0:rule-combining-algorithm:deny-overrides"">
  <Description>Politica di accesso alla posizione ""solo in uso"" per TheFork e TripAdvisor.</Description>
  <Target>
    <Subjects>
      <Subject>
        <Match MatchId=""urn:oasis:names:tc:xacml:1.0:function:string-equal"">
          <AttributeValue DataType=""http://www.w3.org/2001/XMLSchema#string"">TheFork</AttributeValue>
          <SubjectAttributeDesignator AttributeId=""urn:oasis:names:tc:xacml:1.0:subject:subject-id"" DataType=""http://www.w3.org/2001/XMLSchema#string""/>
        </Match>
        <Match MatchId=""urn:oasis:names:tc:xacml:1.0:function:string-equal"">
          <AttributeValue DataType=""http://www.w3.org/2001/XMLSchema#string"">TripAdvisor</AttributeValue>
          <SubjectAttributeDesignator AttributeId=""urn:oasis:names:tc:xacml:1.0:subject:subject-id"" DataType=""http://www.w3.org/2001/XMLSchema#string""/>
        </Match>
      </Subjects>
    </Target>
  </Target>

  <Rule RuleId=""urn:xacml:rule:178:PermitLocationOnSearch"" Effect=""Permit"">
    <Target>
      <Resources>
        <Resource>
          <Match MatchId=""urn:oasis:names:tc:xacml:1.0:function:string-equal"">
            <AttributeValue DataType=""http://www.w3.org/2001/XMLSchema#string"">Location.Any</AttributeValue>
            <ResourceAttributeDesignator AttributeId=""urn:xacml:location:attribute:resource-type"" DataType=""http://www.w3.org/2001/XMLSchema#string""/>
          </Match>
        </Resource>
      </Resources>
    </Target>
    <Condition>
      <Apply FunctionId=""urn:oasis:names:tc:xacml:1.0:function:string-equal"">
        <AttributeValue DataType=""http://www.w3.org/2001/XMLSchema#string"">search_nearby</AttributeValue>
        <AttributeDesignator AttributeId=""urn:xacml:context:attribute:action-detail"" Category=""urn:oasis:names:tc:xacml:3.0:attribute-category:action"" DataType=""http://www.w3.org/2001/XMLSchema#string""/>
      </Apply>
    </Condition>
  </Rule>

  <Rule RuleId=""urn:xacml:rule:178:DenyContactBook"" Effect=""Deny"">
    <Target>
      <Resources>
        <Resource>
          <Match MatchId=""urn:oasis:names:tc:xacml:1.0:function:string-equal"">
            <AttributeValue DataType=""http://www.w3.org/2001/XMLSchema#string"">User.ContactBook</AttributeValue>
            <ResourceAttributeDesignator AttributeId=""urn:xacml:data:attribute:resource-type"" DataType=""http://www.w3.org/2001/XMLSchema#string""/>
          </Match>
        </Resource>
      </Resources>
    </Target>
  </Rule>

  <Rule RuleId=""urn:xacml:rule:178:PermitCalendarOnDemand"" Effect=""Permit"">
    <Target>
      <Resources>
        <Resource>
          <Match MatchId=""urn:oasis:names:tc:xacml:1.0:function:string-equal"">
            <AttributeValue DataType=""http://www.w3.org/2001/XMLSchema#string"">Device.Calendar</AttributeValue>
            <ResourceAttributeDesignator AttributeId=""urn:xacml:device:attribute:resource-type"" DataType=""http://www.w3.org/2001/XMLSchema#string""/>
          </Match>
        </Resource>
      </Resources>
    </Target>
    <Condition>
      <Apply FunctionId=""urn:oasis:names:tc:xacml:1.0:function:and"">
        <Apply FunctionId=""urn:oasis:names:tc:xacml:1.0:function:string-equal"">
          <AttributeValue DataType=""http://www.w3.org/2001/XMLSchema#string"">add_reservation_event</AttributeValue>
          <AttributeDesignator AttributeId=""urn:xacml:context:attribute:action-detail"" Category=""urn:oasis:names:tc:xacml:3.0:attribute-category:action"" DataType=""http://www.w3.org/2001/XMLSchema#string""/>
        </Apply>
        <Apply FunctionId=""urn:oasis:names:tc:xacml:1.0:function:string-equal"">
          <AttributeValue DataType=""http://www.w3.org/2001/XMLSchema#string"">ApprovedThisTime</AttributeValue>
          <AttributeDesignator AttributeId=""urn:xacml:context:attribute:user-prompt-response"" Category=""urn:oasis:names:tc:xacml:3.0:attribute-category:environment"" DataType=""http://www.w3.org/2001/XMLSchema#string""/>
        </Apply>
      </Apply>
    </Condition>
  </Rule>

  <Rule RuleId=""urn:xacml:rule:178:DefaultDeny"" Effect=""Deny""/>
</Policy>";
179;Social media and entertainment;No access;Per piattaforme basate sulla community come Reddit e Discord, nego completamente l'accesso a fotocamera, microfono e galleria fotografica, poichŽ la mia interazione  prevalentemente testuale. Nego l'accesso ai contatti e alla posizione. Imposto l'apertura dei link esterni tramite il browser di sistema predefinito, anzichŽ quello interno all'app, per limitare il tracciamento e mantenere attivi i miei plugin di privacy.;For community-based platforms like Reddit and Discord, I completely deny access to the camera, microphone, and photo gallery, as my interaction is predominantly text-based. I deny access to contacts and location. I set external links to open in the default system browser, rather than the in-app one, to limit tracking and keep my privacy plugins active.;GEMINI 2.5;"<Policy PolicyId=""urn:xacml:policy:179:CommunityAppNoAccess"" Version=""1.0"" RuleCombiningAlgId=""urn:oasis:names:tc:xacml:1.0:rule-combining-algorithm:deny-overrides"">
  <Description>Politica di accesso negato a dati sensibili per Reddit e Discord.</Description>
  <Target>
    <Subjects>
      <Subject>
        <Match MatchId=""urn:oasis:names:tc:xacml:1.0:function:string-equal"">
          <AttributeValue DataType=""http://www.w3.org/2001/XMLSchema#string"">Reddit</AttributeValue>
          <SubjectAttributeDesignator AttributeId=""urn:oasis:names:tc:xacml:1.0:subject:subject-id"" DataType=""http://www.w3.org/2001/XMLSchema#string""/>
        </Match>
        <Match MatchId=""urn:oasis:names:tc:xacml:1.0:function:string-equal"">
          <AttributeValue DataType=""http://www.w3.org/2001/XMLSchema#string"">Discord</AttributeValue>
          <SubjectAttributeDesignator AttributeId=""urn:oasis:names:tc:xacml:1.0:subject:subject-id"" DataType=""http://www.w3.org/2001/XMLSchema#string""/>
        </Match>
      </Subjects>
    </Target>
  </Target>

  <Rule RuleId=""urn:xacml:rule:179:DenyAllHardware"" Effect=""Deny"">
    <Target>
      <Resources>
        <AnyOf>
          <AllOf>
            <Match MatchId=""urn:oasis:names:tc:xacml:1.0:function:string-equal"">
              <AttributeValue DataType=""http://www.w3.org/2001/XMLSchema#string"">Device.Camera</AttributeValue>
              <ResourceAttributeDesignator AttributeId=""urn:xacml:device:attribute:resource-type"" DataType=""http://www.w3.org/2001/XMLSchema#string""/>
            </Match>
          </AllOf>
          <AllOf>
            <Match MatchId=""urn:oasis:names:tc:xacml:1.0:function:string-equal"">
              <AttributeValue DataType=""http://www.w3.org/2001/XMLSchema#string"">Device.Microphone</AttributeValue>
              <ResourceAttributeDesignator AttributeId=""urn:xacml:device:attribute:resource-type"" DataType=""http://www.w3.org/2001/XMLSchema#string""/>
            </Match>
          </AllOf>
          <AllOf>
            <Match MatchId=""urn:oasis:names:tc:xacml:1.0:function:string-equal"">
              <AttributeValue DataType=""http://www.w3.org/2001/XMLSchema#string"">User.Gallery</AttributeValue>
              <ResourceAttributeDesignator AttributeId=""urn:xacml:data:attribute:resource-type"" DataType=""http://www.w3.org/2001/XMLSchema#string""/>
            </Match>
          </AllOf>
          <AllOf>
            <Match MatchId=""urn:oasis:names:tc:xacml:1.0:function:string-equal"">
              <AttributeValue DataType=""http://www.w3.org/2001/XMLSchema#string"">User.ContactBook</AttributeValue>
              <ResourceAttributeDesignator AttributeId=""urn:xacml:data:attribute:resource-type"" DataType=""http://www.w3.org/2001/XMLSchema#string""/>
            </Match>
          </AllOf>
          <AllOf>
            <Match MatchId=""urn:oasis:names:tc:xacml:1.0:function:string-equal"">
              <AttributeValue DataType=""http://www.w3.org/2001/XMLSchema#string"">Location.Any</AttributeValue>
              <ResourceAttributeDesignator AttributeId=""urn:xacml:location:attribute:resource-type"" DataType=""http://www.w3.org/2001/XMLSchema#string""/>
            </Match>
          </AllOf>
        </AnyOf>
      </Resources>
    </Target>
  </Rule>

  <Rule RuleId=""urn:xacml:rule:179:DenyInAppBrowser"" Effect=""Deny"">
    <Target>
      <Actions>
        <Action>
          <Match MatchId=""urn:oasis:names:tc:xacml:1.0:function:string-equal"">
            <AttributeValue DataType=""http://www.w3.org/2001/XMLSchema#string"">open_external_link</AttributeValue>
            <ActionAttributeDesignator AttributeId=""urn:xacml:1.0:action:action-id"" DataType=""http://www.w3.org/2001/XMLSchema#string""/>
          </Match>
        </Action>
      </Actions>
    </Target>
    <Condition>
      <Apply FunctionId=""urn:oasis:names:tc:xacml:1.0:function:string-equal"">
        <AttributeValue DataType=""http://www.w3.org/2001/XMLSchema#string"">InAppBrowser</AttributeValue>
        <AttributeDesignator AttributeId=""urn:xacml:context:attribute:browser-target"" Category=""urn:oasis:names:tc:xacml:3.0:attribute-category:environment"" DataType=""http://www.w3.org/2001/XMLSchema#string""/>
      </Apply>
    </Condition>
    <ObligationExpressions>
      <ObligationExpression ObligationId=""urn:xacml:obligation:action:use-system-browser"" FulfillOn=""Deny"">
        <AttributeAssignmentExpression AttributeId=""urn:xacml:attribute:target-browser"">
          <AttributeValue DataType=""http://www.w3.org/2001/XMLSchema#string"">SystemDefault</AttributeValue>
        </AttributeAssignmentExpression>
      </ObligationExpression>
    </ObligationExpressions>
  </Rule>
  
  <Rule RuleId=""urn:xacml:rule:179:DefaultDeny"" Effect=""Deny""/>
</Policy>";
180;Transport and mobility;No profiling;Per le app delle compagnie aeree come Ryanair o ITA Airways e per quella di Trenitalia, autorizzo il trattamento dei miei dati personali (nome, documenti, destinazioni) al solo ed esclusivo fine di gestire la prenotazione e il viaggio. Nego il consenso all'utilizzo della mia cronologia di viaggio per l'invio di offerte di marketing personalizzate o per la condivisione dei miei dati con partner terzi come hotel e autonoleggi per scopi pubblicitari.;For airline apps like Delta or United Airlines and for the Amtrak app, I authorize the processing of my personal data (name, documents, destinations) for the sole and exclusive purpose of managing the booking and travel. I deny consent for the use of my travel history for sending personalized marketing offers or for sharing my data with third-party partners like hotels and car rentals for advertising purposes.;GEMINI 2.5;"<Policy PolicyId=""urn:xacml:policy:180:TransportNoProfiling"" Version=""1.0"" RuleCombiningAlgId=""urn:oasis:names:tc:xacml:1.0:rule-combining-algorithm:deny-overrides"">
  <Description>Politica di non profilazione e limitazione d'uso dei dati per app di trasporto (Ryanair, ITA, Trenitalia).</Description>
  <Target>
    <Subjects>
      <Subject>
        <Match MatchId=""urn:oasis:names:tc:xacml:1.0:function:string-equal"">
          <AttributeValue DataType=""http://www.w3.org/2001/XMLSchema#string"">Ryanair</AttributeValue>
          <SubjectAttributeDesignator AttributeId=""urn:oasis:names:tc:xacml:1.0:subject:subject-id"" DataType=""http://www.w3.org/2001/XMLSchema#string""/>
        </Match>
        <Match MatchId=""urn:oasis:names:tc:xacml:1.0:function:string-equal"">
          <AttributeValue DataType=""http://www.w3.org/2001/XMLSchema#string"">ITAAirways</AttributeValue>
          <SubjectAttributeDesignator AttributeId=""urn:oasis:names:tc:xacml:1.0:subject:subject-id"" DataType=""http://www.w3.org/2001/XMLSchema#string""/>
        </Match>
        <Match MatchId=""urn:oasis:names:tc:xacml:1.0:function:string-equal"">
          <AttributeValue DataType=""http://www.w3.org/2001/XMLSchema#string"">Trenitalia</AttributeValue>
          <SubjectAttributeDesignator AttributeId=""urn:oasis:names:tc:xacml:1.0:subject:subject-id"" DataType=""http://www.w3.org/2001/XMLSchema#string""/>
        </Match>
      </Subjects>
    </Target>
  </Target>

  <Rule RuleId=""urn:xacml:rule:180:PermitDataForBooking"" Effect=""Permit"">
    <Target>
      <Resources>
        <AnyOf>
          <AllOf>
            <Match MatchId=""urn:oasis:names:tc:xacml:1.0:function:string-equal"">
              <AttributeValue DataType=""http://www.w3.org/2001/XMLSchema#string"">UserData.Personal</AttributeValue>
              <ResourceAttributeDesignator AttributeId=""urn:xacml:data:attribute:resource-type"" DataType=""http://www.w3.org/2001/XMLSchema#string""/>
            </Match>
          </AllOf>
          <AllOf>
            <Match MatchId=""urn:oasis:names:tc:xacml:1.0:function:string-equal"">
              <AttributeValue DataType=""http://www.w3.org/2001/XMLSchema#string"">UserData.TravelDocuments</AttributeValue>
              <ResourceAttributeDesignator AttributeId=""urn:xacml:data:attribute:resource-type"" DataType=""http://www.w3.org/2001/XMLSchema#string""/>
            </Match>
          </AllOf>
        </AnyOf>
      </Resources>
      <Actions>
        <Action>
          <Match MatchId=""urn:oasis:names:tc:xacml:1.0:function:string-equal"">
            <AttributeValue DataType=""http://www.w3.org/2001/XMLSchema#string"">process</AttributeValue>
            <ActionAttributeDesignator AttributeId=""urn:xacml:1.0:action:action-id"" DataType=""http://www.w3.org/2001/XMLSchema#string""/>
          </Match>
        </Action>
      </Actions>
    </Target>
    <Condition>
      <Apply FunctionId=""urn:oasis:names:tc:xacml:1.0:function:string-equal"">
        <AttributeValue DataType=""http://www.w3.org/2001/XMLSchema#string"">ManageBooking</AttributeValue>
        <AttributeDesignator AttributeId=""urn:xacml:context:attribute:purpose"" Category=""urn:oasis:names:tc:xacml:3.0:attribute-category:environment"" DataType=""http://www.w3.org/2001/XMLSchema#string""/>
      </Apply>
    </Condition>
  </Rule>

  <Rule RuleId=""urn:xacml:rule:180:DenyMarketingUse"" Effect=""Deny"">
    <Target>
      <Resources>
        <Resource>
          <Match MatchId=""urn:oasis:names:tc:xacml:1.0:function:string-equal"">
            <AttributeValue DataType=""http://www.w3.org/2001/XMLSchema#string"">UserData.TravelHistory</AttributeValue>
            <ResourceAttributeDesignator AttributeId=""urn:xacml:data:attribute:resource-type"" DataType=""http://www.w3.org/2001/XMLSchema#string""/>
          </Match>
        </Resource>
      </Resources>
    </Target>
    <Condition>
      <Apply FunctionId=""urn:oasis:names:tc:xacml:1.0:function:string-equal"">
        <AttributeValue DataType=""http://www.w3.org/2001/XMLSchema#string"">PersonalizedMarketing</AttributeValue>
        <AttributeDesignator AttributeId=""urn:xacml:context:attribute:purpose"" Category=""urn:oasis:names:tc:xacml:3.0:attribute-category:environment"" DataType=""http://www.w3.org/2001/XMLSchema#string""/>
      </Apply>
    </Condition>
  </Rule>

  <Rule RuleId=""urn:xacml:rule:180:DenyThirdPartySharing"" Effect=""Deny"">
    <Target>
      <Resources>
        <Resource>
          <Match MatchId=""urn:oasis:names:tc:xacml:1.0:function:string-contains"">
            <AttributeValue DataType=""http://www.w3.org/2001/XMLSchema#string"">UserData</AttributeValue>
            <ResourceAttributeDesignator AttributeId=""urn:xacml:data:attribute:resource-type"" DataType=""http://www.w3.org/2001/XMLSchema#string""/>
          </Match>
        </Resource>
      </Resources>
      <Actions>
        <Action>
          <Match MatchId=""urn:oasis:names:tc:xacml:1.0:function:string-equal"">
            <AttributeValue DataType=""http://www.w3.org/2001/XMLSchema#string"">share</AttributeValue>
            <ActionAttributeDesignator AttributeId=""urn:xacml:1.0:action:action-id"" DataType=""http://www.w3.org/2001/XMLSchema#string""/>
          </Match>
        </Action>
      </Actions>
    </Target>
    <Condition>
      <Apply FunctionId=""urn:oasis:names:tc:xacml:1.0:function:and"">
        <Apply FunctionId=""urn:oasis:names:tc:xacml:1.0:function:string-equal"">
          <AttributeValue DataType=""http://www.w3.org/2001/XMLSchema#string"">ThirdPartyPartner</AttributeValue>
          <AttributeDesignator AttributeId=""urn:xacml:context:attribute:recipient-type"" Category=""urn:oasis:names:tc:xacml:3.0:attribute-category:recipient"" DataType=""http://www.w3.org/2001/XMLSchema#string""/>
        </Apply>
        <Apply FunctionId=""urn:oasis:names:tc:xacml:1.0:function:string-equal"">
          <AttributeValue DataType=""http://www.w3.org/2001/XMLSchema#string"">Advertising</AttributeValue>
          <AttributeDesignator AttributeId=""urn:xacml:context:attribute:purpose"" Category=""urn:oasis:names:tc:xacml:3.0:attribute-category:environment"" DataType=""http://www.w3.org/2001/XMLSchema#string""/>
        </Apply>
      </Apply>
    </Condition>
  </Rule>

  <Rule RuleId=""urn:xacml:rule:180:DefaultDeny"" Effect=""Deny""/>
</Policy>";
181;Home and smart home;Limited access;"Concedo ad app come Google Home e Amazon Alexa l'accesso alla rete locale per poter controllare i dispositivi connessi. Autorizzo l'uso del microfono solo quando l'app  aperta in primo piano per impartire un comando vocale, disattivando qualsiasi funzione di ascolto passivo sul telefono. Nego l'accesso alla posizione, a meno che non sia strettamente necessario per una routine specifica (es. ""spegni le luci quando esco""), e in tal caso concedo solo la posizione approssimativa. L'accesso ai contatti per avviare chiamate tramite smart speaker  permanentemente negato.";"I grant apps like Google Home and Amazon Alexa access to the local network to control connected devices. I authorize the use of the microphone only when the app is open in the foreground to give a voice command, disabling any passive listening function on the phone. I deny access to location, unless it is strictly necessary for a specific routine (e.g., ""turn off the lights when I leave""), and in that case, I only grant approximate location. Access to contacts to initiate calls via smart speakers is permanently denied.";GEMINI 2.5;"<Policy PolicyId=""urn:xacml:policy:181:SmartHomePolicy"" Version=""1.0"" RuleCombiningAlgId=""urn:oasis:names:tc:xacml:1.0:rule-combining-algorithm:deny-overrides"">
  <Description>Politica di accesso limitato per app Smart Home (Google Home, Alexa).</Description>
  <Target>
    <Subjects>
      <Subject>
        <Match MatchId=""urn:oasis:names:tc:xacml:1.0:function:string-equal"">
          <AttributeValue DataType=""http://www.w3.org/2001/XMLSchema#string"">GoogleHome</AttributeValue>
          <SubjectAttributeDesignator AttributeId=""urn:oasis:names:tc:xacml:1.0:subject:subject-id"" DataType=""http://www.w3.org/2001/XMLSchema#string""/>
        </Match>
        <Match MatchId=""urn:oasis:names:tc:xacml:1.0:function:string-equal"">
          <AttributeValue DataType=""http://www.w3.org/2001/XMLSchema#string"">AmazonAlexa</AttributeValue>
          <SubjectAttributeDesignator AttributeId=""urn:oasis:names:tc:xacml:1.0:subject:subject-id"" DataType=""http://www.w3.org/2001/XMLSchema#string""/>
        </Match>
      </Subjects>
    </Target>
  </Target>

  <Rule RuleId=""urn:xacml:rule:181:PermitLocalNetwork"" Effect=""Permit"">
    <Target>
      <Resources>
        <Resource>
          <Match MatchId=""urn:oasis:names:tc:xacml:1.0:function:string-equal"">
            <AttributeValue DataType=""http://www.w3.org/2001/XMLSchema#string"">Network.Local</AttributeValue>
            <ResourceAttributeDesignator AttributeId=""urn:xacml:network:attribute:resource-type"" DataType=""http://www.w3.org/2001/XMLSchema#string""/>
          </Match>
        </Resource>
      </Resources>
    </Target>
  </Rule>

  <Rule RuleId=""urn:xacml:rule:181:PermitMicInForeground"" Effect=""Permit"">
    <Target>
      <Resources>
        <Resource>
          <Match MatchId=""urn:oasis:names:tc:xacml:1.0:function:string-equal"">
            <AttributeValue DataType=""http://www.w3.org/2001/XMLSchema#string"">Device.Microphone</AttributeValue>
            <ResourceAttributeDesignator AttributeId=""urn:xacml:device:attribute:resource-type"" DataType=""http://www.w3.org/2001/XMLSchema#string""/>
          </Match>
        </Resource>
      </Resources>
    </Target>
    <Condition>
      <Apply FunctionId=""urn:oasis:names:tc:xacml:1.0:function:string-equal"">
        <AttributeValue DataType=""http://www.w3.org/2001/XMLSchema#string"">foreground</AttributeValue>
        <AttributeDesignator AttributeId=""urn:xacml:context:attribute:app-status"" Category=""urn:oasis:names:tc:xacml:3.0:attribute-category:environment"" DataType=""http://www.w3.org/2001/XMLSchema#string""/>
      </Apply>
    </Condition>
  </Rule>
  
  <Rule RuleId=""urn:xacml:rule:181:DenyPassiveListening"" Effect=""Deny"">
    <Target>
      <Resources>
        <Resource>
          <Match MatchId=""urn:oasis:names:tc:xacml:1.0:function:string-equal"">
            <AttributeValue DataType=""http://www.w3.org/2001/XMLSchema#string"">Device.Microphone</AttributeValue>
            <ResourceAttributeDesignator AttributeId=""urn:xacml:device:attribute:resource-type"" DataType=""http://www.w3.org/2001/XMLSchema#string""/>
          </Match>
        </Resource>
      </Resources>
    </Target>
    <Condition>
      <Apply FunctionId=""urn:oasis:names:tc:xacml:1.0:function:string-not-equal"">
        <AttributeValue DataType=""http://www.w3.org/2001/XMLSchema#string"">foreground</AttributeValue>
        <AttributeDesignator AttributeId=""urn:xacml:context:attribute:app-status"" Category=""urn:oasis:names:tc:xacml:3.0:attribute-category:environment"" DataType=""http://www.w3.org/2001/XMLSchema#string""/>
      </Apply>
    </Condition>
  </Rule>

  <Rule RuleId=""urn:xacml:rule:181:DenyPreciseLocation"" Effect=""Deny"">
    <Target>
      <Resources>
        <Resource>
          <Match MatchId=""urn:oasis:names:tc:xacml:1.0:function:string-equal"">
            <AttributeValue DataType=""http://www.w3.org/2001/XMLSchema#string"">Location.Precise</AttributeValue>
            <ResourceAttributeDesignator AttributeId=""urn:xacml:location:attribute:resource-type"" DataType=""http://www.w3.org/2001/XMLSchema#string""/>
          </Match>
        </Resource>
      </Resources>
    </Target>
  </Rule>
  
  <Rule RuleId=""urn:xacml:rule:181:PermitApproximateForRoutine"" Effect=""Permit"">
    <Target>
      <Resources>
        <Resource>
          <Match MatchId=""urn:oasis:names:tc:xacml:1.0:function:string-equal"">
            <AttributeValue DataType=""http://www.w3.org/2001/XMLSchema#string"">Location.Approximate</AttributeValue>
            <ResourceAttributeDesignator AttributeId=""urn:xacml:location:attribute:resource-type"" DataType=""http://www.w3.org/2001/XMLSchema#string""/>
          </Match>
        </Resource>
      </Resources>
    </Target>
    <Condition>
      <Apply FunctionId=""urn:oasis:names:tc:xacml:1.0:function:string-equal"">
        <AttributeValue DataType=""http://www.w3.org/2001/XMLSchema#string"">SpecificRoutine</AttributeValue>
        <AttributeDesignator AttributeId=""urn:xacml:context:attribute:purpose"" Category=""urn:oasis:names:tc:xacml:3.0:attribute-category:environment"" DataType=""http://www.w3.org/2001/XMLSchema#string""/>
      </Apply>
    </Condition>
  </Rule>

  <Rule RuleId=""urn:xacml:rule:181:DenyContactBook"" Effect=""Deny"">
    <Target>
      <Resources>
        <Resource>
          <Match MatchId=""urn:oasis:names:tc:xacml:1.0:function:string-equal"">
            <AttributeValue DataType=""http://www.w3.org/2001/XMLSchema#string"">User.ContactBook</AttributeValue>
            <ResourceAttributeDesignator AttributeId=""urn:xacml:data:attribute:resource-type"" DataType=""http://www.w3.org/2001/XMLSchema#string""/>
          </Match>
        </Resource>
      </Resources>
    </Target>
  </Rule>

  <Rule RuleId=""urn:xacml:rule:181:DefaultDeny"" Effect=""Deny""/>
</Policy>";
182;Messaging;Access only while in use;"Autorizzo WhatsApp, Telegram e Signal allÕaccesso a microfono e fotocamera esclusivamente durante le chiamate e le videochiamate. LÕaccesso ai contatti  consentito solo previa approvazione manuale per ogni nuovo contatto o gruppo creato. Non autorizzo la condivisione della mia posizione in background; ogni geolocalizzazione deve essere espressamente attivata da me.";"I authorize WhatsApp, Telegram, and Signal to access the microphone and camera exclusively during calls and video calls. Access to contacts is allowed only after manual approval for each new contact or group created. I do not authorize sharing my location in the background; all geolocation must be expressly activated by me.";GPT-5.1;"<Policy PolicyId=""urn:example:policy:block10:182"" Version=""1.0"">
  <Description>Autorizzo WhatsApp, Telegram e Signal allÕaccesso a microfono e fotocamera esclusivamente durante le chiamate e le videochiamate. LÕaccesso ai contatti  consentito solo previa approvazione manuale per ogni nuovo contatto o gruppo creato. Non autorizzo la condivisione della mia posizione in background; ogni geolocalizzazione deve essere espressamente attivata da me.</Description>
  <Rule RuleId=""rule182"" Effect=""Permit"">
    <Description>Subject=User; Action=access; Resource=microphone,camera,contacts,location; Condition=usage=while-in-use, background=denied, approval=manual</Description>
  </Rule>
</Policy>";
183;Messaging;Ask every time;Per Messenger e Telegram autorizzo lÕaccesso ai file multimediali solo quando decido di inviare foto o video. LÕapp non pu˜ leggere automaticamente gallerie, documenti o altri file archiviati sul dispositivo. Ogni tentativo di accesso deve richiedere conferma manuale, cos“ da tutelare la mia privacy e impedire raccolte dati non autorizzate.;For Messenger and Telegram, I authorize access to media files only when I decide to send photos or videos. The app cannot automatically read galleries, documents, or other files stored on the device. Every access attempt must require manual confirmation to protect my privacy and prevent unauthorized data collection.;GPT-5.1;"<Policy PolicyId=""urn:example:policy:block10:183"" Version=""1.0"">
  <Description>Per Messenger e Telegram autorizzo lÕaccesso ai file multimediali solo quando decido di inviare foto o video. LÕapp non pu˜ leggere automaticamente gallerie, documenti o altri file archiviati sul dispositivo. Ogni tentativo di accesso deve richiedere conferma manuale, cos“ da tutelare la mia privacy e impedire raccolte dati non autorizzate.</Description>
  <Rule RuleId=""rule183"" Effect=""Permit"">
    <Description>Subject=User; Action=access; Resource=media-files; Condition=usage=manual-approval-only, background=denied, auto-read=denied</Description>
  </Rule>
</Policy>";
184;Messaging;No background access;Per WhatsApp e Signal, nego ogni accesso in background al microfono, alla fotocamera e alla posizione. LÕuso di questi sensori  consentito solo durante lÕapertura diretta dellÕapp e per le funzionalitˆ essenziali, come chat, videochiamate o condivisione manuale di posizione.;For WhatsApp and Signal, I deny all background access to the microphone, camera, and location. The use of these sensors is allowed only when the app is directly open and for essential functionalities, such as chatting, video calls, or manual location sharing.;GPT-5.1;"<Policy PolicyId=""urn:example:policy:block10:184"" Version=""1.0"">
  <Description>Per WhatsApp e Signal, nego ogni accesso in background al microfono, alla fotocamera e alla posizione. LÕuso di questi sensori  consentito solo durante lÕapertura diretta dellÕapp e per le funzionalitˆ essenziali, come chat, videochiamate o condivisione manuale di posizione.</Description>
  <Rule RuleId=""rule184"" Effect=""Permit"">
    <Description>Subject=User; Action=access; Resource=microphone,camera,location; Condition=usage=while-in-use, background=denied, purpose=communication-only</Description>
  </Rule>
</Policy>";
185;Messaging;Data collection limitation;Autorizzo Telegram e Messenger a leggere contatti e nome profilo solo per facilitare la comunicazione diretta con persone presenti nella mia rubrica. Non autorizzo alcun trasferimento di dati verso piattaforme pubblicitarie o profilazioni esterne, e ogni sincronizzazione automatica dei contatti deve essere disattivata.;I authorize Telegram and Messenger to read contacts and profile names only to facilitate direct communication with people in my address book. I do not authorize any data transfer to advertising platforms or external profiling, and all automatic contact synchronization must be disabled.;GPT-5.1;"<Policy PolicyId=""urn:example:policy:block10:185"" Version=""1.0"">
  <Description>Autorizzo Telegram e Messenger a leggere contatti e nome profilo solo per facilitare la comunicazione diretta con persone presenti nella mia rubrica. Non autorizzo alcun trasferimento di dati verso piattaforme pubblicitarie o profilazioni esterne, e ogni sincronizzazione automatica dei contatti deve essere disattivata.</Description>
  <Rule RuleId=""rule185"" Effect=""Permit"">
    <Description>Subject=User; Action=read; Resource=contacts,profile-name; Condition=purpose=communication, sync=disabled, marketing=denied</Description>
  </Rule>
</Policy>";
186;Music and streaming;Access only while in use;Autorizzo Netflix, Disney+ e Prime Video ad accedere alla mia posizione solo quando sto consultando contenuti localizzati, come suggerimenti basati su paese o lingua. Non autorizzo alcun tracciamento in background o la condivisione dei miei dati di visione con terze parti a fini pubblicitari.;I authorize Netflix, Disney+, and Prime Video to access my location only when I am consulting localized content, such as suggestions based on country or language. I do not authorize any background tracking or the sharing of my viewing data with third parties for advertising purposes.;GPT-5.1;"<Policy PolicyId=""urn:example:policy:block10:186"" Version=""1.0"">
  <Description>Autorizzo Netflix, Disney+ e Prime Video ad accedere alla mia posizione solo quando sto consultando contenuti localizzati, come suggerimenti basati su paese o lingua. Non autorizzo alcun tracciamento in background o la condivisione dei miei dati di visione con terze parti a fini pubblicitari.</Description>
  <Rule RuleId=""rule186"" Effect=""Permit"">
    <Description>Subject=User; Action=access; Resource=location,viewing-data; Condition=usage=while-in-use, purpose=content-localization, sharing=denied</Description>
  </Rule>
</Policy>";
187;Music and streaming;Data collection limitation;Per Apple TV e RaiPlay, nego qualsiasi accesso a contatti, microfono, fotocamera o cronologia delle ricerche. Le app possono raccogliere solo dati strettamente necessari al funzionamento tecnico del servizio, come lo streaming dei contenuti e la gestione dellÕabbonamento.;For Apple TV and Hulu, I deny any access to contacts, microphone, camera, or search history. The apps may only collect data strictly necessary for the technical operation of the service, such as content streaming and subscription management.;GPT-5.1;"<Policy PolicyId=""urn:example:policy:block10:187"" Version=""1.0"">
  <Description>Per Apple TV e RaiPlay, nego qualsiasi accesso a contatti, microfono, fotocamera o cronologia delle ricerche. Le app possono raccogliere solo dati strettamente necessari al funzionamento tecnico del servizio, come lo streaming dei contenuti e la gestione dellÕabbonamento.</Description>
  <Rule RuleId=""rule187"" Effect=""Permit"">
    <Description>Subject=User; Action=access; Resource=usage-data; Condition=purpose=technical-functionality, contacts=denied, microphone=denied, camera=denied</Description>
  </Rule>
</Policy>";
188;Music and streaming;Limited access;Per Spotify, Deezer e YouTube Music, autorizzo lÕuso del microfono solo durante la funzione di riconoscimento musicale. I dati di ascolto non devono essere condivisi con piattaforme pubblicitarie esterne, e qualsiasi suggerimento di contenuti deve basarsi esclusivamente sulla mia cronologia interna allÕapp.;For Spotify, Deezer, and YouTube Music, I authorize the use of the microphone only during the music recognition function. Listening data must not be shared with external advertising platforms, and any content suggestions must be based exclusively on my internal app history.;GPT-5.1;"<Policy PolicyId=""urn:example:policy:block10:188"" Version=""1.0"">
  <Description>Per Spotify, Deezer e YouTube Music, autorizzo lÕuso del microfono solo durante la funzione di riconoscimento musicale. I dati di ascolto non devono essere condivisi con piattaforme pubblicitarie esterne, e qualsiasi suggerimento di contenuti deve basarsi esclusivamente sulla mia cronologia interna allÕapp.</Description>
  <Rule RuleId=""rule188"" Effect=""Permit"">
    <Description>Subject=User; Action=access; Resource=microphone,listening-data; Condition=purpose=music-recognition, marketing=denied, recommendations=internal-only</Description>
  </Rule>
</Policy>";
189;Music and streaming;Ask every time;Per le app di streaming video o musicale che supportano la condivisione social dei contenuti, voglio essere avvisato ogni volta che si tenta di collegare i miei account a piattaforme esterne, come Facebook o Instagram. La connessione deve essere autorizzata manualmente e pu˜ essere revocata in qualsiasi momento.;For video or music streaming apps that support social sharing of content, I want to be notified every time an attempt is made to link my accounts to external platforms, such as Facebook or Instagram. The connection must be manually authorized and can be revoked at any time.;GPT-5.1;"<Policy PolicyId=""urn:example:policy:block10:189"" Version=""1.0"">
  <Description>Per le app di streaming video o musicale che supportano la condivisione social dei contenuti, voglio essere avvisato ogni volta che si tenta di collegare i miei account a piattaforme esterne, come Facebook o Instagram. La connessione deve essere autorizzata manualmente e pu˜ essere revocata in qualsiasi momento.</Description>
  <Rule RuleId=""rule189"" Effect=""Permit"">
    <Description>Subject=User; Action=connect; Resource=social-accounts; Condition=authorization=manual, revocation=available, background=denied</Description>
  </Rule>
</Policy>";
190;Cloud and productivity;Ask every time;Per Google Drive, Dropbox e OneDrive, autorizzo lÕaccesso ai miei file solo quando decido di aprirli, caricarli o scaricarli. Nessuna app pu˜ sincronizzare automaticamente documenti o contenuti multimediali senza il mio consenso esplicito. Ogni richiesta di accesso deve essere approvata manualmente.;For Google Drive, Dropbox, and OneDrive, I authorize access to my files only when I decide to open, upload, or download them. No app can automatically synchronize documents or media content without my explicit consent. Every access request must be manually approved.;GPT-5.1;"<Policy PolicyId=""urn:example:policy:block10:190"" Version=""1.0"">
  <Description>Per Google Drive, Dropbox e OneDrive, autorizzo lÕaccesso ai miei file solo quando decido di aprirli, caricarli o scaricarli. Nessuna app pu˜ sincronizzare automaticamente documenti o contenuti multimediali senza il mio consenso esplicito. Ogni richiesta di accesso deve essere approvata manualmente.</Description>
  <Rule RuleId=""rule190"" Effect=""Permit"">
    <Description>Subject=User; Action=access; Resource=files,media; Condition=sync=manual-only, consent=explicit, auto-sync=denied</Description>
  </Rule>
</Policy>";
191;Cloud and productivity;Access only while in use;Per Notion, Evernote e Microsoft OneNote, autorizzo lÕuso della fotocamera e del microfono solo durante sessioni specifiche di creazione o registrazione di note multimediali. Non autorizzo alcun accesso in background a file, rubrica o dati di geolocalizzazione.;For Notion, Evernote, and Microsoft OneNote, I authorize the use of the camera and microphone only during specific sessions of creating or recording multimedia notes. I do not authorize any background access to files, address book, or geolocation data.;GPT-5.1;"<Policy PolicyId=""urn:example:policy:block10:191"" Version=""1.0"">
  <Description>Per Notion, Evernote e Microsoft OneNote, autorizzo lÕuso della fotocamera e del microfono solo durante sessioni specifiche di creazione o registrazione di note multimediali. Non autorizzo alcun accesso in background a file, rubrica o dati di geolocalizzazione.</Description>
  <Rule RuleId=""rule191"" Effect=""Permit"">
    <Description>Subject=User; Action=access; Resource=camera,microphone,notes; Condition=usage=while-in-use, background=denied, location=denied</Description>
  </Rule>
</Policy>";
192;Cloud and productivity;Controlled access;Per Google Docs, Microsoft Office e Slack, nego lÕinvio automatico di dati a server esterni o a terze parti per analisi predittive o suggerimenti intelligenti. La sincronizzazione dei file con il cloud deve avvenire solo su mia esplicita richiesta e ogni modifica deve essere approvata prima di essere caricata.;For Google Docs, Microsoft Office, and Slack, I deny the automatic sending of data to external servers or third parties for predictive analysis or smart suggestions. File synchronization with the cloud must occur only at my explicit request, and every change must be approved before being uploaded.;GPT-5.1;"<Policy PolicyId=""urn:example:policy:block10:192"" Version=""1.0"">
  <Description>Per Google Docs, Microsoft Office e Slack, nego lÕinvio automatico di dati a server esterni o a terze parti per analisi predittive o suggerimenti intelligenti. La sincronizzazione dei file con il cloud deve avvenire solo su mia esplicita richiesta e ogni modifica deve essere approvata prima di essere caricata.</Description>
  <Rule RuleId=""rule192"" Effect=""Permit"">
    <Description>Subject=User; Action=access; Resource=documents,metadata; Condition=sync=manual, predictive-analysis=denied, third-party=denied</Description>
  </Rule>
</Policy>";
193;Cloud and productivity;Limited access;Per le piattaforme collaborative come Trello, Asana e Monday.com, autorizzo lÕaccesso ai miei dati solo per le funzioni essenziali di progetto e task management. Non consento la condivisione di informazioni personali, cronologia attivitˆ o allegati con servizi pubblicitari o piattaforme esterne.;For collaborative platforms like Trello, Asana, and Monday.com, I authorize access to my data only for essential project and task management functions. I do not allow the sharing of personal information, activity history, or attachments with advertising services or external platforms.;GPT-5.1;"<Policy PolicyId=""urn:example:policy:block10:193"" Version=""1.0"">
  <Description>Per le piattaforme collaborative come Trello, Asana e Monday.com, autorizzo lÕaccesso ai miei dati solo per le funzioni essenziali di progetto e task management. Non consento la condivisione di informazioni personali, cronologia attivitˆ o allegati con servizi pubblicitari o piattaforme esterne.</Description>
  <Rule RuleId=""rule193"" Effect=""Permit"">
    <Description>Subject=User; Action=access; Resource=project-data; Condition=purpose=task-management, sharing=denied, marketing=denied</Description>
  </Rule>
</Policy>";
194;Banking and payment apps;Necessary permissions;Per Postepay e Isybank, consento esclusivamente le autorizzazioni indispensabili al corretto funzionamento dei servizi. LÕaccesso alla fotocamera  consentito solo per la scansione di documenti, QR code o bonifici istantanei, previa conferma manuale. Non autorizzo lÕuso del microfono, dei contatti o della posizione. LÕaccesso agli SMS  permesso unicamente durante la verifica dei codici OTP per operazioni bancarie.;For Venmo and Chime, I allow only the permissions essential for the proper functioning of the services. Camera access is allowed only for scanning documents, QR codes, or instant transfers, subject to manual confirmation. I do not authorize the use of the microphone, contacts, or location. Access to SMS is permitted only during the verification of OTP codes for banking operations.;GPT-5.1;"<Policy PolicyId=""urn:example:policy:block10:194"" Version=""1.0"">
  <Description>Per Postepay e Isybank, consento esclusivamente le autorizzazioni indispensabili al corretto funzionamento dei servizi. LÕaccesso alla fotocamera  consentito solo per la scansione di documenti, QR code o bonifici istantanei, previa conferma manuale. Non autorizzo lÕuso del microfono, dei contatti o della posizione. LÕaccesso agli SMS  permesso unicamente durante la verifica dei codici OTP per operazioni bancarie.</Description>
  <Rule RuleId=""rule194"" Effect=""Permit"">
    <Description>Subject=User; Action=access; Resource=camera,SMS; Condition=purpose=banking-operations, approval=manual, microphone=denied, contacts=denied, location=denied</Description>
  </Rule>
</Policy>";
195;Banking and payment apps;Controlled access;Per Satispay e PayPal, nego qualsiasi forma di profilazione a fini commerciali o pubblicitari. Autorizzo esclusivamente i dati strettamente necessari allÕesecuzione delle transazioni. Tutte le notifiche sensibili, come quelle relative a movimenti o conferme di pagamento, non devono mostrare importi o dettagli sulla schermata di blocco.;For Zelle and PayPal, I deny any form of profiling for commercial or advertising purposes. I only authorize data strictly necessary for executing transactions. All sensitive notifications, such as those related to movements or payment confirmations, must not show amounts or details on the lock screen.;GPT-5.1;"<Policy PolicyId=""urn:example:policy:block10:195"" Version=""1.0"">
  <Description>Per Satispay e PayPal, nego qualsiasi forma di profilazione a fini commerciali o pubblicitari. Autorizzo esclusivamente i dati strettamente necessari allÕesecuzione delle transazioni. Tutte le notifiche sensibili, come quelle relative a movimenti o conferme di pagamento, non devono mostrare importi o dettagli sulla schermata di blocco.</Description>
  <Rule RuleId=""rule195"" Effect=""Permit"">
    <Description>Subject=User; Action=use; Resource=transaction-data; Condition=purpose=payment-processing, profiling=denied, notifications=private</Description>
  </Rule>
</Policy>";
196;Banking and payment apps;Limited access;Per Apple Pay e Google Wallet, concedo lÕaccesso alla posizione solo durante lÕutilizzo per verificare la compatibilitˆ del servizio con il Paese o lÕesercente. Non consento la memorizzazione o la condivisione dei miei dati biometrici con server esterni. Ogni autorizzazione al pagamento deve essere confermata manualmente tramite autenticazione biometrica o PIN.;For Apple Pay and Google Wallet, I grant location access only during use to verify service compatibility with the country or merchant. I do not allow the storage or sharing of my biometric data with external servers. Every payment authorization must be manually confirmed via biometric authentication or PIN.;GPT-5.1;"<Policy PolicyId=""urn:example:policy:block10:196"" Version=""1.0"">
  <Description>Per Apple Pay e Google Wallet, concedo lÕaccesso alla posizione solo durante lÕutilizzo per verificare la compatibilitˆ del servizio con il Paese o lÕesercente. Non consento la memorizzazione o la condivisione dei miei dati biometrici con server esterni. Ogni autorizzazione al pagamento deve essere confermata manualmente tramite autenticazione biometrica o PIN.</Description>
  <Rule RuleId=""rule196"" Effect=""Permit"">
    <Description>Subject=User; Action=access; Resource=location,biometric-data; Condition=usage=while-in-use, sharing=denied, approval=manual</Description>
  </Rule>
</Policy>";
197;Banking and payment apps;Controlled access;Per app di gestione conti o investimenti, come Revolut o Fineco, vieto lÕaccesso permanente a fotocamera, microfono e rubrica. I dati relativi al mio profilo e alle mie transazioni non possono essere utilizzati per fini di marketing o analisi comportamentali. Richiedo che tutte le connessioni avvengano tramite protocollo cifrato e che non vengano salvate copie locali di documenti sensibili.;For account management or investment apps, like Revolut or Charles Schwab, I prohibit permanent access to the camera, microphone, and address book. Data related to my profile and transactions cannot be used for marketing or behavioral analysis purposes. I require all connections to occur via an encrypted protocol and that no local copies of sensitive documents be saved.;GPT-5.1;"<Policy PolicyId=""urn:example:policy:block10:197"" Version=""1.0"">
  <Description>Per app di gestione conti o investimenti, come Revolut o Fineco, vieto lÕaccesso permanente a fotocamera, microfono e rubrica. I dati relativi al mio profilo e alle mie transazioni non possono essere utilizzati per fini di marketing o analisi comportamentali. Richiedo che tutte le connessioni avvengano tramite protocollo cifrato e che non vengano salvate copie locali di documenti sensibili.</Description>
  <Rule RuleId=""rule197"" Effect=""Permit"">
    <Description>Subject=User; Action=access; Resource=profile-data,transaction-data; Condition=purpose=banking, encryption=required, local-storage=denied, marketing=denied</Description>
  </Rule>
</Policy>";
198;Music and streaming;Limited access;Per le applicazioni di streaming video come Netflix, Prime Video e Apple TV, consento lÕuso dei dati personali solo per migliorare la qualitˆ dello streaming e memorizzare le mie preferenze di visualizzazione. Non autorizzo la raccolta di dati relativi alla mia posizione, nŽ il tracciamento delle abitudini di visione a fini di profilazione pubblicitaria. Tutti i suggerimenti personalizzati devono basarsi esclusivamente sui contenuti che scelgo volontariamente di guardare.;For video streaming applications like Netflix, Prime Video, and Apple TV, I allow the use of personal data only to improve streaming quality and store my viewing preferences. I do not authorize the collection of data related to my location, nor the tracking of viewing habits for advertising profiling purposes. All personalized suggestions must be based exclusively on the content I voluntarily choose to watch.;GPT-5.1;"<Policy PolicyId=""urn:example:policy:block10:198"" Version=""1.0"">
  <Description>Per le applicazioni di streaming video come Netflix, Prime Video e Apple TV, consento lÕuso dei dati personali solo per migliorare la qualitˆ dello streaming e memorizzare le mie preferenze di visualizzazione. Non autorizzo la raccolta di dati relativi alla mia posizione, nŽ il tracciamento delle abitudini di visione a fini di profilazione pubblicitaria. Tutti i suggerimenti personalizzati devono basarsi esclusivamente sui contenuti che scelgo volontariamente di guardare.</Description>
  <Rule RuleId=""rule198"" Effect=""Permit"">
    <Description>Subject=User; Action=use; Resource=personal-data,viewing-data; Condition=purpose=streaming-quality, location=denied, profiling=denied</Description>
  </Rule>
</Policy>";
199;Music and streaming;Access only while in use;Per i servizi di streaming musicale come Spotify, Deezer e Apple Music, consento lÕaccesso al microfono e ai file multimediali soltanto durante lÕutilizzo attivo dellÕapp per il riconoscimento vocale o la riproduzione musicale. Non consento lÕaccesso in background ai dispositivi audio o ai miei file locali. LÕuso dei miei dati di ascolto  limitato al funzionamento interno del servizio, escludendo qualsiasi finalitˆ di marketing o condivisione con terze parti.;For music streaming services like Spotify, Deezer, and Apple Music, I allow access to the microphone and media files only during active use of the app for voice recognition or music playback. I do not allow background access to audio devices or my local files. The use of my listening data is limited to the internal operation of the service, excluding any marketing purposes or sharing with third parties.;GPT-5.1;"<Policy PolicyId=""urn:example:policy:block10:199"" Version=""1.0"">
  <Description>Per i servizi di streaming musicale come Spotify, Deezer e Apple Music, consento lÕaccesso al microfono e ai file multimediali soltanto durante lÕutilizzo attivo dellÕapp per il riconoscimento vocale o la riproduzione musicale. Non consento lÕaccesso in background ai dispositivi audio o ai miei file locali. LÕuso dei miei dati di ascolto  limitato al funzionamento interno del servizio, escludendo qualsiasi finalitˆ di marketing o condivisione con terze parti.</Description>
  <Rule RuleId=""rule199"" Effect=""Permit"">
    <Description>Subject=User; Action=access; Resource=microphone,media-files,listening-data; Condition=usage=while-in-use, background=denied, marketing=denied</Description>
  </Rule>
</Policy>";
200;Music and streaming;Necessary permissions;Per Shazam, autorizzo lÕuso del microfono unicamente durante il riconoscimento dei brani musicali. Non consento lÕaccesso ai contatti, alla posizione o ai file personali. Le informazioni sui brani identificati non possono essere condivise con altre piattaforme o servizi di streaming senza il mio consenso esplicito.;For Shazam, I authorize microphone use solely during music track recognition. I do not allow access to contacts, location, or personal files. Information about identified songs cannot be shared with other platforms or streaming services without my explicit consent.;GPT-5.1;"<Policy PolicyId=""urn:example:policy:block11:200"" Version=""1.0"">
  <Description>Per Shazam, autorizzo lÕuso del microfono unicamente durante il riconoscimento dei brani musicali. Non consento lÕaccesso ai contatti, alla posizione o ai file personali. Le informazioni sui brani identificati non possono essere condivise con altre piattaforme o servizi di streaming senza il mio consenso esplicito.</Description>
  <Rule RuleId=""rule200"" Effect=""Permit"">
    <Description>Subject=User; Action=access; Resource=microphone; Condition=purpose=music-recognition, contacts=denied, location=denied, sharing=explicit-consent</Description>
  </Rule>
</Policy>";
201;Music and streaming;No profiling;Per tutte le app di intrattenimento e contenuti on demand, disattivo le funzioni di personalizzazione basate su cronologia, preferenze o comportamento di utilizzo. I miei dati non devono essere impiegati per la creazione di profili pubblicitari o suggerimenti sponsorizzati. Accetto solo lÕuso dei cookie tecnici indispensabili al funzionamento dei servizi.;For all entertainment and on-demand content apps, I disable personalization functions based on history, preferences, or usage behavior. My data must not be used for creating advertising profiles or sponsored suggestions. I only accept the use of technical cookies essential for the services to function.;GPT-5.1;"<Policy PolicyId=""urn:example:policy:block11:201"" Version=""1.0"">
  <Description>Per tutte le app di intrattenimento e contenuti on demand, disattivo le funzioni di personalizzazione basate su cronologia, preferenze o comportamento di utilizzo. I miei dati non devono essere impiegati per la creazione di profili pubblicitari o suggerimenti sponsorizzati. Accetto solo lÕuso dei cookie tecnici indispensabili al funzionamento dei servizi.</Description>
  <Rule RuleId=""rule201"" Effect=""Permit"">
    <Description>Subject=User; Action=use; Resource=personal-data; Condition=profiling=denied, personalization=disabled, cookies=technical-only</Description>
  </Rule>
</Policy>";
202;Cloud and productivity;Controlled access;Per le applicazioni di archiviazione come Google Drive, Dropbox e OneDrive, autorizzo lÕaccesso ai miei file esclusivamente per le operazioni di caricamento, visualizzazione e sincronizzazione da me avviate. Non consento lÕaccesso automatico in background nŽ la scansione dei file a fini di profilazione. Qualsiasi condivisione di documenti o cartelle deve essere approvata manualmente, caso per caso.;For storage applications like Google Drive, Dropbox, and OneDrive, I authorize access to my files exclusively for upload, view, and sync operations initiated by me. I do not allow automatic background access or file scanning for profiling purposes. Any sharing of documents or folders must be manually approved, case by case.;GPT-5.1;"<Policy PolicyId=""urn:example:policy:block11:202"" Version=""1.0"">
  <Description>Per le applicazioni di archiviazione come Google Drive, Dropbox e OneDrive, autorizzo lÕaccesso ai miei file esclusivamente per le operazioni di caricamento, visualizzazione e sincronizzazione da me avviate. Non consento lÕaccesso automatico in background nŽ la scansione dei file a fini di profilazione. Qualsiasi condivisione di documenti o cartelle deve essere approvata manualmente, caso per caso.</Description>
  <Rule RuleId=""rule202"" Effect=""Permit"">
    <Description>Subject=User; Action=access; Resource=files; Condition=usage=manual, background=denied, profiling=denied, sharing=manual-approval</Description>
  </Rule>
</Policy>";
203;Cloud and productivity;Necessary permissions;Per gli strumenti di lavoro collaborativo come Microsoft Teams, Slack e Zoom, consento lÕutilizzo del microfono e della fotocamera solo durante riunioni o chiamate che avvio o accetto esplicitamente. Non autorizzo lÕaccesso in background nŽ la registrazione automatica di audio o video. LÕaccesso ai contatti aziendali  consentito unicamente per la gestione della rubrica interna.;For collaborative work tools like Microsoft Teams, Slack, and Zoom, I allow the use of the microphone and camera only during meetings or calls that I explicitly start or accept. I do not authorize background access or automatic recording of audio or video. Access to business contacts is allowed solely for managing the internal address book.;GPT-5.1;"<Policy PolicyId=""urn:example:policy:block11:203"" Version=""1.0"">
  <Description>Per gli strumenti di lavoro collaborativo come Microsoft Teams, Slack e Zoom, consento lÕutilizzo del microfono e della fotocamera solo durante riunioni o chiamate che avvio o accetto esplicitamente. Non autorizzo lÕaccesso in background nŽ la registrazione automatica di audio o video. LÕaccesso ai contatti aziendali  consentito unicamente per la gestione della rubrica interna.</Description>
  <Rule RuleId=""rule203"" Effect=""Permit"">
    <Description>Subject=User; Action=access; Resource=microphone,camera,contacts; Condition=usage=while-in-use, recording=denied, background=denied</Description>
  </Rule>
</Policy>";
204;Cloud and productivity;No background access;Per le piattaforme di note e gestione attivitˆ come Notion, Evernote e Trello, disattivo la sincronizzazione automatica dei dati in background per evitare trasferimenti non necessari di informazioni sensibili. Consento la sincronizzazione soltanto quando decido di aggiornare manualmente i miei progetti o appunti. Non autorizzo la condivisione dei miei contenuti con terze parti o sistemi di analisi.;For note-taking and task management platforms like Notion, Evernote, and Trello, I disable automatic background data synchronization to prevent unnecessary transfers of sensitive information. I allow synchronization only when I decide to manually update my projects or notes. I do not authorize the sharing of my content with third parties or analysis systems.;GPT-5.1;"<Policy PolicyId=""urn:example:policy:block11:204"" Version=""1.0"">
  <Description>Per le piattaforme di note e gestione attivitˆ come Notion, Evernote e Trello, disattivo la sincronizzazione automatica dei dati in background per evitare trasferimenti non necessari di informazioni sensibili. Consento la sincronizzazione soltanto quando decido di aggiornare manualmente i miei progetti o appunti. Non autorizzo la condivisione dei miei contenuti con terze parti o sistemi di analisi.</Description>
  <Rule RuleId=""rule204"" Effect=""Permit"">
    <Description>Subject=User; Action=sync; Resource=notes,projects; Condition=sync=manual, background=denied, sharing=denied, analytics=denied</Description>
  </Rule>
</Policy>";
205;Cloud and productivity;Controlled access;Per i servizi cloud integrati nel dispositivo, limito lÕuso dei dati biometrici e dei documenti archiviati. Non consento backup automatici di password o dati sensibili senza crittografia end-to-end. Ogni tentativo di accesso ai miei file da parte di app di terze parti deve essere soggetto a doppia conferma, con notifica in tempo reale.;For cloud services integrated into the device, I limit the use of biometric data and stored documents. I do not allow automatic backups of passwords or sensitive data without end-to-end encryption. Any attempt to access my files by third-party apps must be subject to double confirmation, with real-time notification.;GPT-5.1;"<Policy PolicyId=""urn:example:policy:block11:205"" Version=""1.0"">
  <Description>Per i servizi cloud integrati nel dispositivo, limito lÕuso dei dati biometrici e dei documenti archiviati. Non consento backup automatici di password o dati sensibili senza crittografia end-to-end. Ogni tentativo di accesso ai miei file da parte di app di terze parti deve essere soggetto a doppia conferma, con notifica in tempo reale.</Description>
  <Rule RuleId=""rule205"" Effect=""Permit"">
    <Description>Subject=User; Action=access; Resource=biometric-data,files; Condition=backup=encrypted-only, approval=double-confirmation, third-party=restricted</Description>
  </Rule>
</Policy>";
206;Cloud and productivity;Data collection limitation;Per tutte le applicazioni che gestiscono documenti, progetti o archivi, richiedo che i miei dati vengano conservati solo per il tempo necessario al funzionamento del servizio. Non autorizzo la creazione di copie temporanee o cache permanenti. Tutte le operazioni di sincronizzazione devono rispettare i principi di minimizzazione e limitazione del trattamento secondo le linee guida GDPR.;For all applications that manage documents, projects, or archives, I require that my data be stored only for the time necessary for the service to function. I do not authorize the creation of temporary copies or permanent caches. All synchronization operations must respect the principles of minimization and processing limitation according to GDPR guidelines.;GPT-5.1;"<Policy PolicyId=""urn:example:policy:block11:206"" Version=""1.0"">
  <Description>Per tutte le applicazioni che gestiscono documenti, progetti o archivi, richiedo che i miei dati vengano conservati solo per il tempo necessario al funzionamento del servizio. Non autorizzo la creazione di copie temporanee o cache permanenti. Tutte le operazioni di sincronizzazione devono rispettare i principi di minimizzazione e limitazione del trattamento secondo le linee guida GDPR.</Description>
  <Rule RuleId=""rule206"" Effect=""Permit"">
    <Description>Subject=User; Action=store; Resource=documents,archives; Condition=retention=limited, cache=denied, compliance=GDPR</Description>
  </Rule>
</Policy>";
207;Online shopping;Limited access;Per Amazon, Temu e Aliexpress, autorizzo lÕaccesso ai dati personali esclusivamente per finalitˆ di gestione degli ordini, come indirizzo di consegna, cronologia acquisti e preferenze di pagamento. Non autorizzo la raccolta di informazioni a fini di profilazione pubblicitaria o marketing personalizzato. Qualsiasi attivitˆ promozionale basata sui miei dati deve richiedere approvazione esplicita.;For Amazon, Temu, and Aliexpress, I authorize access to personal data exclusively for order management purposes, such as delivery address, purchase history, and payment preferences. I do not authorize the collection of information for advertising profiling or personalized marketing. Any promotional activity based on my data must require explicit approval.;GPT-5.1;"<Policy PolicyId=""urn:example:policy:block11:207"" Version=""1.0"">
  <Description>Per Amazon, Temu e Aliexpress, autorizzo lÕaccesso ai dati personali esclusivamente per finalitˆ di gestione degli ordini, come indirizzo di consegna, cronologia acquisti e preferenze di pagamento. Non autorizzo la raccolta di informazioni a fini di profilazione pubblicitaria o marketing personalizzato. Qualsiasi attivitˆ promozionale basata sui miei dati deve richiedere approvazione esplicita.</Description>
  <Rule RuleId=""rule207"" Effect=""Permit"">
    <Description>Subject=User; Action=use; Resource=personal-data; Condition=purpose=order-management, profiling=denied, marketing=explicit-consent</Description>
  </Rule>
</Policy>";
208;Online shopping;Access only while in use;Per Shein e piattaforme di moda simili, concedo lÕaccesso a foto e galleria solo quando desidero caricare immagini per personalizzare prodotti o inviare resi. Non autorizzo la lettura automatica di altri file o documenti presenti sul dispositivo. LÕaccesso ai dati di geolocalizzazione  consentito solo durante lÕuso attivo dellÕapp per visualizzare disponibilitˆ o negozi vicini.;For Shein and similar fashion platforms, I grant access to photos and gallery only when I want to upload images to customize products or send returns. I do not authorize the automatic reading of other files or documents on the device. Access to geolocation data is allowed only during active use of the app to view availability or nearby stores.;GPT-5.1;"<Policy PolicyId=""urn:example:policy:block11:208"" Version=""1.0"">
  <Description>Per Shein e piattaforme di moda simili, concedo lÕaccesso a foto e galleria solo quando desidero caricare immagini per personalizzare prodotti o inviare resi. Non autorizzo la lettura automatica di altri file o documenti presenti sul dispositivo. LÕaccesso ai dati di geolocalizzazione  consentito solo durante lÕuso attivo dellÕapp per visualizzare disponibilitˆ o negozi vicini.</Description>
  <Rule RuleId=""rule208"" Effect=""Permit"">
    <Description>Subject=User; Action=access; Resource=photos,gallery,location; Condition=usage=while-in-use, background=denied, auto-read=denied</Description>
  </Rule>
</Policy>";
209;Online shopping;Ask every time;Per tutte le app di e-commerce che offrono integrazioni con social o servizi di pagamento, voglio essere avvisato ogni volta che si tenta di sincronizzare contatti, rubrica o dati di navigazione. La connessione a servizi esterni deve essere approvata manualmente e pu˜ essere revocata in qualsiasi momento.;For all e-commerce apps that offer integrations with social or payment services, I want to be notified every time an attempt is made to synchronize contacts, address book, or browsing data. Connection to external services must be manually approved and can be revoked at any time.;GPT-5.1;"<Policy PolicyId=""urn:example:policy:block11:209"" Version=""1.0"">
  <Description>Per tutte le app di e-commerce che offrono integrazioni con social o servizi di pagamento, voglio essere avvisato ogni volta che si tenta di sincronizzare contatti, rubrica o dati di navigazione. La connessione a servizi esterni deve essere approvata manualmente e pu˜ essere revocata in qualsiasi momento.</Description>
  <Rule RuleId=""rule209"" Effect=""Permit"">
    <Description>Subject=User; Action=connect; Resource=social-accounts,payment-services; Condition=authorization=manual, revocation=available, auto-sync=denied</Description>
  </Rule>
</Policy>";
210;Online shopping;No profiling;Per tutte le applicazioni di acquisto online, disattivo le funzioni di tracking automatico e gli strumenti di marketing basati sul comportamento di navigazione. Accetto solo lÕuso dei dati strettamente necessari per completare ordini, gestire resi e garantire la sicurezza dei pagamenti.;For all online shopping applications, I disable automatic tracking functions and marketing tools based on browsing behavior. I only accept the use of data strictly necessary to complete orders, manage returns, and ensure payment security.;GPT-5.1;"<Policy PolicyId=""urn:example:policy:block11:210"" Version=""1.0"">
  <Description>Per tutte le applicazioni di acquisto online, disattivo le funzioni di tracking automatico e gli strumenti di marketing basati sul comportamento di navigazione. Accetto solo lÕuso dei dati strettamente necessari per completare ordini, gestire resi e garantire la sicurezza dei pagamenti.</Description>
  <Rule RuleId=""rule210"" Effect=""Permit"">
    <Description>Subject=User; Action=use; Resource=personal-data; Condition=purpose=order-processing, tracking=denied, marketing=denied</Description>
  </Rule>
</Policy>";
211;Geolocation and navigation;Access only while in use;Per Google Maps, Moovit e Waze, autorizzo la condivisione della mia posizione esclusivamente durante lÕutilizzo attivo dellÕapp per la navigazione o la pianificazione dei percorsi. Non autorizzo il tracciamento in background nŽ lÕuso dei dati di geolocalizzazione per pubblicitˆ o analisi esterne.;For Google Maps, Moovit, and Waze, I authorize the sharing of my location exclusively during the active use of the app for navigation or route planning. I do not authorize background tracking or the use of geolocation data for advertising or external analysis.;GPT-5.1;"<Policy PolicyId=""urn:example:policy:block11:211"" Version=""1.0"">
  <Description>Per Google Maps, Moovit e Waze, autorizzo la condivisione della mia posizione esclusivamente durante lÕutilizzo attivo dellÕapp per la navigazione o la pianificazione dei percorsi. Non autorizzo il tracciamento in background nŽ lÕuso dei dati di geolocalizzazione per pubblicitˆ o analisi esterne.</Description>
  <Rule RuleId=""rule211"" Effect=""Permit"">
    <Description>Subject=User; Action=share; Resource=location; Condition=usage=while-in-use, background=denied, marketing=denied</Description>
  </Rule>
</Policy>";
212;Transport and mobility;Limited access;Per Trenitalia e Italo, concedo lÕaccesso al calendario solo per lÕinserimento dei biglietti acquistati e allÕorario delle tratte. LÕaccesso alla posizione  negato in background e ogni informazione relativa ai miei viaggi non deve essere utilizzata per campagne di marketing senza mia approvazione esplicita.;For Amtrak, I grant calendar access only for inserting purchased tickets and route schedules. Location access is denied in the background, and all information related to my travels must not be used for marketing campaigns without my explicit approval.;GPT-5.1;"<Policy PolicyId=""urn:example:policy:block11:212"" Version=""1.0"">
  <Description>Per Trenitalia e Italo, concedo lÕaccesso al calendario solo per lÕinserimento dei biglietti acquistati e allÕorario delle tratte. LÕaccesso alla posizione  negato in background e ogni informazione relativa ai miei viaggi non deve essere utilizzata per campagne di marketing senza mia approvazione esplicita.</Description>
  <Rule RuleId=""rule212"" Effect=""Permit"">
    <Description>Subject=User; Action=access; Resource=calendar,travel-data; Condition=background=denied, marketing=explicit-consent</Description>
  </Rule>
</Policy>";
213;Transport and mobility;Ask every time;Per app di car sharing o ride sharing come Uber e Lyft, voglio ricevere sempre una richiesta di autorizzazione prima che lÕapp acceda alla mia posizione, anche durante lÕuso attivo. LÕaccesso deve avvenire solo per il tempo strettamente necessario alla prenotazione e al completamento del viaggio.;For car-sharing or ride-sharing apps like Uber and Lyft, I always want to receive an authorization request before the app accesses my location, even during active use. Access must only occur for the time strictly necessary to book and complete the trip.;GPT-5.1;"<Policy PolicyId=""urn:example:policy:block11:213"" Version=""1.0"">
  <Description>Per app di car sharing o ride sharing come Uber e Lyft, voglio ricevere sempre una richiesta di autorizzazione prima che lÕapp acceda alla mia posizione, anche durante lÕuso attivo. LÕaccesso deve avvenire solo per il tempo strettamente necessario alla prenotazione e al completamento del viaggio.</Description>
  <Rule RuleId=""rule213"" Effect=""Permit"">
    <Description>Subject=User; Action=access; Resource=location; Condition=authorization=manual, duration=limited, background=denied</Description>
  </Rule>
</Policy>";
214;Transport and mobility;No background access;Per tutte le app di mobilitˆ urbana, disattivo qualsiasi raccolta di dati di geolocalizzazione quando lÕapp non  attiva. Ogni funzione basata sulla posizione deve richiedere attivazione manuale, come notifiche di traffico, offerte di trasporto o suggerimenti di percorsi alternativi.;For all urban mobility apps, I disable any collection of geolocation data when the app is not active. Every location-based function must require manual activation, such as traffic notifications, transport offers, or alternative route suggestions.;GPT-5.1;"<Policy PolicyId=""urn:example:policy:block11:214"" Version=""1.0"">
  <Description>Per tutte le app di mobilitˆ urbana, disattivo qualsiasi raccolta di dati di geolocalizzazione quando lÕapp non  attiva. Ogni funzione basata sulla posizione deve richiedere attivazione manuale, come notifiche di traffico, offerte di trasporto o suggerimenti di percorsi alternativi.</Description>
  <Rule RuleId=""rule214"" Effect=""Permit"">
    <Description>Subject=User; Action=collect; Resource=location-data; Condition=background=denied, activation=manual, marketing=denied</Description>
  </Rule>
</Policy>";
215;Weather services;Access only while in use;Per Meteo.it, The Weather Channel e AccuWeather, autorizzo lÕaccesso alla mia posizione esclusivamente quando sto utilizzando lÕapp per consultare le previsioni o pianificare itinerari. Non autorizzo alcun tracciamento in background e nessun utilizzo dei dati di geolocalizzazione a fini pubblicitari.;For The Weather Channel and AccuWeather, I authorize access to my location exclusively when I am using the app to check forecasts or plan routes. I do not authorize any background tracking and no use of geolocation data for advertising purposes.;GPT-5.1;"<Policy PolicyId=""urn:example:policy:block11:215"" Version=""1.0"">
  <Description>Per Meteo.it, The Weather Channel e AccuWeather, autorizzo lÕaccesso alla mia posizione esclusivamente quando sto utilizzando lÕapp per consultare le previsioni o pianificare itinerari. Non autorizzo alcun tracciamento in background e nessun utilizzo dei dati di geolocalizzazione a fini pubblicitari.</Description>
  <Rule RuleId=""rule215"" Effect=""Permit"">
    <Description>Subject=User; Action=access; Resource=location; Condition=usage=while-in-use, background=denied, marketing=denied</Description>
  </Rule>
</Policy>";
216;Weather services;Ask every time;Per le app meteo che richiedono dati aggiuntivi come cronologia ricerche o rilevamento di luoghi preferiti, voglio ricevere sempre una richiesta di autorizzazione prima che i dati vengano utilizzati. Ogni informazione relativa a posizioni salvate o itinerari deve essere condivisa solo dopo mia approvazione manuale.;For weather apps that require additional data such as search history or detection of favorite places, I always want to receive an authorization request before the data is used. All information related to saved locations or routes must be shared only after my manual approval.;GPT-5.1;"<Policy PolicyId=""urn:example:policy:block11:216"" Version=""1.0"">
  <Description>Per le app meteo che richiedono dati aggiuntivi come cronologia ricerche o rilevamento di luoghi preferiti, voglio ricevere sempre una richiesta di autorizzazione prima che i dati vengano utilizzati. Ogni informazione relativa a posizioni salvate o itinerari deve essere condivisa solo dopo mia approvazione manuale.</Description>
  <Rule RuleId=""rule216"" Effect=""Permit"">
    <Description>Subject=User; Action=use; Resource=search-history,location; Condition=authorization=manual, sharing=manual-approval</Description>
  </Rule>
</Policy>";
217;Weather services;Data collection limitation;Per tutte le app meteo, nego la condivisione dei dati raccolti con piattaforme di marketing o terze parti. Consento solo lÕuso dei dati strettamente necessari per fornire previsioni locali e notifiche meteo personalizzate quando io lo richiedo.;For all weather apps, I deny the sharing of collected data with marketing platforms or third parties. I only allow the use of data strictly necessary to provide local forecasts and personalized weather notifications when I request them.;GPT-5.1;"<Policy PolicyId=""urn:example:policy:block11:217"" Version=""1.0"">
  <Description>Per tutte le app meteo, nego la condivisione dei dati raccolti con piattaforme di marketing o terze parti. Consento solo lÕuso dei dati strettamente necessari per fornire previsioni locali e notifiche meteo personalizzate quando io lo richiedo.</Description>
  <Rule RuleId=""rule217"" Effect=""Permit"">
    <Description>Subject=User; Action=use; Resource=weather-data; Condition=purpose=forecast, third-party=denied, marketing=denied</Description>
  </Rule>
</Policy>";
218;Weather services;No background access;Disattivo completamente la raccolta di dati di posizione o altre informazioni personali da parte delle app meteo quando non sono in uso. Tutti i sensori, incluse notifiche push basate sulla posizione, devono essere attivati manualmente dallÕutente per garantire piena tutela della privacy.;I completely disable the collection of location data or other personal information by weather apps when they are not in use. All sensors, including location-based push notifications, must be manually activated by the user to ensure full privacy protection.;GPT-5.1;"<Policy PolicyId=""urn:example:policy:block11:218"" Version=""1.0"">
  <Description>Disattivo completamente la raccolta di dati di posizione o altre informazioni personali da parte delle app meteo quando non sono in uso. Tutti i sensori, incluse notifiche push basate sulla posizione, devono essere attivati manualmente dallÕutente per garantire piena tutela della privacy.</Description>
  <Rule RuleId=""rule218"" Effect=""Permit"">
    <Description>Subject=User; Action=collect; Resource=location,personal-data; Condition=background=denied, activation=manual</Description>
  </Rule>
</Policy>";
219;Fitness and health;Access only while in use;Per app di fitness come Nike Training Club e Strava, autorizzo lÕaccesso a sensori di movimento e GPS solo durante le sessioni di allenamento attive. Non autorizzo il tracciamento in background e non desidero che i miei dati di attivitˆ vengano utilizzati per pubblicitˆ o analisi esterne.;For fitness apps like Nike Training Club and Strava, I authorize access to motion sensors and GPS only during active workout sessions. I do not authorize background tracking and do not want my activity data to be used for advertising or external analysis.;GPT-5.1;"<Policy PolicyId=""urn:example:policy:block11:219"" Version=""1.0"">
  <Description>Per app di fitness come Nike Training Club e Strava, autorizzo lÕaccesso a sensori di movimento e GPS solo durante le sessioni di allenamento attive. Non autorizzo il tracciamento in background e non desidero che i miei dati di attivitˆ vengano utilizzati per pubblicitˆ o analisi esterne.</Description>
  <Rule RuleId=""rule219"" Effect=""Permit"">
    <Description>Subject=User; Action=access; Resource=motion-sensors,GPS; Condition=usage=while-in-use, background=denied, marketing=denied</Description>
  </Rule>
</Policy>";
220;Fitness and health;Ask every time;Per app di monitoraggio della salute come MyFitnessPal o Lifesum, voglio essere avvisato ogni volta che lÕapp tenta di leggere dati sensibili come peso, calorie consumate o metriche personali. Ogni accesso deve essere autorizzato manualmente per garantire il pieno controllo dei miei dati.;For health monitoring apps like MyFitnessPal or Lifesum, I want to be notified every time the app attempts to read sensitive data such as weight, calories consumed, or personal metrics. All access must be manually authorized to ensure full control of my data.;GPT-5.1;"<Policy PolicyId=""urn:example:policy:block11:220"" Version=""1.0"">
  <Description>Per app di monitoraggio della salute come MyFitnessPal o Lifesum, voglio essere avvisato ogni volta che lÕapp tenta di leggere dati sensibili come peso, calorie consumate o metriche personali. Ogni accesso deve essere autorizzato manualmente per garantire il pieno controllo dei miei dati.</Description>
  <Rule RuleId=""rule220"" Effect=""Permit"">
    <Description>Subject=User; Action=read; Resource=health-data; Condition=authorization=manual, sensitivity=high</Description>
  </Rule>
</Policy>";
221;Fitness and health;Limited access;Per app di meditazione e benessere come Headspace o Calm, autorizzo solo la condivisione di progressi o sessioni interne allÕapp, mentre nego lÕinvio di informazioni a terze parti o a piattaforme pubblicitarie. Tutti i dati devono rimanere strettamente confidenziali e utilizzati esclusivamente per la mia esperienza personale nellÕapp.;For meditation and wellness apps like Headspace or Calm, I only authorize the sharing of progress or sessions within the app, while I deny sending information to third parties or advertising platforms. All data must remain strictly confidential and used exclusively for my personal experience in the app.;GPT-5.1;"<Policy PolicyId=""urn:example:policy:block11:221"" Version=""1.0"">
  <Description>Per app di meditazione e benessere come Headspace o Calm, autorizzo solo la condivisione di progressi o sessioni interne allÕapp, mentre nego lÕinvio di informazioni a terze parti o a piattaforme pubblicitarie. Tutti i dati devono rimanere strettamente confidenziali e utilizzati esclusivamente per la mia esperienza personale nellÕapp.</Description>
  <Rule RuleId=""rule221"" Effect=""Permit"">
    <Description>Subject=User; Action=share; Resource=session-data; Condition=purpose=internal-use-only, third-party=denied, marketing=denied</Description>
  </Rule>
</Policy>";
222;Fitness and health;No background access;Per dispositivi o app che monitorano parametri vitali, come Apple Health o Google Fit, disattivo ogni rilevamento automatico in background. Tutte le rilevazioni devono essere avviate manualmente, e nessun dato deve essere trasmesso a servizi esterni senza mia approvazione.;For devices or apps that monitor vital parameters, like Apple Health or Google Fit, I disable all automatic background detection. All readings must be initiated manually, and no data must be transmitted to external services without my approval.;GPT-5.1;"<Policy PolicyId=""urn:example:policy:block11:222"" Version=""1.0"">
  <Description>Per dispositivi o app che monitorano parametri vitali, come Apple Health o Google Fit, disattivo ogni rilevamento automatico in background. Tutte le rilevazioni devono essere avviate manualmente, e nessun dato deve essere trasmesso a servizi esterni senza mia approvazione.</Description>
  <Rule RuleId=""rule222"" Effect=""Permit"">
    <Description>Subject=User; Action=collect; Resource=vital-signs; Condition=background=denied, activation=manual, sharing=explicit-consent</Description>
  </Rule>
</Policy>";
223;Fitness and health;Necessary permissions;Per app che gestiscono farmaci o promemoria medici, come Medisafe, concedo lÕaccesso solo alle notifiche e ai promemoria interni. Non autorizzo lÕaccesso a microfono, fotocamera, contatti o geolocalizzazione. Ogni condivisione di dati con medici o farmacie deve avvenire solo tramite mia esplicita autorizzazione.;For apps that manage medications or medical reminders, like Medisafe, I grant access only to notifications and internal reminders. I do not authorize access to the microphone, camera, contacts, or geolocation. Any sharing of data with doctors or pharmacies must only occur with my explicit authorization.;GPT-5.1;"<Policy PolicyId=""urn:example:policy:block11:223"" Version=""1.0"">
  <Description>Per app che gestiscono farmaci o promemoria medici, come Medisafe, concedo lÕaccesso solo alle notifiche e ai promemoria interni. Non autorizzo lÕaccesso a microfono, fotocamera, contatti o geolocalizzazione. Ogni condivisione di dati con medici o farmacie deve avvenire solo tramite mia esplicita autorizzazione.</Description>
  <Rule RuleId=""rule223"" Effect=""Permit"">
    <Description>Subject=User; Action=access; Resource=notifications,reminders; Condition=microphone=denied, camera=denied, contacts=denied, location=denied, sharing=explicit-consent</Description>
  </Rule>
</Policy>";
224;Social media and entertainment;No access;"Utilizzo Facebook, Pinterest e X (Twitter) in una ""modalitˆ fantasma"" di sola consultazione. Nego a queste app l'accesso a qualsiasi dato o sensore del dispositivo: fotocamera, microfono, posizione e contatti sono permanentemente bloccati. Per evitare il tracciamento, ho disabilitato il loro browser interno; ogni link esterno viene forzatamente aperto nel mio browser predefinito, dove ho estensioni di privacy attive. La mia interazione  quella di un lettore, non di un creatore di dati.";"I use Facebook, Pinterest, and X (Twitter) in a read-only ""ghost mode."" I deny these apps access to any device data or sensors: camera, microphone, location, and contacts are permanently blocked. To avoid tracking, I have disabled their internal browser; all external links are forcibly opened in my default browser, where I have active privacy extensions. My interaction is that of a reader, not a data creator.";GEMINI 2.5;"<Policy PolicyId=""urn:xacml:policy:224:SocialGhostMode"" Version=""1.0"" RuleCombiningAlgId=""urn:oasis:names:tc:xacml:1.0:rule-combining-algorithm:deny-overrides"">
  <Description>Politica di sola consultazione (modalitˆ fantasma) per Facebook, Pinterest, X.</Description>
  <Target>
    <Subjects>
      <Subject>
        <Match MatchId=""urn:oasis:names:tc:xacml:1.0:function:string-equal"">
          <AttributeValue DataType=""http://www.w3.org/2001/XMLSchema#string"">Facebook</AttributeValue>
          <SubjectAttributeDesignator AttributeId=""urn:oasis:names:tc:xacml:1.0:subject:subject-id"" DataType=""http://www.w3.org/2001/XMLSchema#string""/>
        </Match>
        <Match MatchId=""urn:oasis:names:tc:xacml:1.0:function:string-equal"">
          <AttributeValue DataType=""http://www.w3.org/2001/XMLSchema#string"">Pinterest</AttributeValue>
          <SubjectAttributeDesignator AttributeId=""urn:oasis:names:tc:xacml:1.0:subject:subject-id"" DataType=""http://www.w3.org/2001/XMLSchema#string""/>
        </Match>
        <Match MatchId=""urn:oasis:names:tc:xacml:1.0:function:string-equal"">
          <AttributeValue DataType=""http://www.w3.org/2001/XMLSchema#string"">X-Twitter</AttributeValue>
          <SubjectAttributeDesignator AttributeId=""urn:oasis:names:tc:xacml:1.0:subject:subject-id"" DataType=""http://www.w3.org/2001/XMLSchema#string""/>
        </Match>
      </Subjects>
    </Target>
  </Target>

  <Rule RuleId=""urn:xacml:rule:224:DenyAllSensors"" Effect=""Deny"">
    <Target>
      <Resources>
        <AnyOf>
          <AllOf>
            <Match MatchId=""urn:oasis:names:tc:xacml:1.0:function:string-equal"">
              <AttributeValue DataType=""http://www.w3.org/2001/XMLSchema#string"">Device.Camera</AttributeValue>
              <ResourceAttributeDesignator AttributeId=""urn:xacml:device:attribute:resource-type"" DataType=""http://www.w3.org/2001/XMLSchema#string""/>
            </Match>
          </AllOf>
          <AllOf>
            <Match MatchId=""urn:oasis:names:tc:xacml:1.0:function:string-equal"">
              <AttributeValue DataType=""http://www.w3.org/2001/XMLSchema#string"">Device.Microphone</AttributeValue>
              <ResourceAttributeDesignator AttributeId=""urn:xacml:device:attribute:resource-type"" DataType=""http://www.w3.org/2001/XMLSchema#string""/>
            </Match>
          </AllOf>
          <AllOf>
            <Match MatchId=""urn:oasis:names:tc:xacml:1.0:function:string-equal"">
              <AttributeValue DataType=""http://www.w3.org/2001/XMLSchema#string"">Location.Any</AttributeValue>
              <ResourceAttributeDesignator AttributeId=""urn:xacml:location:attribute:resource-type"" DataType=""http://www.w3.org/2001/XMLSchema#string""/>
            </Match>
          </AllOf>
          <AllOf>
            <Match MatchId=""urn:oasis:names:tc:xacml:1.0:function:string-equal"">
              <AttributeValue DataType=""http://www.w3.org/2001/XMLSchema#string"">User.ContactBook</AttributeValue>
              <ResourceAttributeDesignator AttributeId=""urn:xacml:data:attribute:resource-type"" DataType=""http://www.w3.org/2001/XMLSchema#string""/>
            </Match>
          </AllOf>
        </AnyOf>
      </Resources>
    </Target>
  </Rule>

  <Rule RuleId=""urn:xacml:rule:224:DenyInAppBrowser"" Effect=""Deny"">
    <Target>
      <Actions>
        <Action>
          <Match MatchId=""urn:oasis:names:tc:xacml:1.0:function:string-equal"">
            <AttributeValue DataType=""http://www.w3.org/2001/XMLSchema#string"">open_external_link</AttributeValue>
            <ActionAttributeDesignator AttributeId=""urn:xacml:1.0:action:action-id"" DataType=""http://www.w3.org/2001/XMLSchema#string""/>
          </Match>
        </Action>
      </Actions>
    </Target>
    <Condition>
      <Apply FunctionId=""urn:oasis:names:tc:xacml:1.0:function:string-equal"">
        <AttributeValue DataType=""http://www.w3.org/2001/XMLSchema#string"">InAppBrowser</AttributeValue>
        <AttributeDesignator AttributeId=""urn:xacml:context:attribute:browser-target"" Category=""urn:oasis:names:tc:xacml:3.0:attribute-category:environment"" DataType=""http://www.w3.org/2001/XMLSchema#string""/>
      </Apply>
    </Condition>
    <ObligationExpressions>
      <ObligationExpression ObligationId=""urn:xacml:obligation:action:use-system-browser"" FulfillOn=""Deny"">
        <AttributeAssignmentExpression AttributeId=""urn:xacml:attribute:target-browser"">
          <AttributeValue DataType=""http://www.w3.org/2001/XMLSchema#string"">SystemDefaultWithPrivacy</AttributeValue>
        </AttributeAssignmentExpression>
      </ObligationExpression>
    </ObligationExpressions>
  </Rule>
  
  <Rule RuleId=""urn:xacml:rule:224:DefaultDeny"" Effect=""Deny""/>
</Policy>";
225;Utilities and tools;Limited access;Tratto le app di utility come strumenti temporanei da un cassetto degli attrezzi digitale. Per app come Adobe Scan o editor video occasionali come CapCut, autorizzo l'accesso a fotocamera e file solo per la durata della sessione di lavoro. Una volta che il documento o il video finale  stato esportato e salvato altrove, revoco manualmente tutti i permessi, cancello i dati dell'app e la cache, e talvolta disinstallo l'app stessa fino al prossimo utilizzo.;I treat utility apps like temporary tools from a digital toolbox. For apps like Adobe Scan or occasional video editors like CapCut, I authorize access to the camera and files only for the duration of the work session. Once the final document or video has been exported and saved elsewhere, I manually revoke all permissions, clear the app data and cache, and sometimes uninstall the app itself until the next use.;GEMINI 2.5;"<Policy PolicyId=""urn:xacml:policy:225:UtilityTemporaryAccess"" Version=""1.0"" RuleCombiningAlgId=""urn:oasis:names:tc:xacml:1.0:rule-combining-algorithm:deny-overrides"">
  <Description>Politica di accesso temporaneo per app di utility (Adobe Scan, CapCut).</Description>
  <Target>
    <Subjects>
      <Subject>
        <Match MatchId=""urn:oasis:names:tc:xacml:1.0:function:string-equal"">
          <AttributeValue DataType=""http://www.w3.org/2001/XMLSchema#string"">AdobeScan</AttributeValue>
          <SubjectAttributeDesignator AttributeId=""urn:oasis:names:tc:xacml:1.0:subject:subject-id"" DataType=""http://www.w3.org/2001/XMLSchema#string""/>
        </Match>
        <Match MatchId=""urn:oasis:names:tc:xacml:1.0:function:string-equal"">
          <AttributeValue DataType=""http://www.w3.org/2001/XMLSchema#string"">CapCut</AttributeValue>
          <SubjectAttributeDesignator AttributeId=""urn:oasis:names:tc:xacml:1.0:subject:subject-id"" DataType=""http://www.w3.org/2001/XMLSchema#string""/>
        </Match>
      </Subjects>
    </Target>
  </Target>

  <Rule RuleId=""urn:xacml:rule:225:PermitAccessDuringSession"" Effect=""Permit"">
    <Target>
      <Resources>
        <AnyOf>
          <AllOf>
            <Match MatchId=""urn:oasis:names:tc:xacml:1.0:function:string-equal"">
              <AttributeValue DataType=""http://www.w3.org/2001/XMLSchema#string"">Device.Camera</AttributeValue>
              <ResourceAttributeDesignator AttributeId=""urn:xacml:device:attribute:resource-type"" DataType=""http://www.w3.org/2001/XMLSchema#string""/>
            </Match>
          </AllOf>
          <AllOf>
            <Match MatchId=""urn:oasis:names:tc:xacml:1.0:function:string-equal"">
              <AttributeValue DataType=""http://www.w3.org/2001/XMLSchema#string"">Device.Storage.Files</AttributeValue>
              <ResourceAttributeDesignator AttributeId=""urn:xacml:device:attribute:resource-type"" DataType=""http://www.w3.org/2001/XMLSchema#string""/>
            </Match>
          </AllOf>
        </AnyOf>
      </Resources>
    </Target>
    <Condition>
      <Apply FunctionId=""urn:oasis:names:tc:xacml:1.0:function:string-equal"">
        <AttributeValue DataType=""http://www.w3.org/2001/XMLSchema#string"">ActiveWorkSession</AttributeValue>
        <AttributeDesignator AttributeId=""urn:xacml:context:attribute:app-status"" Category=""urn:oasis:names:tc:xacml:3.0:attribute-category:environment"" DataType=""http://www.w3.org/2001/XMLSchema#string""/>
      </Apply>
    </Condition>
    <AdviceExpressions>
      <AdviceExpression AdviceId=""urn:xacml:advice:action:cleanup-after-export"" AppliesTo=""Permit"">
        <AttributeAssignmentExpression AttributeId=""urn:xacml:attribute:post-action"">
          <AttributeValue DataType=""http://www.w3.org/2001/XMLSchema#string"">RevokePermissionsAndClearCache</AttributeValue>
        </AttributeAssignmentExpression>
      </AdviceExpression>
    </AdviceExpressions>
  </Rule>

  <Rule RuleId=""urn:xacml:rule:225:DefaultDeny"" Effect=""Deny""/>
</Policy>";
226;Transport and mobility;Access only while in use;Quando connetto il telefono all'auto tramite Android Auto o Apple CarPlay, attivo un profilo di permessi specifico. Autorizzo Google Maps ad usare la posizione precisa e Spotify a essere controllato dall'infotainment. Tuttavia, nego a queste app l'accesso al microfono del veicolo per prevenire l'ascolto passivo. Le notifiche di WhatsApp e Telegram sono autorizzate, ma sono impostate per mostrare solo il mittente, senza alcuna anteprima o possibilitˆ di lettura vocale del messaggio, per tutelare la privacy dei contenuti.;When I connect my phone to the car via Android Auto or Apple CarPlay, I activate a specific permissions profile. I authorize Google Maps to use precise location and Spotify to be controlled by the infotainment. However, I deny these apps access to the vehicle's microphone to prevent passive listening. Notifications from WhatsApp and Telegram are authorized, but they are set to show only the sender, without any preview or ability to read the message aloud, to protect the privacy of the content.;GEMINI 2.5;"<Policy PolicyId=""urn:xacml:policy:226:InCarProfile"" Version=""1.0"" RuleCombiningAlgId=""urn:oasis:names:tc:xacml:1.0:rule-combining-algorithm:deny-overrides"">
  <Description>Politica di permessi per il profilo in-car (Android Auto / Apple CarPlay).</Description>
  <Target>
    <Environment>
      <Match MatchId=""urn:oasis:names:tc:xacml:1.0:function:string-equal"">
        <AttributeValue DataType=""http://www.w3.org/2001/XMLSchema#string"">InCarInfotainment</AttributeValue>
        <AttributeDesignator AttributeId=""urn:xacml:context:attribute:connection-type"" Category=""urn:oasis:names:tc:xacml:3.0:attribute-category:environment"" DataType=""http://www.w3.org/2001/XMLSchema#string""/>
      </Match>
    </Environment>
  </Target>

  <Rule RuleId=""urn:xacml:rule:226:PermitMapsLocation"" Effect=""Permit"">
    <Target>
      <Subjects>
        <Subject>
          <Match MatchId=""urn:oasis:names:tc:xacml:1.0:function:string-equal"">
            <AttributeValue DataType=""http://www.w3.org/2001/XMLSchema#string"">GoogleMaps</AttributeValue>
            <SubjectAttributeDesignator AttributeId=""urn:oasis:names:tc:xacml:1.0:subject:subject-id"" DataType=""http://www.w3.org/2001/XMLSchema#string""/>
          </Match>
        </Subject>
      </Subjects>
      <Resources>
        <Resource>
          <Match MatchId=""urn:oasis:names:tc:xacml:1.0:function:string-equal"">
            <AttributeValue DataType=""http://www.w3.org/2001/XMLSchema#string"">Location.Precise</AttributeValue>
            <ResourceAttributeDesignator AttributeId=""urn:xacml:location:attribute:resource-type"" DataType=""http://www.w3.org/2001/XMLSchema#string""/>
          </Match>
        </Resource>
      </Resources>
    </Target>
  </Rule>

  <Rule RuleId=""urn:xacml:rule:226:PermitSpotifyControl"" Effect=""Permit"">
    <Target>
      <Subjects>
        <Subject>
          <Match MatchId=""urn:oasis:names:tc:xacml:1.0:function:string-equal"">
            <AttributeValue DataType=""http://www.w3.org/2001/XMLSchema#string"">Spotify</AttributeValue>
            <SubjectAttributeDesignator AttributeId=""urn:oasis:names:tc:xacml:1.0:subject:subject-id"" DataType=""http://www.w3.org/2001/XMLSchema#string""/>
          </Match>
        </Subject>
      </Subjects>
      <Actions>
        <Action>
          <Match MatchId=""urn:oasis:names:tc:xacml:1.0:function:string-equal"">
            <AttributeValue DataType=""http://www.w3.org/2001/XMLSchema#string"">control_infotainment</AttributeValue>
            <ActionAttributeDesignator AttributeId=""urn:xacml:1.0:action:action-id"" DataType=""http://www.w3.org/2001/XMLSchema#string""/>
          </Match>
        </Action>
      </Actions>
    </Target>
  </Rule>

  <Rule RuleId=""urn:xacml:rule:226:DenyVehicleMic"" Effect=""Deny"">
    <Target>
      <Resources>
        <Resource>
          <Match MatchId=""urn:oasis:names:tc:xacml:1.0:function:string-equal"">
            <AttributeValue DataType=""http://www.w3.org/2001/XMLSchema#string"">Device.Microphone.Vehicle</AttributeValue>
            <ResourceAttributeDesignator AttributeId=""urn:xacml:device:attribute:resource-type"" DataType=""http://www.w3.org/2001/XMLSchema#string""/>
          </Match>
        </Resource>
      </Resources>
    </Target>
  </Rule>

  <Rule RuleId=""urn:xacml:rule:226:DenyNotificationContent"" Effect=""Deny"">
    <Target>
      <Subjects>
        <Subject>
          <Match MatchId=""urn:oasis:names:tc:xacml:1.0:function:string-equal"">
            <AttributeValue DataType=""http://www.w3.org/2001/XMLSchema#string"">WhatsApp</AttributeValue>
            <SubjectAttributeDesignator AttributeId=""urn:oasis:names:tc:xacml:1.0:subject:subject-id"" DataType=""http://www.w3.org/2001/XMLSchema#string""/>
          </Match>
          <Match MatchId=""urn:oasis:names:tc:xacml:1.0:function:string-equal"">
            <AttributeValue DataType=""http://www.w3.org/2001/XMLSchema#string"">Telegram</AttributeValue>
            <SubjectAttributeDesignator AttributeId=""urn:oasis:names:tc:xacml:1.0:subject:subject-id"" DataType=""http://www.w3.org/2001/XMLSchema#string""/>
          </Match>
        </Subject>
      </Subjects>
      <Actions>
        <AnyOf>
          <AllOf>
            <Match MatchId=""urn:oasis:names:tc:xacml:1.0:function:string-equal"">
              <AttributeValue DataType=""http://www.w3.org/2001/XMLSchema#string"">display_preview</AttributeValue>
              <ActionAttributeDesignator AttributeId=""urn:xacml:1.0:action:action-id"" DataType=""http://www.w3.org/2001/XMLSchema#string""/>
            </Match>
          </AllOf>
          <AllOf>
            <Match MatchId=""urn:oasis:names:tc:xacml:1.0:function:string-equal"">
              <AttributeValue DataType=""http://www.w3.org/2001/XMLSchema#string"">read_aloud</AttributeValue>
              <ActionAttributeDesignator AttributeId=""urn:xacml:1.0:action:action-id"" DataType=""http://www.w3.org/2001/XMLSchema#string""/>
            </Match>
          </AllOf>
        </AnyOf>
      </Actions>
    </Target>
  </Rule>
  
  <Rule RuleId=""urn:xacml:rule:226:DefaultDeny"" Effect=""Deny""/>
</Policy>";
227;Gaming and entertainment;No profiling;Mantengo la mia identitˆ di gioco completamente separata da quella reale. Per giochi come Call of Duty: Mobile o Genshin Impact, rifiuto sistematicamente il login tramite social media, utilizzando invece l'account specifico del servizio (es. Apple Game Center). Nego l'accesso alla rubrica per bloccare i suggerimenti di amici basati sui miei contatti. Disattivo l'ID pubblicitario del dispositivo e nego l'accesso a microfono e fotocamera, anche per le funzioni di chat vocale, che preferisco gestire tramite app esterne dedicate.;I keep my gaming identity completely separate from my real one. For games like Call of Duty: Mobile or Genshin Impact, I systematically refuse to log in via social media, using the service's specific account (e.g., Apple Game Center) instead. I deny access to the address book to block friend suggestions based on my contacts. I disable the device's advertising ID and deny access to the microphone and camera, even for voice chat functions, which I prefer to manage via dedicated external apps.;GEMINI 2.5;"<Policy PolicyId=""urn:xacml:policy:227:GamingNoProfiling"" Version=""1.0"" RuleCombiningAlgId=""urn:oasis:names:tc:xacml:1.0:rule-combining-algorithm:deny-overrides"">
  <Description>Politica di separazione identitˆ e no-profiling per app di gaming.</Description>
  <Target>
    <Subjects>
      <Subject>
        <Match MatchId=""urn:oasis:names:tc:xacml:1.0:function:string-equal"">
          <AttributeValue DataType=""http://www.w3.org/2001/XMLSchema#string"">CallOfDutyMobile</AttributeValue>
          <SubjectAttributeDesignator AttributeId=""urn:oasis:names:tc:xacml:1.0:subject:subject-id"" DataType=""http://www.w3.org/2001/XMLSchema#string""/>
        </Match>
        <Match MatchId=""urn:oasis:names:tc:xacml:1.0:function:string-equal"">
          <AttributeValue DataType=""http://www.w3.org/2001/XMLSchema#string"">GenshinImpact</AttributeValue>
          <SubjectAttributeDesignator AttributeId=""urn:oasis:names:tc:xacml:1.0:subject:subject-id"" DataType=""http://www.w3.org/2001/XMLSchema#string""/>
        </Match>
      </Subjects>
    </Target>
  </Target>

  <Rule RuleId=""urn:xacml:rule:227:DenySocialLogin"" Effect=""Deny"">
    <Target>
      <Actions>
        <Action>
          <Match MatchId=""urn:oasis:names:tc:xacml:1.0:function:string-equal"">
            <AttributeValue DataType=""http://www.w3.org/2001/XMLSchema#string"">login</AttributeValue>
            <ActionAttributeDesignator AttributeId=""urn:xacml:1.0:action:action-id"" DataType=""http://www.w3.org/2001/XMLSchema#string""/>
          </Match>
        </Action>
      </Actions>
    </Target>
    <Condition>
      <Apply FunctionId=""urn:oasis:names:tc:xacml:1.0:function:string-equal"">
        <AttributeValue DataType=""http://www.w3.org/2001/XMLSchema#string"">SocialNetworkProvider</AttributeValue>
        <AttributeDesignator AttributeId=""urn:xacml:context:attribute:auth-method"" Category=""urn:oasis:names:tc:xacml:3.0:attribute-category:environment"" DataType=""http://www.w3.org/2001/XMLSchema#string""/>
      </Apply>
    </Condition>
  </Rule>

  <Rule RuleId=""urn:xacml:rule:227:DenyContactBook"" Effect=""Deny"">
    <Target>
      <Resources>
        <Resource>
          <Match MatchId=""urn:oasis:names:tc:xacml:1.0:function:string-equal"">
            <AttributeValue DataType=""http://www.w3.org/2001/XMLSchema#string"">User.ContactBook</AttributeValue>
            <ResourceAttributeDesignator AttributeId=""urn:xacml:data:attribute:resource-type"" DataType=""http://www.w3.org/2001/XMLSchema#string""/>
          </Match>
        </Resource>
      </Resources>
    </Target>
  </Rule>

  <Rule RuleId=""urn:xacml:rule:227:DenyAdIDUsage"" Effect=""Deny"">
    <Target>
      <Resources>
        <Resource>
          <Match MatchId=""urn:oasis:names:tc:xacml:1.0:function:string-equal"">
            <AttributeValue DataType=""http://www.w3.org/2001/XMLSchema#string"">Device.AdvertisingID</AttributeValue>
            <ResourceAttributeDesignator AttributeId=""urn:xacml:device:attribute:resource-type"" DataType=""http://www.w3.org/2001/XMLSchema#string""/>
          </Match>
        </Resource>
      </Resources>
    </Target>
  </Rule>

  <Rule RuleId=""urn:xacml:rule:227:DenyMicAndCamera"" Effect=""Deny"">
    <Target>
      <Resources>
        <AnyOf>
          <AllOf>
            <Match MatchId=""urn:oasis:names:tc:xacml:1.0:function:string-equal"">
              <AttributeValue DataType=""http://www.w3.org/2001/XMLSchema#string"">Device.Microphone</AttributeValue>
              <ResourceAttributeDesignator AttributeId=""urn:xacml:device:attribute:resource-type"" DataType=""http://www.w3.org/2001/XMLSchema#string""/>
            </Match>
          </AllOf>
          <AllOf>
            <Match MatchId=""urn:oasis:names:tc:xacml:1.0:function:string-equal"">
              <AttributeValue DataType=""http://www.w3.org/2001/XMLSchema#string"">Device.Camera</AttributeValue>
              <ResourceAttributeDesignator AttributeId=""urn:xacml:device:attribute:resource-type"" DataType=""http://www.w3.org/2001/XMLSchema#string""/>
            </Match>
          </AllOf>
        </AnyOf>
      </Resources>
    </Target>
  </Rule>

  <Rule RuleId=""urn:xacml:rule:227:DefaultDeny"" Effect=""Deny""/>
</Policy>";
228;Online shopping;Limited access;"Utilizzo le ""wishlist"" di app come Amazon o Zalando come uno strumento di monitoraggio prezzi, ma senza cedere dati ulteriori. Permetto le notifiche solo per la variazione di prezzo di un articolo specifico che ho salvato. Nego l'accesso alla fotocamera per le funzioni di ricerca visuale e non uso mai il login tramite account social. La mia cronologia di navigazione interna all'app non deve essere usata per personalizzare le offerte che ricevo via email, per le quali ho impostato filtri specifici.";"I use the ""wishlists"" in apps like Amazon or Zalando as a price monitoring tool, but without giving up additional data. I only allow notifications for price changes on a specific item I have saved. I deny camera access for visual search functions and never use social media logins. My browsing history within the app must not be used to personalize the offers I receive via email, for which I have set specific filters.";GEMINI 2.5;"<Policy PolicyId=""urn:xacml:policy:228:ShoppingLimitedPolicy"" Version=""1.0"" RuleCombiningAlgId=""urn:oasis:names:tc:xacml:1.0:rule-combining-algorithm:deny-overrides"">
  <Description>Politica di accesso limitato e notifiche mirate per app di shopping (Amazon, Zalando).</Description>
  <Target>
    <Subjects>
      <Subject>
        <Match MatchId=""urn:oasis:names:tc:xacml:1.0:function:string-equal"">
          <AttributeValue DataType=""http://www.w3.org/2001/XMLSchema#string"">Amazon</AttributeValue>
          <SubjectAttributeDesignator AttributeId=""urn:oasis:names:tc:xacml:1.0:subject:subject-id"" DataType=""http://www.w3.org/2001/XMLSchema#string""/>
        </Match>
        <Match MatchId=""urn:oasis:names:tc:xacml:1.0:function:string-equal"">
          <AttributeValue DataType=""http://www.w3.org/2001/XMLSchema#string"">Zalando</AttributeValue>
          <SubjectAttributeDesignator AttributeId=""urn:oasis:names:tc:xacml:1.0:subject:subject-id"" DataType=""http://www.w3.org/2001/XMLSchema#string""/>
        </Match>
      </Subjects>
    </Target>
  </Target>

  <Rule RuleId=""urn:xacml:rule:228:PermitWishlistPriceAlerts"" Effect=""Permit"">
    <Target>
      <Resources>
        <Resource>
          <Match MatchId=""urn:oasis:names:tc:xacml:1.0:function:string-equal"">
            <AttributeValue DataType=""http://www.w3.org/2001/XMLSchema#string"">Notification.Push</AttributeValue>
            <ResourceAttributeDesignator AttributeId=""urn:xacml:notification:attribute:resource-type"" DataType=""http://www.w3.org/2001/XMLSchema#string""/>
          </Match>
        </Resource>
      </Resources>
    </Target>
    <Condition>
      <Apply FunctionId=""urn:oasis:names:tc:xacml:1.0:function:string-equal"">
        <AttributeValue DataType=""http://www.w3.org/2001/XMLSchema#string"">PriceDropWishlist</AttributeValue>
        <AttributeDesignator AttributeId=""urn:xacml:context:attribute:notification-type"" Category=""urn:oasis:names:tc:xacml:3.0:attribute-category:environment"" DataType=""http://www.w3.org/2001/XMLSchema#string""/>
      </Apply>
    </Condition>
  </Rule>

  <Rule RuleId=""urn:xacml:rule:228:DenyCameraSearch"" Effect=""Deny"">
    <Target>
      <Resources>
        <Resource>
          <Match MatchId=""urn:oasis:names:tc:xacml:1.0:function:string-equal"">
            <AttributeValue DataType=""http://www.w3.org/2001/XMLSchema#string"">Device.Camera</AttributeValue>
            <ResourceAttributeDesignator AttributeId=""urn:xacml:device:attribute:resource-type"" DataType=""http://www.w3.org/2001/XMLSchema#string""/>
          </Match>
        </Resource>
      </Resources>
      <Actions>
        <Action>
          <Match MatchId=""urn:oasis:names:tc:xacml:1.0:function:string-equal"">
            <AttributeValue DataType=""http://www.w3.org/2001/XMLSchema#string"">visual_search</AttributeValue>
            <ActionAttributeDesignator AttributeId=""urn:xacml:1.0:action:action-id"" DataType=""http://www.w3.org/2001/XMLSchema#string""/>
          </Match>
        </Action>
      </Actions>
    </Target>
  </Rule>

  <Rule RuleId=""urn:xacml:rule:228:DenySocialLogin"" Effect=""Deny"">
    <Target>
      <Actions>
        <Action>
          <Match MatchId=""urn:oasis:names:tc:xacml:1.0:function:string-equal"">
            <AttributeValue DataType=""http://www.w3.org/2001/XMLSchema#string"">login</AttributeValue>
            <ActionAttributeDesignator AttributeId=""urn:xacml:1.0:action:action-id"" DataType=""http://www.w3.org/2001/XMLSchema#string""/>
          </Match>
        </Action>
      </Actions>
    </Target>
    <Condition>
      <Apply FunctionId=""urn:oasis:names:tc:xacml:1.0:function:string-equal"">
        <AttributeValue DataType=""http://www.w3.org/2001/XMLSchema#string"">SocialNetworkProvider</AttributeValue>
        <AttributeDesignator AttributeId=""urn:xacml:context:attribute:auth-method"" Category=""urn:oasis:names:tc:xacml:3.0:attribute-category:environment"" DataType=""http://www.w3.org/2001/XMLSchema#string""/>
      </Apply>
    </Condition>
  </Rule>

  <Rule RuleId=""urn:xacml:rule:228:DenyHistoryForEmailAds"" Effect=""Deny"">
    <Target>
      <Resources>
        <Resource>
          <Match MatchId=""urn:oasis:names:tc:xacml:1.0:function:string-equal"">
            <AttributeValue DataType=""http://www.w3.org/2001/XMLSchema#string"">UserData.InAppHistory</AttributeValue>
            <ResourceAttributeDesignator AttributeId=""urn:xacml:data:attribute:resource-type"" DataType=""http://www.w3.org/2001/XMLSchema#string""/>
          </Match>
        </Resource>
      </Resources>
    </Target>
    <Condition>
      <Apply FunctionId=""urn:oasis:names:tc:xacml:1.0:function:string-equal"">
        <AttributeValue DataType=""http://www.w3.org/2001/XMLSchema#string"">EmailMarketing</AttributeValue>
        <AttributeDesignator AttributeId=""urn:xacml:context:attribute:purpose"" Category=""urn:oasis:names:tc:xacml:3.0:attribute-category:environment"" DataType=""http://www.w3.org/2001/XMLSchema#string""/>
      </Apply>
    </Condition>
  </Rule>
  
  <Rule RuleId=""urn:xacml:rule:228:DefaultDeny"" Effect=""Deny""/>
</Policy>";
229;Fitness and health;No access;Gestisco i miei dati di benessere come un archivio medico privato e offline. Per app come MyFitnessPal o diari per il monitoraggio dei sintomi, nego l'accesso alla rete tramite le impostazioni del firewall del dispositivo, forzandole a funzionare esclusivamente in locale. Rifiuto di creare account online. Per app di meditazione come Calm o Headspace, scarico i contenuti per l'uso offline e nego qualsiasi collegamento con i dati di sistema di Apple Salute o Google Fit, per impedire la correlazione tra il mio stato emotivo e i dati biometrici.;I manage my wellness data like a private, offline medical archive. For apps like MyFitnessPal or symptom tracking diaries, I deny network access via the device's firewall settings, forcing them to operate exclusively locally. I refuse to create online accounts. For meditation apps like Calm or Headspace, I download the content for offline use and deny any connection to Apple Health or Google Fit system data, to prevent correlation between my emotional state and biometric data.;GEMINI 2.5;"<Policy PolicyId=""urn:xacml:policy:229:HealthOfflinePolicy"" Version=""1.0"" RuleCombiningAlgId=""urn:oasis:names:tc:xacml:1.0:rule-combining-algorithm:deny-overrides"">
  <Description>Politica di utilizzo offline e non correlato per app di salute e benessere.</Description>
  <Target/>

  <Rule RuleId=""urn:xacml:rule:229:DenyNetworkAccess"" Effect=""Deny"">
    <Target>
      <Subjects>
        <Subject>
          <Match MatchId=""urn:oasis:names:tc:xacml:1.0:function:string-equal"">
            <AttributeValue DataType=""http://www.w3.org/2001/XMLSchema#string"">MyFitnessPal</AttributeValue>
            <SubjectAttributeDesignator AttributeId=""urn:oasis:names:tc:xacml:1.0:subject:subject-id"" DataType=""http://www.w3.org/2001/XMLSchema#string""/>
          </Match>
          <Match MatchId=""urn:oasis:names:tc:xacml:1.0:function:string-equal"">
            <AttributeValue DataType=""http://www.w3.org/2001/XMLSchema#string"">SymptomDiary</AttributeValue>
            <SubjectAttributeDesignator AttributeId=""urn:oasis:names:tc:xacml:1.0:subject:subject-id"" DataType=""http://www.w3.org/2001/XMLSchema#string""/>
          </Match>
        </Subject>
      </Subjects>
      <Resources>
        <Resource>
          <Match MatchId=""urn:oasis:names:tc:xacml:1.0:function:string-equal"">
            <AttributeValue DataType=""http://www.w3.org/2001/XMLSchema#string"">Network.Access</AttributeValue>
            <ResourceAttributeDesignator AttributeId=""urn:xacml:network:attribute:resource-type"" DataType=""http://www.w3.org/2001/XMLSchema#string""/>
          </Match>
        </Resource>
      </Resources>
    </Target>
  </Rule>
  
  <Rule RuleId=""urn:xacml:rule:229:DenyOnlineAccount"" Effect=""Deny"">
    <Target>
      <Actions>
        <Action>
          <Match MatchId=""urn:oasis:names:tc:xacml:1.0:function:string-equal"">
            <AttributeValue DataType=""http://www.w3.org/2001/XMLSchema#string"">create_online_account</AttributeValue>
            <ActionAttributeDesignator AttributeId=""urn:xacml:1.0:action:action-id"" DataType=""http://www.w3.org/2001/XMLSchema#string""/>
          </Match>
        </Action>
      </Actions>
    </Target>
  </Rule>

  <Rule RuleId=""urn:xacml:rule:229:DenyHealthDataCorrelation"" Effect=""Deny"">
    <Target>
      <Subjects>
        <Subject>
          <Match MatchId=""urn:oasis:names:tc:xacml:1.0:function:string-equal"">
            <AttributeValue DataType=""http://www.w3.org/2001/XMLSchema#string"">Calm</AttributeValue>
            <SubjectAttributeDesignator AttributeId=""urn:oasis:names:tc:xacml:1.0:subject:subject-id"" DataType=""http://www.w3.org/2001/XMLSchema#string""/>
          </Match>
          <Match MatchId=""urn:oasis:names:tc:xacml:1.0:function:string-equal"">
            <AttributeValue DataType=""http://www.w3.org/2001/XMLSchema#string"">Headspace</AttributeValue>
            <SubjectAttributeDesignator AttributeId=""urn:oasis:names:tc:xacml:1.0:subject:subject-id"" DataType=""http://www.w3.org/2001/XMLSchema#string""/>
          </Match>
        </Subject>
      </Subjects>
      <Resources>
        <Resource>
          <Match MatchId=""urn:oasis:names:tc:xacml:1.0:function:string-equal"">
            <AttributeValue DataType=""http://www.w3.org/2001/XMLSchema#string"">UserData.Health.System</AttributeValue>
            <ResourceAttributeDesignator AttributeId=""urn:xacml:data:attribute:resource-type"" DataType=""http://www.w3.org/2001/XMLSchema#string""/>
          </Match>
        </Resource>
      </Resources>
      <Actions>
        <Action>
          <Match MatchId=""urn:oasis:names:tc:xacml:1.0:function:string-equal"">
            <AttributeValue DataType=""http://www.w3.org/2001/XMLSchema#string"">correlate</AttributeValue>
            <ActionAttributeDesignator AttributeId=""urn:xacml:1.0:action:action-id"" DataType=""http://www.w3.org/2001/XMLSchema#string""/>
          </Match>
        </Action>
      </Actions>
    </Target>
  </Rule>
  
  <Rule RuleId=""urn:xacml:rule:229:DefaultDeny"" Effect=""Deny""/>
</Policy>";
230;Institutional and public utility services;Limited access;"Per interagire con i servizi della Pubblica Amministrazione tramite l'app IO, autorizzo le notifiche e l'accesso all'archiviazione solo per la consultazione e il salvataggio di documenti ufficiali. Per il pagamento di parcheggi o l'acquisto di biglietti dei mezzi pubblici tramite MooneyGo, concedo l'accesso alla posizione in modalitˆ ""chiedi ogni volta"", per il tempo strettamente necessario all'operazione. Nego a queste app l'accesso ai contatti e qualsiasi forma di profilazione per scopi commerciali.";"To interact with Public Administration services via the official government app, I authorize notifications and storage access only for consulting and saving official documents. For paying for parking or purchasing public transport tickets via apps like ParkMobile, I grant location access in ""ask every time"" mode, for the time strictly necessary for the operation. I deny these apps access to contacts and any form of profiling for commercial purposes.";GEMINI 2.5;"<Policy PolicyId=""urn:xacml:policy:230:PublicServicePolicy"" Version=""1.0"" RuleCombiningAlgId=""urn:oasis:names:tc:xacml:1.0:rule-combining-algorithm:deny-overrides"">
  <Description>Politica di accesso limitato per app di servizi pubblici (IO, MooneyGo).</Description>
  <Target/>

  <Rule RuleId=""urn:xacml:rule:230:PermitIOFunctions"" Effect=""Permit"">
    <Target>
      <Subjects>
        <Subject>
          <Match MatchId=""urn:oasis:names:tc:xacml:1.0:function:string-equal"">
            <AttributeValue DataType=""http://www.w3.org/2001/XMLSchema#string"">IO</AttributeValue>
            <SubjectAttributeDesignator AttributeId=""urn:oasis:names:tc:xacml:1.0:subject:subject-id"" DataType=""http://www.w3.org/2001/XMLSchema#string""/>
          </Match>
        </Subject>
      </Subjects>
      <Resources>
        <AnyOf>
          <AllOf>
            <Match MatchId=""urn:oasis:names:tc:xacml:1.0:function:string-equal"">
              <AttributeValue DataType=""http://www.w3.org/2001/XMLSchema#string"">Notification.Push</AttributeValue>
              <ResourceAttributeDesignator AttributeId=""urn:xacml:notification:attribute:resource-type"" DataType=""http://www.w3.org/2001/XMLSchema#string""/>
            </Match>
          </AllOf>
          <AllOf>
            <Match MatchId=""urn:oasis:names:tc:xacml:1.0:function:string-equal"">
              <AttributeValue DataType=""http://www.w3.org/2001/XMLSchema#string"">Device.Storage</AttributeValue>
              <ResourceAttributeDesignator AttributeId=""urn:xacml:device:attribute:resource-type"" DataType=""http://www.w3.org/2001/XMLSchema#string""/>
            </Match>
          </AllOf>
        </AnyOf>
      </Resources>
    </Target>
    <Condition>
      <Apply FunctionId=""urn:oasis:names:tc:xacml:1.0:function:string-equal"">
        <AttributeValue DataType=""http://www.w3.org/2001/XMLSchema#string"">OfficialDocuments</AttributeValue>
        <AttributeDesignator AttributeId=""urn:xacml:context:attribute:purpose"" Category=""urn:oasis:names:tc:xacml:3.0:attribute-category:environment"" DataType=""http://www.w3.org/2001/XMLSchema#string""/>
      </Apply>
    </Condition>
  </Rule>

  <Rule RuleId=""urn:xacml:rule:230:PermitMooneyGoLocation"" Effect=""Permit"">
    <Target>
      <Subjects>
        <Subject>
          <Match MatchId=""urn:oasis:names:tc:xacml:1.0:function:string-equal"">
            <AttributeValue DataType=""http://www.w3.org/2001/XMLSchema#string"">MooneyGo</AttributeValue>
            <SubjectAttributeDesignator AttributeId=""urn:oasis:names:tc:xacml:1.0:subject:subject-id"" DataType=""http://www.w3.org/2001/XMLSchema#string""/>
          </Match>
        </Subject>
      </Subjects>
      <Resources>
        <Resource>
          <Match MatchId=""urn:oasis:names:tc:xacml:1.0:function:string-equal"">
            <AttributeValue DataType=""http://www.w3.org/2001/XMLSchema#string"">Location.Any</AttributeValue>
            <ResourceAttributeDesignator AttributeId=""urn:xacml:location:attribute:resource-type"" DataType=""http://www.w3.org/2001/XMLSchema#string""/>
          </Match>
        </Resource>
      </Resources>
    </Target>
    <Condition>
      <Apply FunctionId=""urn:oasis:names:tc:xacml:1.0:function:and"">
        <Apply FunctionId=""urn:oasis:names:tc:xacml:1.0:function:or"">
          <Apply FunctionId=""urn:oasis:names:tc:xacml:1.0:function:string-equal"">
            <AttributeValue DataType=""http://www.w3.org/2001/XMLSchema#string"">pay_parking</AttributeValue>
            <AttributeDesignator AttributeId=""urn:xacml:context:attribute:action-detail"" Category=""urn:oasis:names:tc:xacml:3.0:attribute-category:action"" DataType=""http://www.w3.org/2Next-Column Task: 001/XMLSchema#string""/>
          </Apply>
          <Apply FunctionId=""urn:oasis:names:tc:xacml:1.0:function:string-equal"">
            <AttributeValue DataType=""http://www.w3.org/2001/XMLSchema#string"">buy_ticket</AttributeValue>
            <AttributeDesignator AttributeId=""urn:xacml:context:attribute:action-detail"" Category=""urn:oasis:names:tc:xacml:3.0:attribute-category:action"" DataType=""http://www.w3.org/2001/XMLSchema#string""/>
          </Apply>
        </Apply>
        <Apply FunctionId=""urn:oasis:names:tc:xacml:1.0:function:string-equal"">
          <AttributeValue DataType=""http://www.w3.org/2001/XMLSchema#string"">ApprovedThisTime</AttributeValue>
          <AttributeDesignator AttributeId=""urn:xacml:context:attribute:user-prompt-response"" Category=""urn:oasis:names:tc:xacml:3.0:attribute-category:environment"" DataType=""http://www.w3.org/2001/XMLSchema#string""/>
        </Apply>
      </Apply>
    </Condition>
  </Rule>

  <Rule RuleId=""urn:xacml:rule:230:DenyContactsAndProfiling"" Effect=""Deny"">
    <Target>
      <Resources>
        <Resource>
          <Match MatchId=""urn:oasis:names:tc:xacml:1.0:function:string-equal"">
            <AttributeValue DataType=""http://www.w3.org/2001/XMLSchema#string"">User.ContactBook</AttributeValue>
            <ResourceAttributeDesignator AttributeId=""urn:xacml:data:attribute:resource-type"" DataType=""http://www.w3.org/2001/XMLSchema#string""/>
          </Match>
        </Resource>
      </Resources>
    </Target>
  </Rule>
  <Rule RuleId=""urn:xacml:rule:230:DenyProfiling"" Effect=""Deny"">
    <Target>
      <Actions>
        <Action>
          <Match MatchId=""urn:oasis:names:tc:xacml:1.0:function:string-equal"">
            <AttributeValue DataType=""http://www.w3.org/2001/XMLSchema#string"">collect</AttributeValue>
            <ActionAttributeDesignator AttributeId=""urn:xacml:1.0:action:action-id"" DataType=""http://www.w3.org/2001/XMLSchema#string""/>
          </Match>
        </Action>
      </Actions>
    </Target>
    <Condition>
      <Apply FunctionId=""urn:oasis:names:tc:xacml:1.0:function:string-equal"">
        <AttributeValue DataType=""http://www.w3.org/2001/XMLSchema#string"">CommercialProfiling</AttributeValue>
        <AttributeDesignator AttributeId=""urn:xacml:context:attribute:purpose"" Category=""urn:oasis:names:tc:xacml:3.0:attribute-category:environment"" DataType=""http://www.w3.org/2001/XMLSchema#string""/>
      </Apply>
    </Condition>
  </Rule>

  <Rule RuleId=""urn:xacml:rule:230:DefaultDeny"" Effect=""Deny""/>
</Policy>";
231;Institutional and public utility services;Access only while in use;Con lÕapp IO, consento la ricezione di notifiche solo per comunicazioni ufficiali della Pubblica Amministrazione. LÕaccesso alla posizione o ai contatti  disattivato: desidero che lÕapp funzioni unicamente per servizi digitali essenziali, come pagamenti o messaggi da enti certificati, e solo quando la utilizzo attivamente.;With the official government app, I allow receiving notifications only for official Public Administration communications. Access to location or contacts is disabled: I want the app to function solely for essential digital services, like payments or messages from certified entities, and only when I actively use it.;GPT-5.1;"<Policy PolicyId=""urn:example:policy:block12:231"" Version=""1.0"">
  <Description>Con lÕapp IO, consento la ricezione di notifiche solo per comunicazioni ufficiali della Pubblica Amministrazione. LÕaccesso alla posizione o ai contatti  disattivato: desidero che lÕapp funzioni unicamente per servizi digitali essenziali, come pagamenti o messaggi da enti certificati, e solo quando la utilizzo attivamente.</Description>
  <Rule RuleId=""rule231"" Effect=""Permit"">
    <Description>Subject=User; Action=receive; Resource=notifications; Condition=purpose=public-services, location=denied, contacts=denied, usage=while-in-use</Description>
  </Rule>
</Policy>";
232;Emergency and safety services;Necessary permissions;Per lÕapp 112 Where ARE U, autorizzo lÕaccesso alla posizione GPS e al microfono solo durante le chiamate dÕemergenza, in modo da fornire informazioni precise ai soccorsi. Nessun altro dato, compresi contatti e cronologia chiamate, pu˜ essere condiviso o registrato dopo la chiusura della segnalazione.;"For the official emergency app (e.g., ""Where ARE U 112""), I authorize access to GPS location and microphone only during emergency calls, to provide precise information to responders. No other data, including contacts and call history, can be shared or recorded after the report is closed.";GPT-5.1;"<Policy PolicyId=""urn:example:policy:block12:232"" Version=""1.0"">
  <Description>Per lÕapp 112 Where ARE U, autorizzo lÕaccesso alla posizione GPS e al microfono solo durante le chiamate dÕemergenza, in modo da fornire informazioni precise ai soccorsi. Nessun altro dato, compresi contatti e cronologia chiamate, pu˜ essere condiviso o registrato dopo la chiusura della segnalazione.</Description>
  <Rule RuleId=""rule232"" Effect=""Permit"">
    <Description>Subject=User; Action=access; Resource=location,microphone; Condition=purpose=emergency-call, contacts=denied, call-history=denied, duration=session-only</Description>
  </Rule>
</Policy>";
233;Institutional and public utility services;Limited access;NellÕapp Fascicolo Sanitario Elettronico, consento lÕuso dei miei dati sanitari esclusivamente per consultare referti e prescrizioni. Non autorizzo il tracciamento delle mie attivitˆ nŽ la condivisione dei dati con app terze. Ogni accesso deve richiedere lÕautenticazione tramite SPID o CIE.;In my Electronic Health Record app, I allow the use of my health data exclusively to consult reports and prescriptions. I do not authorize tracking of my activities or data sharing with third-party apps. All access must require authentication via a secure ID service (like ID.me).;GPT-5.1;"<Policy PolicyId=""urn:example:policy:block12:233"" Version=""1.0"">
  <Description>NellÕapp Fascicolo Sanitario Elettronico, consento lÕuso dei miei dati sanitari esclusivamente per consultare referti e prescrizioni. Non autorizzo il tracciamento delle mie attivitˆ nŽ la condivisione dei dati con app terze. Ogni accesso deve richiedere lÕautenticazione tramite SPID o CIE.</Description>
  <Rule RuleId=""rule233"" Effect=""Permit"">
    <Description>Subject=User; Action=access; Resource=health-data; Condition=purpose=consultation-only, tracking=denied, third-party=denied, authentication=strong</Description>
  </Rule>
</Policy>";
234;Institutional and public utility services;Ask every time;Quando utilizzo CIE ID per autenticarmi, voglio che il dispositivo chieda ogni volta il consenso allÕuso del sensore NFC e della fotocamera. Preferisco evitare che restino memorizzate credenziali o sessioni attive, garantendo cos“ un accesso sicuro e puntuale ai servizi digitali pubblici.;When I use my digital ID app to authenticate, I want the device to ask for consent to use the NFC sensor and camera every time. I prefer to avoid saved credentials or active sessions, thus ensuring secure and timely access to public digital services.;GPT-5.1;"<Policy PolicyId=""urn:example:policy:block12:234"" Version=""1.0"">
  <Description>Quando utilizzo CIE ID per autenticarmi, voglio che il dispositivo chieda ogni volta il consenso allÕuso del sensore NFC e della fotocamera. Preferisco evitare che restino memorizzate credenziali o sessioni attive, garantendo cos“ un accesso sicuro e puntuale ai servizi digitali pubblici.</Description>
  <Rule RuleId=""rule234"" Effect=""Permit"">
    <Description>Subject=User; Action=authenticate; Resource=NFC,camera; Condition=authorization=ask-every-time, session=persistent-denied, purpose=secure-login</Description>
  </Rule>
</Policy>";
235;Institutional and public utility services;Limited and temporary access;Per lÕapp INPS Mobile, non autorizzo lÕaccesso automatico ai miei dati nŽ il salvataggio delle credenziali. Ogni operazione deve avvenire tramite autenticazione temporanea e deve essere chiusa al termine della sessione, per proteggere i miei dati previdenziali e personali da eventuali accessi non autorizzati.;For the official Social Security app, I do not authorize automatic access to my data or saving credentials. Every operation must occur via temporary authentication and must be closed at the end of the session, to protect my social security and personal data from unauthorized access.;GPT-5.1;"<Policy PolicyId=""urn:example:policy:block12:235"" Version=""1.0"">
  <Description>Per lÕapp INPS Mobile, non autorizzo lÕaccesso automatico ai miei dati nŽ il salvataggio delle credenziali. Ogni operazione deve avvenire tramite autenticazione temporanea e deve essere chiusa al termine della sessione, per proteggere i miei dati previdenziali e personali da eventuali accessi non autorizzati.</Description>
  <Rule RuleId=""rule235"" Effect=""Permit"">
    <Description>Subject=User; Action=access; Resource=personal-data; Condition=auto-login=denied, credentials=not-saved, session=temporary</Description>
  </Rule>
</Policy>";
236;Emergency and safety services;Full access;Per lÕapp 112 Where ARE U, autorizzo lÕaccesso costante a posizione, microfono e fotocamera, anche in background. In situazioni di emergenza ogni secondo conta: preferisco che lÕapp possa localizzarmi automaticamente e inviare i dati ai soccorritori senza richiedere ulteriori conferme.;"For the official emergency app (e.g., ""Where ARE U 112""), I authorize constant access to location, microphone, and camera, even in the background. In emergency situations, every second counts: I prefer the app to be able to locate me automatically and send data to responders without requiring further confirmation.";GPT-5.1;"<Policy PolicyId=""urn:example:policy:block12:236"" Version=""1.0"">
  <Description>Per lÕapp 112 Where ARE U, autorizzo lÕaccesso costante a posizione, microfono e fotocamera, anche in background. In situazioni di emergenza ogni secondo conta: preferisco che lÕapp possa localizzarmi automaticamente e inviare i dati ai soccorritori senza richiedere ulteriori conferme.</Description>
  <Rule RuleId=""rule236"" Effect=""Permit"">
    <Description>Subject=User; Action=access; Resource=location,microphone,camera; Condition=purpose=emergency-response, background=allowed, confirmation=not-required</Description>
  </Rule>
</Policy>";
237;Emergency and safety services;Continuous and priority access;Concedo allÕapp YouPol lÕaccesso permanente a posizione e fotocamera per facilitare le segnalazioni in tempo reale alle autoritˆ. Accetto che possa registrare dati relativi al luogo e allÕora dellÕinvio, riconoscendo la prioritˆ assoluta della sicurezza pubblica rispetto alla riservatezza in questo contesto.;"I grant a public safety app (like ""Citizen"") permanent access to location and camera to facilitate real-time reporting to authorities. I accept that it may record data related to the time and place of the submission, recognizing the absolute priority of public safety over privacy in this context.";GPT-5.1;"<Policy PolicyId=""urn:example:policy:block12:237"" Version=""1.0"">
  <Description>Concedo allÕapp YouPol lÕaccesso permanente a posizione e fotocamera per facilitare le segnalazioni in tempo reale alle autoritˆ. Accetto che possa registrare dati relativi al luogo e allÕora dellÕinvio, riconoscendo la prioritˆ assoluta della sicurezza pubblica rispetto alla riservatezza in questo contesto.</Description>
  <Rule RuleId=""rule237"" Effect=""Permit"">
    <Description>Subject=User; Action=access; Resource=location,camera; Condition=usage=continuous, priority=public-safety, data-logging=enabled</Description>
  </Rule>
</Policy>";
238;Emergency and safety services;Full access;Per lÕapp 112 Where ARE U, consento la condivisione automatica della mia posizione GPS, dei dati di rete e del numero di telefono con la centrale operativa, anche se lÕapp non  in primo piano. Riconosco che tali informazioni sono indispensabili per garantire la tempestivitˆ dei soccorsi.;"For the official emergency app (e.g., ""Where ARE U 112""), I allow the automatic sharing of my GPS location, network data, and phone number with the operations center, even if the app is not in the foreground. I acknowledge that such information is essential to ensure a timely emergency response.";GPT-5.1;"<Policy PolicyId=""urn:example:policy:block12:238"" Version=""1.0"">
  <Description>Per lÕapp 112 Where ARE U, consento la condivisione automatica della mia posizione GPS, dei dati di rete e del numero di telefono con la centrale operativa, anche se lÕapp non  in primo piano. Riconosco che tali informazioni sono indispensabili per garantire la tempestivitˆ dei soccorsi.</Description>
  <Rule RuleId=""rule238"" Effect=""Permit"">
    <Description>Subject=User; Action=share; Resource=GPS,network-data,phone-number; Condition=background=allowed, purpose=emergency-assistance</Description>
  </Rule>
</Policy>";
239;Emergency and safety services;Extended permissions;Autorizzo lÕapp Protezione Civile IT Alert a inviare notifiche con prioritˆ massima e a superare le impostazioni di silenzioso o Ònon disturbareÓ. I messaggi di allerta devono essere sempre visualizzati, anche con suoni e vibrazioni, indipendentemente dallo stato del dispositivo.;"I authorize the national emergency alert app (e.g., FEMA) to send notifications with maximum priority and to override silent or ""do not disturb"" settings. Alert messages must always be displayed, including sounds and vibrations, regardless of the device's state.";GPT-5.1;"<Policy PolicyId=""urn:example:policy:block12:239"" Version=""1.0"">
  <Description>Autorizzo lÕapp Protezione Civile IT Alert a inviare notifiche con prioritˆ massima e a superare le impostazioni di silenzioso o Ònon disturbareÓ. I messaggi di allerta devono essere sempre visualizzati, anche con suoni e vibrazioni, indipendentemente dallo stato del dispositivo.</Description>
  <Rule RuleId=""rule239"" Effect=""Permit"">
    <Description>Subject=User; Action=receive; Resource=alerts; Condition=priority=maximum, override=sound-settings, visibility=mandatory</Description>
  </Rule>
</Policy>";
240;Emergency and safety services;Continuous and priority access;Per applicazioni di sicurezza personale come Safe365 o Life360, concedo lÕaccesso illimitato alla mia posizione, al microfono e ai sensori di movimento, cos“ da garantire che i contatti di fiducia o i servizi di emergenza possano localizzarmi in tempo reale in caso di necessitˆ.;For personal safety applications like Safe365 or Life360, I grant unlimited access to my location, microphone, and motion sensors, to ensure that trusted contacts or emergency services can locate me in real-time if needed.;GPT-5.1;"<Policy PolicyId=""urn:example:policy:block12:240"" Version=""1.0"">
  <Description>Per applicazioni di sicurezza personale come Safe365 o Life360, concedo lÕaccesso illimitato alla mia posizione, al microfono e ai sensori di movimento, cos“ da garantire che i contatti di fiducia o i servizi di emergenza possano localizzarmi in tempo reale in caso di necessitˆ.</Description>
  <Rule RuleId=""rule240"" Effect=""Permit"">
    <Description>Subject=User; Action=access; Resource=location,microphone,motion-sensors; Condition=purpose=personal-safety, access=unlimited, real-time=enabled</Description>
  </Rule>
</Policy>";
241;Institutional and public utility services;Access only while in use;Per lÕapp IO, consento lÕaccesso alla fotocamera esclusivamente per la scansione di documenti o codici QR quando richiesto esplicitamente. Non autorizzo lÕaccesso in background a posizione, microfono o contatti. I miei dati personali, come codice fiscale o domicilio digitale, devono essere utilizzati solo per la gestione dei servizi pubblici che attivo manualmente.;For the official government app, I allow camera access exclusively for scanning documents or QR codes when explicitly requested. I do not authorize background access to location, microphone, or contacts. My personal data, such as SSN or digital address, must only be used for managing the public services I manually activate.;GPT-5.1;"<Policy PolicyId=""urn:example:policy:block12:241"" Version=""1.0"">
  <Description>Per lÕapp IO, consento lÕaccesso alla fotocamera esclusivamente per la scansione di documenti o codici QR quando richiesto esplicitamente. Non autorizzo lÕaccesso in background a posizione, microfono o contatti. I miei dati personali, come codice fiscale o domicilio digitale, devono essere utilizzati solo per la gestione dei servizi pubblici che attivo manualmente.</Description>
  <Rule RuleId=""rule241"" Effect=""Permit"">
    <Description>Subject=User; Action=access; Resource=camera,personal-data; Condition=usage=while-in-use, background=denied, purpose=public-services</Description>
  </Rule>
</Policy>";
242;Institutional and public utility services;Limited access;NellÕapp INPS Mobile, autorizzo lÕuso della fotocamera solo per lÕacquisizione di documenti identificativi. Non consento lÕaccesso ai contatti, alla posizione o ai file multimediali personali. Accetto la ricezione di notifiche relative a pratiche e comunicazioni istituzionali, ma rifiuto la condivisione dei miei dati per fini statistici o promozionali.;In the official Social Security app, I authorize the use of the camera only for acquiring identification documents. I do not allow access to contacts, location, or personal media files. I accept notifications related to claims and institutional communications, but I refuse the sharing of my data for statistical or promotional purposes.;GPT-5.1;"<Policy PolicyId=""urn:example:policy:block12:242"" Version=""1.0"">
  <Description>NellÕapp INPS Mobile, autorizzo lÕuso della fotocamera solo per lÕacquisizione di documenti identificativi. Non consento lÕaccesso ai contatti, alla posizione o ai file multimediali personali. Accetto la ricezione di notifiche relative a pratiche e comunicazioni istituzionali, ma rifiuto la condivisione dei miei dati per fini statistici o promozionali.</Description>
  <Rule RuleId=""rule242"" Effect=""Permit"">
    <Description>Subject=User; Action=access; Resource=camera,notifications; Condition=contacts=denied, location=denied, sharing=denied, purpose=official-communication</Description>
  </Rule>
</Policy>";
243;Institutional and public utility services;Limited access;Per lÕapp Agenzia delle Entrate, consento lÕaccesso ai dati fiscali personali solo tramite autenticazione forte (SPID o CIE). Non autorizzo alcun accesso automatico a file locali o alla memoria del dispositivo. Le informazioni relative ai miei movimenti bancari devono essere elaborate solo allÕinterno dei servizi digitali ufficiali, senza alcun tracciamento esterno.;For the official tax agency app (e.g., IRS2Go), I allow access to personal tax data only via strong authentication (like ID.me). I do not authorize any automatic access to local files or the device's memory. Information related to my bank movements must only be processed within official digital services, without any external tracking.;GPT-5.1;"<Policy PolicyId=""urn:example:policy:block12:243"" Version=""1.0"">
  <Description>Per lÕapp Agenzia delle Entrate, consento lÕaccesso ai dati fiscali personali solo tramite autenticazione forte (SPID o CIE). Non autorizzo alcun accesso automatico a file locali o alla memoria del dispositivo. Le informazioni relative ai miei movimenti bancari devono essere elaborate solo allÕinterno dei servizi digitali ufficiali, senza alcun tracciamento esterno.</Description>
  <Rule RuleId=""rule243"" Effect=""Permit"">
    <Description>Subject=User; Action=access; Resource=tax-data,bank-data; Condition=authentication=strong, local-access=denied, tracking=denied</Description>
  </Rule>
</Policy>";
244;Institutional and public utility services;Necessary permissions;Autorizzo lÕapp ANPAL Servizi ad accedere ai dati relativi al mio curriculum e alle mie esperienze lavorative esclusivamente per finalitˆ di orientamento e ricerca occupazionale. Non consento per˜ lÕuso dei miei dati di navigazione o delle preferenze per attivitˆ di profilazione o marketing.;I authorize the state employment services app to access data related to my resume and work experience exclusively for guidance and job search purposes. However, I do not allow the use of my browsing data or preferences for profiling or marketing activities.;GPT-5.1;"<Policy PolicyId=""urn:example:policy:block12:244"" Version=""1.0"">
  <Description>Autorizzo lÕapp ANPAL Servizi ad accedere ai dati relativi al mio curriculum e alle mie esperienze lavorative esclusivamente per finalitˆ di orientamento e ricerca occupazionale. Non consento per˜ lÕuso dei miei dati di navigazione o delle preferenze per attivitˆ di profilazione o marketing.</Description>
  <Rule RuleId=""rule244"" Effect=""Permit"">
    <Description>Subject=User; Action=access; Resource=CV,job-data; Condition=purpose=employment-services, profiling=denied, marketing=denied</Description>
  </Rule>
</Policy>";
245;Emergency and safety services;Continuous and priority access;Per le applicazioni di emergenza sanitaria e protezione pubblica, come Immuni o It Alert, concedo tutte le autorizzazioni necessarie, inclusa la geolocalizzazione continua e la ricezione di notifiche con prioritˆ massima. Riconosco che lÕefficacia di tali strumenti dipende dallÕaccesso costante a determinate funzioni del dispositivo;For public health and emergency applications, such as COVID exposure notification apps or national alert systems, I grant all necessary permissions, including continuous geolocation and receiving notifications with maximum priority. I recognize that the effectiveness of such tools depends on constant access to certain device functions.;GPT-5.1;"<Policy PolicyId=""urn:example:policy:block12:245"" Version=""1.0"">
  <Description>Per le applicazioni di emergenza sanitaria e protezione pubblica, come Immuni o It Alert, concedo tutte le autorizzazioni necessarie, inclusa la geolocalizzazione continua e la ricezione di notifiche con prioritˆ massima. Riconosco che lÕefficacia di tali strumenti dipende dallÕaccesso costante a determinate funzioni del dispositivo.</Description>
  <Rule RuleId=""rule245"" Effect=""Permit"">
    <Description>Subject=User; Action=access; Resource=location,notifications; Condition=purpose=public-safety, access=continuous, priority=maximum</Description>
  </Rule>
</Policy>";
246;Emergency and safety services;Limited access;Per l'app ufficiale di emergenza Where ARE U, concedo in via eccezionale l'accesso alla mia posizione precisa, al microfono e alla fotocamera. Tuttavia, questi permessi sono condizionati: l'applicazione  autorizzata ad attivarli solo ed esclusivamente nel momento in cui avvio manualmente una chiamata di emergenza. Non  consentito alcun tipo di tracciamento o monitoraggio passivo in background, garantendo che i miei dati pi sensibili siano usati solo per la mia sicurezza attiva e non per altro.;"For the official emergency app ""Where ARE U 112"", I exceptionally grant access to my precise location, microphone, and camera. However, these permissions are conditional: the application is authorized to activate them only and exclusively when I manually initiate an emergency call. No type of passive tracking or background monitoring is allowed, ensuring that my most sensitive data is used only for my active safety and not for anything else.";GEMINI 2.5;"<Policy PolicyId=""urn:xacml:policy:246:EmergencyLimitedAccess"" Version=""1.0"" RuleCombiningAlgId=""urn:oasis:names:tc:xacml:1.0:rule-combining-algorithm:deny-overrides"">
  <Description>Politica di accesso condizionato per app di emergenza (Where ARE U).</Description>
  <Target>
    <Subjects>
      <Subject>
        <Match MatchId=""urn:oasis:names:tc:xacml:1.0:function:string-equal"">
          <AttributeValue DataType=""http://www.w3.org/2001/XMLSchema#string"">WhereAreU</AttributeValue>
          <SubjectAttributeDesignator AttributeId=""urn:oasis:names:tc:xacml:1.0:subject:subject-id"" DataType=""http://www.w3.org/2001/XMLSchema#string""/>
        </Match>
      </Subjects>
    </Target>
  </Target>

  <Rule RuleId=""urn:xacml:rule:246:PermitOnManualCall"" Effect=""Permit"">
    <Target>
      <Resources>
        <AnyOf>
          <AllOf>
            <Match MatchId=""urn:oasis:names:tc:xacml:1.0:function:string-equal"">
              <AttributeValue DataType=""http://www.w3.org/2001/XMLSchema#string"">Location.Precise</AttributeValue>
              <ResourceAttributeDesignator AttributeId=""urn:xacml:location:attribute:resource-type"" DataType=""http://www.w3.org/2001/XMLSchema#string""/>
            </Match>
          </AllOf>
          <AllOf>
            <Match MatchId=""urn:oasis:names:tc:xacml:1.0:function:string-equal"">
              <AttributeValue DataType=""http://www.w3.org/2001/XMLSchema#string"">Device.Microphone</AttributeValue>
              <ResourceAttributeDesignator AttributeId=""urn:xacml:device:attribute:resource-type"" DataType=""http://www.w3.org/2001/XMLSchema#string""/>
            </Match>
          </AllOf>
          <AllOf>
            <Match MatchId=""urn:oasis:names:tc:xacml:1.0:function:string-equal"">
              <AttributeValue DataType=""http://www.w3.org/2001/XMLSchema#string"">Device.Camera</AttributeValue>
              <ResourceAttributeDesignator AttributeId=""urn:xacml:device:attribute:resource-type"" DataType=""http://www.w3.org/2001/XMLSchema#string""/>
            </Match>
          </AllOf>
        </AnyOf>
      </Resources>
      <Actions>
        <Action>
          <Match MatchId=""urn:oasis:names:tc:xacml:1.0:function:string-equal"">
            <AttributeValue DataType=""http://www.w3.org/2001/XMLSchema#string"">start_emergency_call</AttributeValue>
            <ActionAttributeDesignator AttributeId=""urn:xacml:1.0:action:action-id"" DataType=""http://www.w3.org/2001/XMLSchema#string""/>
          </Match>
        </Action>
      </Actions>
    </Target>
    <Condition>
      <Apply FunctionId=""urn:oasis:names:tc:xacml:1.0:function:string-equal"">
        <AttributeValue DataType=""http://www.w3.org/2001/XMLSchema#string"">ManualActivation</AttributeValue>
        <AttributeDesignator AttributeId=""urn:xacml:context:attribute:trigger-mode"" Category=""urn:oasis:names:tc:xacml:3.0:attribute-category:environment"" DataType=""http://www.w3.org/2001/XMLSchema#string""/>
      </Apply>
    </Condition>
  </Rule>

  <Rule RuleId=""urn:xacml:rule:246:DenyPassiveTracking"" Effect=""Deny"">
    <Target>
      <Resources>
        <AnyOf>
          <AllOf>
            <Match MatchId=""urn:oasis:names:tc:xacml:1.0:function:string-equal"">
              <AttributeValue DataType=""http://www.w3.org/2001/XMLSchema#string"">Location.Precise</AttributeValue>
              <ResourceAttributeDesignator AttributeId=""urn:xacml:location:attribute:resource-type"" DataType=""http://www.w3.org/2001/XMLSchema#string""/>
            </Match>
          </AllOf>
          <AllOf>
            <Match MatchId=""urn:oasis:names:tc:xacml:1.0:function:string-equal"">
              <AttributeValue DataType=""http://www.w3.org/2001/XMLSchema#string"">Device.Microphone</AttributeValue>
              <ResourceAttributeDesignator AttributeId=""urn:xacml:device:attribute:resource-type"" DataType=""http://www.w3.org/2001/XMLSchema#string""/>
            </Match>
          </AllOf>
        </AnyOf>
      </Resources>
    </Target>
    <Condition>
      <Apply FunctionId=""urn:oasis:names:tc:xacml:1.0:function:string-equal"">
        <AttributeValue DataType=""http://www.w3.org/2001/XMLSchema#string"">Background</AttributeValue>
        <AttributeDesignator AttributeId=""urn:xacml:context:attribute:execution-mode"" Category=""urn:oasis:names:tc:xacml:3.0:attribute-category:environment"" DataType=""http://www.w3.org/2001/XMLSchema#string""/>
      </Apply>
    </Condition>
  </Rule>

  <Rule RuleId=""urn:xacml:rule:246:DefaultDeny"" Effect=""Deny""/>
</Policy>";
247;Institutional and public utility services;Limited access;Per l'interazione con enti governativi tramite l'app IO e per la consultazione della mia posizione previdenziale con INPS Mobile, adotto un approccio di massima fiducia ma minimo privilegio. Autorizzo le notifiche per le comunicazioni ufficiali e l'accesso all'archiviazione per il download di documenti. Nego categoricamente l'accesso a posizione, contatti, fotocamera e microfono. I dati trattati da queste app sono considerati dati sensibili di Stato e ne vieto qualsiasi utilizzo per finalitˆ commerciali o statistiche non anonimizzate.;For interaction with government entities via the official government app and for consulting my social security status with the official Social Security app, I adopt an approach of maximum trust but minimum privilege. I authorize notifications for official communications and storage access for downloading documents. I categorically deny access to location, contacts, camera, and microphone. The data processed by these apps is considered sensitive government data, and I prohibit any use of it for commercial or non-anonymized statistical purposes.;GEMINI 2.5;"<Policy PolicyId=""urn:xacml:policy:247:GovLimitedPrivilege"" Version=""1.0"" RuleCombiningAlgId=""urn:oasis:names:tc:xacml:1.0:rule-combining-algorithm:deny-overrides"">
  <Description>Politica di fiducia massima ma minimo privilegio per IO e INPS Mobile.</Description>
  <Target>
    <Subjects>
      <Subject>
        <Match MatchId=""urn:oasis:names:tc:xacml:1.0:function:string-equal"">
          <AttributeValue DataType=""http://www.w3.org/2001/XMLSchema#string"">IO</AttributeValue>
          <SubjectAttributeDesignator AttributeId=""urn:oasis:names:tc:xacml:1.0:subject:subject-id"" DataType=""http://www.w3.org/2001/XMLSchema#string""/>
        </Match>
        <Match MatchId=""urn:oasis:names:tc:xacml:1.0:function:string-equal"">
          <AttributeValue DataType=""http://www.w3.org/2001/XMLSchema#string"">INPSMobile</AttributeValue>
          <SubjectAttributeDesignator AttributeId=""urn:oasis:names:tc:xacml:1.0:subject:subject-id"" DataType=""http://www.w3.org/2001/XMLSchema#string""/>
        </Match>
      </Subjects>
    </Target>
  </Target>

  <Rule RuleId=""urn:xacml:rule:247:PermitCoreFunctions"" Effect=""Permit"">
    <Target>
      <Resources>
        <AnyOf>
          <AllOf>
            <Match MatchId=""urn:oasis:names:tc:xacml:1.0:function:string-equal"">
              <AttributeValue DataType=""http://www.w3.org/2001/XMLSchema#string"">Notification.Push</AttributeValue>
              <ResourceAttributeDesignator AttributeId=""urn:xacml:notification:attribute:resource-type"" DataType=""http://www.w3.org/2001/XMLSchema#string""/>
            </Match>
          </AllOf>
          <AllOf>
            <Match MatchId=""urn:oasis:names:tc:xacml:1.0:function:string-equal"">
              <AttributeValue DataType=""http://www.w3.org/2001/XMLSchema#string"">Device.Storage</AttributeValue>
              <ResourceAttributeDesignator AttributeId=""urn:xacml:device:attribute:resource-type"" DataType=""http://www.w3.org/2001/XMLSchema#string""/>
            </Match>
          </AllOf>
        </AnyOf>
      </Resources>
    </Target>
    <Condition>
      <Apply FunctionId=""urn:oasis:names:tc:xacml:1.0:function:string-equal"">
        <AttributeValue DataType=""http://www.w3.org/2001/XMLSchema#string"">OfficialCommunication</AttributeValue>
        <AttributeDesignator AttributeId=""urn:xacml:context:attribute:purpose"" Category=""urn:oasis:names:tc:xacml:3.0:attribute-category:environment"" DataType=""http://www.w3.org/2001/XMLSchema#string""/>
      </Apply>
    </Condition>
  </Rule>

  <Rule RuleId=""urn:xacml:rule:247:DenySensitiveSensors"" Effect=""Deny"">
    <Target>
      <Resources>
        <AnyOf>
          <AllOf>
            <Match MatchId=""urn:oasis:names:tc:xacml:1.0:function:string-equal"">
              <AttributeValue DataType=""http://www.w3.org/2001/XMLSchema#string"">Location.Any</AttributeValue>
              <ResourceAttributeDesignator AttributeId=""urn:xacml:location:attribute:resource-type"" DataType=""http://www.w3.org/2001/XMLSchema#string""/>
            </Match>
          </AllOf>
          <AllOf>
            <Match MatchId=""urn:oasis:names:tc:xacml:1.0:function:string-equal"">
              <AttributeValue DataType=""http://www.w3.org/2001/XMLSchema#string"">User.ContactBook</AttributeValue>
              <ResourceAttributeDesignator AttributeId=""urn:xacml:data:attribute:resource-type"" DataType=""http://www.w3.org/2001/XMLSchema#string""/>
            </Match>
          </AllOf>
          <AllOf>
            <Match MatchId=""urn:oasis:names:tc:xacml:1.0:function:string-equal"">
              <AttributeValue DataType=""http://www.w3.org/2001/XMLSchema#string"">Device.Camera</AttributeValue>
              <ResourceAttributeDesignator AttributeId=""urn:xacml:device:attribute:resource-type"" DataType=""http://www.w3.org/2001/XMLSchema#string""/>
            </Match>
          </AllOf>
          <AllOf>
            <Match MatchId=""urn:oasis:names:tc:xacml:1.0:function:string-equal"">
              <AttributeValue DataType=""http://www.w3.org/2001/XMLSchema#string"">Device.Microphone</AttributeValue>
              <ResourceAttributeDesignator AttributeId=""urn:xacml:device:attribute:resource-type"" DataType=""http://www.w3.org/2001/XMLSchema#string""/>
            </Match>
          </AllOf>
        </AnyOf>
      </Resources>
    </Target>
  </Rule>

  <Rule RuleId=""urn:xacml:rule:247:DenyCommercialUse"" Effect=""Deny"">
    <Target>
      <Actions>
        <Action>
          <Match MatchId=""urn:oasis:names:tc:xacml:1.0:function:string-equal"">
            <AttributeValue DataType=""http://www.w3.org/2001/XMLSchema#string"">use_data</AttributeValue>
            <ActionAttributeDesignator AttributeId=""urn:xacml:1.0:action:action-id"" DataType=""http://www.w3.org/2001/XMLSchema#string""/>
          </Match>
        </Action>
      </Actions>
    </Target>
    <Condition>
      <Apply FunctionId=""urn:oasis:names:tc:xacml:1.0:function:or"">
        <Apply FunctionId=""urn:oasis:names:tc:xacml:1.0:function:string-equal"">
          <AttributeValue DataType=""http://www.w3.org/2001/XMLSchema#string"">CommercialProfiling</AttributeValue>
          <AttributeDesignator AttributeId=""urn:xacml:context:attribute:purpose"" Category=""urn:oasis:names:tc:xacml:3.0:attribute-category:environment"" DataType=""http://www.w3.org/2001/XMLSchema#string""/>
        </Apply>
        <Apply FunctionId=""urn:oasis:names:tc:xacml:1.0:function:string-equal"">
          <AttributeValue DataType=""http://www.w3.org/2001/XMLSchema#string"">NonAnonStatistics</AttributeValue>
          <AttributeDesignator AttributeId=""urn:xacml:context:attribute:purpose"" Category=""urn:oasis:names:tc:xacml:3.0:attribute-category:environment"" DataType=""http://www.w3.org/2001/XMLSchema#string""/>
        </Apply>
      </Apply>
    </Condition>
  </Rule>

  <Rule RuleId=""urn:xacml:rule:247:DefaultDeny"" Effect=""Deny""/>
</Policy>";
248;Gaming and entertainment;No access;Tratto ogni gioco come un'esperienza isolata e contenuta. Per titoli come Clash of Clans o Candy Crush, nego l'accesso a tutti i permessi, inclusa la rete, se il gioco lo consente per la modalitˆ offline. Rifiuto sistematicamente di connettere il mio account Facebook o Google, utilizzando sempre un account di gioco anonimo. Disattivo tutti gli acquisti in-app a livello di sistema per evitare spese accidentali e nego l'accesso all'ID pubblicitario per impedire la profilazione basata sul mio stile di gioco.;I treat every game as an isolated and contained experience. For titles like Clash of Clans or Candy Crush, I deny access to all permissions, including the network, if the game lo allows it for offline mode. I systematically refuse to connect my Facebook or Google account, always using an anonymous game account. I disable all in-app purchases at the system level to avoid accidental charges and deny access to the advertising ID to prevent profiling based on my play style.;GEMINI 2.5;"<Policy PolicyId=""urn:xacml:policy:248:GamingAbsoluteDeny"" Version=""1.0"" RuleCombiningAlgId=""urn:oasis:names:tc:xacml:1.0:rule-combining-algorithm:deny-overrides"">
  <Description>Politica di massimo isolamento per giochi (Clash of Clans, Candy Crush).</Description>
  <Target>
    <Subjects>
      <Subject>
        <Match MatchId=""urn:oasis:names:tc:xacml:1.0:function:string-equal"">
          <AttributeValue DataType=""http://www.w3.org/2001/XMLSchema#string"">ClashOfClans</AttributeValue>
          <SubjectAttributeDesignator AttributeId=""urn:oasis:names:tc:xacml:1.0:subject:subject-id"" DataType=""http://www.w3.org/2001/XMLSchema#string""/>
        </Match>
        <Match MatchId=""urn:oasis:names:tc:xacml:1.0:function:string-equal"">
          <AttributeValue DataType=""http://www.w3.org/2001/XMLSchema#string"">CandyCrush</AttributeValue>
          <SubjectAttributeDesignator AttributeId=""urn:oasis:names:tc:xacml:1.0:subject:subject-id"" DataType=""http://www.w3.org/2001/XMLSchema#string""/>
        </Match>
      </Subjects>
    </Target>
  </Target>

  <Rule RuleId=""urn:xacml:rule:248:DenyAllResources"" Effect=""Deny"">
    <Target>
      <Resources>
        <AnyOf>
          <AllOf>
            <Match MatchId=""urn:oasis:names:tc:xacml:1.0:function:string-equal"">
              <AttributeValue DataType=""http://www.w3.org/2001/XMLSchema#string"">Device.AnySensor</AttributeValue>
              <ResourceAttributeDesignator AttributeId=""urn:xacml:device:attribute:resource-type"" DataType=""http://www.w3.org/2001/XMLSchema#string""/>
            </Match>
          </AllOf>
          <AllOf>
            <Match MatchId=""urn:oasis:names:tc:xacml:1.0:function:string-equal"">
              <AttributeValue DataType=""http://www.w3.org/2001/XMLSchema#string"">Network.Access</AttributeValue>
              <ResourceAttributeDesignator AttributeId=""urn:xacml:network:attribute:resource-type"" DataType=""http://www.w3.org/2001/XMLSchema#string""/>
            </Match>
          </AllOf>
          <AllOf>
            <Match MatchId=""urn:oasis:names:tc:xacml:1.0:function:string-equal"">
              <AttributeValue DataType=""http://www.w3.org/2001/XMLSchema#string"">User.ContactBook</AttributeValue>
              <ResourceAttributeDesignator AttributeId=""urn:xacml:data:attribute:resource-type"" DataType=""http://www.w3.org/2001/XMLSchema#string""/>
            </Match>
          </AllOf>
          <AllOf>
            <Match MatchId=""urn:oasis:names:tc:xacml:1.0:function:string-equal"">
              <AttributeValue DataType=""http://www.w3.org/2001/XMLSchema#string"">Device.AdvertisingID</AttributeValue>
              <ResourceAttributeDesignator AttributeId=""urn:xacml:device:attribute:resource-type"" DataType=""http://www.w3.org/2001/XMLSchema#string""/>
            </Match>
          </AllOf>
        </AnyOf>
      </Resources>
    </Target>
  </Rule>

  <Rule RuleId=""urn:xacml:rule:248:DenySocialLogin"" Effect=""Deny"">
    <Target>
      <Actions>
        <Action>
          <Match MatchId=""urn:oasis:names:tc:xacml:1.0:function:string-equal"">
            <AttributeValue DataType=""http://www.w3.org/2001/XMLSchema#string"">login</AttributeValue>
            <ActionAttributeDesignator AttributeId=""urn:xacml:1.0:action:action-id"" DataType=""http://www.w3.org/2001/XMLSchema#string""/>
          </Match>
        </Action>
      </Actions>
    </Target>
    <Condition>
      <Apply FunctionId=""urn:oasis:names:tc:xacml:1.0:function:or"">
        <Apply FunctionId=""urn:oasis:names:tc:xacml:1.0:function:string-equal"">
          <AttributeValue DataType=""http://www.w3.org/2001/XMLSchema#string"">Facebook</AttributeValue>
          <AttributeDesignator AttributeId=""urn:xacml:context:attribute:auth-provider"" Category=""urn:oasis:names:tc:xacml:3.0:attribute-category:environment"" DataType=""http://www.w3.org/2001/XMLSchema#string""/>
        </Apply>
        <Apply FunctionId=""urn:oasis:names:tc:xacml:1.0:function:string-equal"">
          <AttributeValue DataType=""http://www.w3.org/2001/XMLSchema#string"">Google</AttributeValue>
          <AttributeDesignator AttributeId=""urn:xacml:context:attribute:auth-provider"" Category=""urn:oasis:names:tc:xacml:3.0:attribute-category:environment"" DataType=""http://www.w3.org/2001/XMLSchema#string""/>
        </Apply>
      </Apply>
    </Condition>
  </Rule>

  <Rule RuleId=""urn:xacml:rule:248:DenyInAppPurchases"" Effect=""Deny"">
    <Target>
      <Actions>
        <Action>
          <Match MatchId=""urn:oasis:names:tc:xacml:1.0:function:string-equal"">
            <AttributeValue DataType=""http://www.w3.org/2001/XMLSchema#string"">perform_in_app_purchase</AttributeValue>
            <ActionAttributeDesignator AttributeId=""urn:xacml:1.0:action:action-id"" DataType=""http://www.w3.org/2001/XMLSchema#string""/>
          </Match>
        </Action>
      </Actions>
    </Target>
    <AdviceExpressions>
      <AdviceExpression AdviceId=""urn:xacml:advice:system-level-iap-block"" AppliesTo=""Deny"">
        <AttributeAssignmentExpression AttributeId=""urn:xacml:attribute:system-setting-advice"">
          <AttributeValue DataType=""http://www.w3.org/2001/XMLSchema#string"">SystemIAPBlockEnabled</AttributeValue>
        </AttributeAssignmentExpression>
      </AdviceExpression>
    </AdviceExpressions>
  </Rule>

  <Rule RuleId=""urn:xacml:rule:248:DefaultDeny"" Effect=""Deny""/>
</Policy>";
249;Home and smart home;Access only while in use;La mia casa smart deve essere intelligente, non invadente. Per l'app Philips Hue, concedo l'accesso alla rete locale per controllare le luci, ma nego l'accesso alla posizione, poichŽ le routine basate sulla geolocalizzazione sono gestite a livello di sistema e non dall'app. Per Sonos, permetto l'accesso ai servizi di streaming musicale che ho autorizzato, ma nego l'accesso al microfono del telefono, in quanto i comandi vocali vengono impartiti direttamente agli smart speaker.;My smart home must be smart, not invasive. For the Philips Hue app, I grant access to the local network to control the lights, but I deny location access, as geolocation-based routines are managed at the system level, not by the app. For Sonos, I allow access to the music streaming services I have authorized, but I deny access to the phone's microphone, as voice commands are given directly to the smart speakers.;GEMINI 2.5;"<Policy PolicyId=""urn:xacml:policy:249:HomeAutomationLimited"" Version=""1.0"" RuleCombiningAlgId=""urn:oasis:names:tc:xacml:1.0:rule-combining-algorithm:deny-overrides"">
  <Description>Politica per la domotica, isolando le funzioni tra app e dispositivi.</Description>
  <Target/>

  <Rule RuleId=""urn:xacml:rule:249:PermitHueLocalNetwork"" Effect=""Permit"">
    <Target>
      <Subjects>
        <Subject>
          <Match MatchId=""urn:oasis:names:tc:xacml:1.0:function:string-equal"">
            <AttributeValue DataType=""http://www.w3.org/2001/XMLSchema#string"">PhilipsHue</AttributeValue>
            <SubjectAttributeDesignator AttributeId=""urn:oasis:names:tc:xacml:1.0:subject:subject-id"" DataType=""http://www.w3.org/2001/XMLSchema#string""/>
          </Match>
        </Subject>
      </Subjects>
      <Resources>
        <Resource>
          <Match MatchId=""urn:oasis:names:tc:xacml:1.0:function:string-equal"">
            <AttributeValue DataType=""http://www.w3.org/2001/XMLSchema#string"">Network.Local</AttributeValue>
            <ResourceAttributeDesignator AttributeId=""urn:xacml:network:attribute:resource-type"" DataType=""http://www.w3.org/2001/XMLSchema#string""/>
          </Match>
        </Resource>
      </Resources>
    </Target>
  </Rule>

  <Rule RuleId=""urn:xacml:rule:249:DenyHueLocation"" Effect=""Deny"">
    <Target>
      <Subjects>
        <Subject>
          <Match MatchId=""urn:oasis:names:tc:xacml:1.0:function:string-equal"">
            <AttributeValue DataType=""http://www.w3.org/2001/XMLSchema#string"">PhilipsHue</AttributeValue>
            <SubjectAttributeDesignator AttributeId=""urn:oasis:names:tc:xacml:1.0:subject:subject-id"" DataType=""http://www.w3.org/2001/XMLSchema#string""/>
          </Match>
        </Subject>
      </Subjects>
      <Resources>
        <Resource>
          <Match MatchId=""urn:oasis:names:tc:xacml:1.0:function:string-equal"">
            <AttributeValue DataType=""http://www.w3.org/2001/XMLSchema#string"">Location.Any</AttributeValue>
            <ResourceAttributeDesignator AttributeId=""urn:xacml:location:attribute:resource-type"" DataType=""http://www.w3.org/2001/XMLSchema#string""/>
          </Match>
        </Resource>
      </Resources>
    </Target>
  </Rule>

  <Rule RuleId=""urn:xacml:rule:249:PermitSonosStreaming"" Effect=""Permit"">
    <Target>
      <Subjects>
        <Subject>
          <Match MatchId=""urn:oasis:names:tc:xacml:1.0:function:string-equal"">
            <AttributeValue DataType=""http://www.w3.org/2001/XMLSchema#string"">Sonos</AttributeValue>
            <SubjectAttributeDesignator AttributeId=""urn:oasis:names:tc:xacml:1.0:subject:subject-id"" DataType=""http://www.w3.org/2001/XMLSchema#string""/>
          </Match>
        </Subject>
      </Subjects>
      <Resources>
        <Resource>
          <Match MatchId=""urn:oasis:names:tc:xacml:1.0:function:string-equal"">
            <AttributeValue DataType=""http://www.w3.org/2001/XMLSchema#string"">Network.StreamingServices</AttributeValue>
            <ResourceAttributeDesignator AttributeId=""urn:xacml:network:attribute:resource-type"" DataType=""http://www.w3.org/2001/XMLSchema#string""/>
          </Match>
        </Resource>
      </Resources>
    </Target>
  </Rule>

  <Rule RuleId=""urn:xacml:rule:249:DenySonosPhoneMic"" Effect=""Deny"">
    <Target>
      <Subjects>
        <Subject>
          <Match MatchId=""urn:oasis:names:tc:xacml:1.0:function:string-equal"">
            <AttributeValue DataType=""http://www.w3.org/2001/XMLSchema#string"">Sonos</AttributeValue>
            <SubjectAttributeDesignator AttributeId=""urn:oasis:names:tc:xacml:1.0:subject:subject-id"" DataType=""http://www.w3.org/2001/XMLSchema#string""/>
          </Match>
        </Subject>
      </Subjects>
      <Resources>
        <Resource>
          <Match MatchId=""urn:oasis:names:tc:xacml:1.0:function:string-equal"">
            <AttributeValue DataType=""http://www.w3.org/2001/XMLSchema#string"">Device.Microphone</AttributeValue>
            <ResourceAttributeDesignator AttributeId=""urn:xacml:device:attribute:resource-type"" DataType=""http://www.w3.org/2001/XMLSchema#string""/>
          </Match>
        </Resource>
      </Resources>
    </Target>
  </Rule>
  
  <Rule RuleId=""urn:xacml:rule:249:DefaultDeny"" Effect=""Deny""/>
</Policy>";
250;News and information;No profiling;Utilizzo aggregatori come Google News e Feedly come se fossero un'edicola digitale anonima. Ho disattivato la cronologia delle attivitˆ e la personalizzazione degli annunci all'interno del mio account. Non autorizzo la creazione di un profilo basato sugli argomenti che leggo o sulle fonti che seguo. Nego l'accesso alla posizione e imposto l'apertura degli articoli nel mio browser privato, per isolare la sessione di lettura dal resto della mia attivitˆ online.;I use aggregators like Google News and Feedly as if they were an anonymous digital newsstand. I have disabled activity history and ad personalization within my account. I do not authorize the creation of a profile based on the topics I read or the sources I follow. I deny location access and set articles to open in my private browser, to isolate the reading session from the rest of my online activity.;GEMINI 2.5;"<Policy PolicyId=""urn:xacml:policy:250:NewsNoProfiling"" Version=""1.0"" RuleCombiningAlgId=""urn:oasis:names:tc:xacml:1.0:rule-combining-algorithm:deny-overrides"">
  <Description>Politica di consultazione anonima per aggregatori di notizie.</Description>
  <Target>
    <Subjects>
      <Subject>
        <Match MatchId=""urn:oasis:names:tc:xacml:1.0:function:string-equal"">
          <AttributeValue DataType=""http://www.w3.org/2001/XMLSchema#string"">GoogleNews</AttributeValue>
          <SubjectAttributeDesignator AttributeId=""urn:oasis:names:tc:xacml:1.0:subject:subject-id"" DataType=""http://www.w3.org/2001/XMLSchema#string""/>
        </Match>
        <Match MatchId=""urn:oasis:names:tc:xacml:1.0:function:string-equal"">
          <AttributeValue DataType=""http://www.w3.org/2001/XMLSchema#string"">Feedly</AttributeValue>
          <SubjectAttributeDesignator AttributeId=""urn:oasis:names:tc:xacml:1.0:subject:subject-id"" DataType=""http://www.w3.org/2001/XMLSchema#string""/>
        </Match>
      </Subjects>
    </Target>
  </Target>

  <Rule RuleId=""urn:xacml:rule:250:DenyProfileCreation"" Effect=""Deny"">
    <Target>
      <Actions>
        <Action>
          <Match MatchId=""urn:oasis:names:tc:xacml:1.0:function:string-equal"">
            <AttributeValue DataType=""http://www.w3.org/2001/XMLSchema#string"">collect</AttributeValue>
            <ActionAttributeDesignator AttributeId=""urn:xacml:1.0:action:action-id"" DataType=""http://www.w3.org/2001/XMLSchema#string""/>
          </Match>
        </Action>
      </Actions>
      <Resources>
        <Resource>
          <Match MatchId=""urn:oasis:names:tc:xacml:1.0:function:string-equal"">
            <AttributeValue DataType=""http://www.w3.org/2001/XMLSchema#string"">UserData.ActivityHistory</AttributeValue>
            <ResourceAttributeDesignator AttributeId=""urn:xacml:data:attribute:resource-type"" DataType=""http://www.w3.org/2001/XMLSchema#string""/>
          </Match>
        </Resource>
      </Resources>
    </Target>
    <Condition>
      <Apply FunctionId=""urn:oasis:names:tc:xacml:1.0:function:or"">
        <Apply FunctionId=""urn:oasis:names:tc:xacml:1.0:function:string-equal"">
          <AttributeValue DataType=""http://www.w3.org/2001/XMLSchema#string"">AdPersonalization</AttributeValue>
          <AttributeDesignator AttributeId=""urn:xacml:context:attribute:purpose"" Category=""urn:oasis:names:tc:xacml:3.0:attribute-category:environment"" DataType=""http://www.w3.org/2001/XMLSchema#string""/>
        </Apply>
        <Apply FunctionId=""urn:oasis:names:tc:xacml:1.0:function:string-equal"">
          <AttributeValue DataType=""http://www.w3.org/2001/XMLSchema#string"">ProfileCreation</AttributeValue>
          <AttributeDesignator AttributeId=""urn:xacml:context:attribute:purpose"" Category=""urn:oasis:names:tc:xacml:3.0:attribute-category:environment"" DataType=""http://www.w3.org/2001/XMLSchema#string""/>
        </Apply>
      </Apply>
    </Condition>
  </Rule>

  <Rule RuleId=""urn:xacml:rule:250:DenyLocation"" Effect=""Deny"">
    <Target>
      <Resources>
        <Resource>
          <Match MatchId=""urn:oasis:names:tc:xacml:1.0:function:string-equal"">
            <AttributeValue DataType=""http://www.w3.org/2001/XMLSchema#string"">Location.Any</AttributeValue>
            <ResourceAttributeDesignator AttributeId=""urn:xacml:location:attribute:resource-type"" DataType=""http://www.w3.org/2001/XMLSchema#string""/>
          </Match>
        </Resource>
      </Resources>
    </Target>
  </Rule>

  <Rule RuleId=""urn:xacml:rule:250:DenyInAppBrowser"" Effect=""Deny"">
    <Target>
      <Actions>
        <Action>
          <Match MatchId=""urn:oasis:names:tc:xacml:1.0:function:string-equal"">
            <AttributeValue DataType=""http://www.w3.org/2001/XMLSchema#string"">open_external_link</AttributeValue>
            <ActionAttributeDesignator AttributeId=""urn:xacml:1.0:action:action-id"" DataType=""http://www.w3.org/2001/XMLSchema#string""/>
          </Match>
        </Action>
      </Actions>
    </Target>
    <Condition>
      <Apply FunctionId=""urn:oasis:names:tc:xacml:1.0:function:string-equal"">
        <AttributeValue DataType=""http://www.w3.org/2001/XMLSchema#string"">InAppBrowser</AttributeValue>
        <AttributeDesignator AttributeId=""urn:xacml:context:attribute:browser-target"" Category=""urn:oasis:names:tc:xacml:3.0:attribute-category:environment"" DataType=""http://www.w3.org/2001/XMLSchema#string""/>
      </Apply>
    </Condition>
    <ObligationExpressions>
      <ObligationExpression ObligationId=""urn:xacml:obligation:action:use-system-private-browser"" FulfillOn=""Deny"">
        <AttributeAssignmentExpression AttributeId=""urn:xacml:attribute:target-browser"">
          <AttributeValue DataType=""http://www.w3.org/2001/XMLSchema#string"">SystemDefaultPrivate</AttributeValue>
        </AttributeAssignmentExpression>
      </ObligationExpression>
    </ObligationExpressions>
  </Rule>
  
  <Rule RuleId=""urn:xacml:rule:250:DefaultDeny"" Effect=""Deny""/>
</Policy>";
251;Transport and mobility;Limited access;Per il car sharing come Enjoy o Share Now, concedo l'accesso alla posizione precisa solo per il tempo necessario a localizzare, prenotare e aprire un veicolo. Terminato il noleggio, l'autorizzazione viene revocata. L'accesso al Bluetooth  consentito per lo sblocco del veicolo. Nego l'accesso alla rubrica e alla fotocamera, a meno che non sia richiesta per la scansione della patente durante la registrazione, e anche in quel caso il permesso  temporaneo.;For car sharing like Zipcar or Getaround, I grant access to the precise location only for the time necessary to locate, book, and unlock a vehicle. Once the rental ends, the permission is revoked. Bluetooth access is allowed for unlocking the vehicle. I deny access to the address book and camera, unless it is required for scanning my driver's license during registration, and even in that case, the permission is temporary.;GEMINI 2.5;"<Policy PolicyId=""urn:xacml:policy:251:CarSharingLimited"" Version=""1.0"" RuleCombiningAlgId=""urn:oasis:names:tc:xacml:1.0:rule-combining-algorithm:deny-overrides"">
  <Description>Politica di accesso temporaneo per app di car sharing (Enjoy, Share Now).</Description>
  <Target>
    <Subjects>
      <Subject>
        <Match MatchId=""urn:oasis:names:tc:xacml:1.0:function:string-equal"">
          <AttributeValue DataType=""http://www.w3.org/2001/XMLSchema#string"">Enjoy</AttributeValue>
          <SubjectAttributeDesignator AttributeId=""urn:oasis:names:tc:xacml:1.0:subject:subject-id"" DataType=""http://www.w3.org/2001/XMLSchema#string""/>
        </Match>
        <Match MatchId=""urn:oasis:names:tc:xacml:1.0:function:string-equal"">
          <AttributeValue DataType=""http://www.w3.org/2001/XMLSchema#string"">ShareNow</AttributeValue>
          <SubjectAttributeDesignator AttributeId=""urn:oasis:names:tc:xacml:1.0:subject:subject-id"" DataType=""http://www.w3.org/2001/XMLSchema#string""/>
        </Match>
      </Subjects>
    </Target>
  </Target>

  <Rule RuleId=""urn:xacml:rule:251:PermitLocationForCoreActions"" Effect=""Permit"">
    <Target>
      <Resources>
        <Resource>
          <Match MatchId=""urn:oasis:names:tc:xacml:1.0:function:string-equal"">
            <AttributeValue DataType=""http://www.w3.org/2001/XMLSchema#string"">Location.Precise</AttributeValue>
            <ResourceAttributeDesignator AttributeId=""urn:xacml:location:attribute:resource-type"" DataType=""http://www.w3.org/2001/XMLSchema#string""/>
          </Match>
        </Resource>
      </Resources>
      <Actions>
        <AnyOf>
          <AllOf>
            <Match MatchId=""urn:oasis:names:tc:xacml:1.0:function:string-equal"">
              <AttributeValue DataType=""http://www.w3.org/2001/XMLSchema#string"">locate_vehicle</AttributeValue>
              <ActionAttributeDesignator AttributeId=""urn:xacml:1.0:action:action-id"" DataType=""http://www.w3.org/2001/XMLSchema#string""/>
            </Match>
          </AllOf>
          <AllOf>
            <Match MatchId=""urn:oasis:names:tc:xacml:1.0:function:string-equal"">
              <AttributeValue DataType=""http://www.w3.org/2001/XMLSchema#string"">open_vehicle</AttributeValue>
              <ActionAttributeDesignator AttributeId=""urn:xacml:1.0:action:action-id"" DataType=""http://www.w3.org/2001/XMLSchema#string""/>
            </Match>
          </AllOf>
        </AnyOf>
      </Actions>
    </Target>
    <ObligationExpressions>
      <ObligationExpression ObligationId=""urn:xacml:obligation:action:revoke-location"" FulfillOn=""Permit"">
        <AttributeAssignmentExpression AttributeId=""urn:xacml:attribute:post-action"">
          <AttributeValue DataType=""http://www.w3.org/2001/XMLSchema#string"">RevokeLocationPermissionAfterRentalEnd</AttributeValue>
        </AttributeAssignmentExpression>
      </ObligationExpression>
    </ObligationExpressions>
  </Rule>

  <Rule RuleId=""urn:xacml:rule:251:PermitBluetooth"" Effect=""Permit"">
    <Target>
      <Resources>
        <Resource>
          <Match MatchId=""urn:oasis:names:tc:xacml:1.0:function:string-equal"">
            <AttributeValue DataType=""http://www.w3.org/2001/XMLSchema#string"">Device.Bluetooth</AttributeValue>
            <ResourceAttributeDesignator AttributeId=""urn:xacml:device:attribute:resource-type"" DataType=""http://www.w3.org/2001/XMLSchema#string""/>
          </Match>
        </Resource>
      </Resources>
    </Target>
  </Rule>

  <Rule RuleId=""urn:xacml:rule:251:DenyContacts"" Effect=""Deny"">
    <Target>
      <Resources>
        <Resource>
          <Match MatchId=""urn:oasis:names:tc:xacml:1.0:function:string-equal"">
            <AttributeValue DataType=""http://www.w3.org/2001/XMLSchema#string"">User.ContactBook</AttributeValue>
            <ResourceAttributeDesignator AttributeId=""urn:xacml:data:attribute:resource-type"" DataType=""http://www.w3.org/2001/XMLSchema#string""/>
          </Match>
        </Resource>
      </Resources>
    </Target>
  </Rule>

  <Rule RuleId=""urn:xacml:rule:251:ConditionalPermitCamera"" Effect=""Permit"">
    <Target>
      <Actions>
        <Action>
          <Match MatchId=""urn:oasis:names:tc:xacml:1.0:function:string-equal"">
            <AttributeValue DataType=""http://www.w3.org/2001/XMLSchema#string"">scan_document</AttributeValue>
            <ActionAttributeDesignator AttributeId=""urn:xacml:1.0:action:action-id"" DataType=""http://www.w3.org/2001/XMLSchema#string""/>
          </Match>
        </Action>
      </Actions>
      <Resources>
        <Resource>
          <Match MatchId=""urn:oasis:names:tc:xacml:1.0:function:string-equal"">
            <AttributeValue DataType=""http://www.w3.org/2001/XMLSchema#string"">Device.Camera</AttributeValue>
            <ResourceAttributeDesignator AttributeId=""urn:xacml:device:attribute:resource-type"" DataType=""http://www.w3.org/2001/XMLSchema#string""/>
          </Match>
        </Resource>
      </Resources>
    </Target>
    <Condition>
      <Apply FunctionId=""urn:oasis:names:tc:xacml:1.0:function:string-equal"">
        <AttributeValue DataType=""http://www.w3.org/2001/XMLSchema#string"">DrivingLicense</AttributeValue>
        <AttributeDesignator AttributeId=""urn:xacml:context:attribute:document-type"" Category=""urn:oasis:names:tc:xacml:3.0:attribute-category:environment"" DataType=""http://www.w3.org/2001/XMLSchema#string""/>
      </Apply>
    </Condition>
    <ObligationExpressions>
      <ObligationExpression ObligationId=""urn:xacml:obligation:action:revoke-camera"" FulfillOn=""Permit"">
        <AttributeAssignmentExpression AttributeId=""urn:xacml:attribute:post-action"">
          <AttributeValue DataType=""http://www.w3.org/2001/XMLSchema#string"">RevokeCameraPermissionAfterScan</AttributeValue>
        </AttributeAssignmentExpression>
      </ObligationExpression>
    </ObligationExpressions>
  </Rule>
  
  <Rule RuleId=""urn:xacml:rule:251:DefaultDeny"" Effect=""Deny""/>
</Policy>";
252;Emergency and safety services;Continuous and priority access;Per l'app 112 Where ARE U, autorizzo l'accesso completo e ininterrotto alla mia posizione precisa, inclusa l'esecuzione in background. Concedo inoltre l'accesso a fotocamera, microfono e alla rete con prioritˆ assoluta su tutte le altre app. Comprendo che, in una situazione di emergenza, la trasmissione tempestiva e dettagliata di questi dati  fondamentale per la mia sicurezza e per l'efficacia dei soccorsi. Questa  l'unica applicazione sul mio dispositivo a cui  concesso un tale livello di privilegio.;"For the official emergency app (e.g., ""Where ARE U 112""), I authorize complete and uninterrupted access to my precise location, including background execution. I also grant access to the camera, microphone, and network with absolute priority over all other apps. I understand that, in an emergency situation, the timely and detailed transmission of this data is fundamental for my safety and for the effectiveness of the rescue. This is the only application on my device granted such a level of privilege.";GEMINI 2.5;"<Policy PolicyId=""urn:xacml:policy:252:EmergencyAbsoluteAccess"" Version=""1.0"" RuleCombiningAlgId=""urn:oasis:names:tc:xacml:1.0:rule-combining-algorithm:deny-overrides"">
  <Description>Politica di accesso continuo e prioritario per l'app 112 Where ARE U.</Description>
  <Target>
    <Subjects>
      <Subject>
        <Match MatchId=""urn:oasis:names:tc:xacml:1.0:function:string-equal"">
          <AttributeValue DataType=""http://www.w3.org/2001/XMLSchema#string"">WhereAreU_112</AttributeValue>
          <SubjectAttributeDesignator AttributeId=""urn:oasis:names:tc:xacml:1.0:subject:subject-id"" DataType=""http://www.w3.org/2001/XMLSchema#string""/>
        </Match>
      </Subjects>
    </Target>
  </Target>

  <Rule RuleId=""urn:xacml:rule:252:PermitAllCriticalAccess"" Effect=""Permit"">
    <Target>
      <Resources>
        <AnyOf>
          <AllOf>
            <Match MatchId=""urn:oasis:names:tc:xacml:1.0:function:string-equal"">
              <AttributeValue DataType=""http://www.w3.org/2001/XMLSchema#string"">Location.Precise</AttributeValue>
              <ResourceAttributeDesignator AttributeId=""urn:xacml:location:attribute:resource-type"" DataType=""http://www.w3.org/2001/XMLSchema#string""/>
            </Match>
          </AllOf>
          <AllOf>
            <Match MatchId=""urn:oasis:names:tc:xacml:1.0:function:string-equal"">
              <AttributeValue DataType=""http://www.w3.org/2001/XMLSchema#string"">Device.Microphone</AttributeValue>
              <ResourceAttributeDesignator AttributeId=""urn:xacml:device:attribute:resource-type"" DataType=""http://www.w3.org/2001/XMLSchema#string""/>
            </Match>
          </AllOf>
          <AllOf>
            <Match MatchId=""urn:oasis:names:tc:xacml:1.0:function:string-equal"">
              <AttributeValue DataType=""http://www.w3.org/2001/XMLSchema#string"">Device.Camera</AttributeValue>
              <ResourceAttributeDesignator AttributeId=""urn:xacml:device:attribute:resource-type"" DataType=""http://www.w3.org/2001/XMLSchema#string""/>
            </Match>
          </AllOf>
          <AllOf>
            <Match MatchId=""urn:oasis:names:tc:xacml:1.0:function:string-equal"">
              <AttributeValue DataType=""http://www.w3.org/2001/XMLSchema#string"">Network.Access</AttributeValue>
              <ResourceAttributeDesignator AttributeId=""urn:xacml:network:attribute:resource-type"" DataType=""http://www.w3.org/2001/XMLSchema#string""/>
            </Match>
          </AllOf>
        </AnyOf>
      </Resources>
    </Target>
    <Condition>
      <Apply FunctionId=""urn:oasis:names:tc:xacml:1.0:function:string-equal"">
        <AttributeValue DataType=""http://www.w3.org/2001/XMLSchema#string"">ContinuousBackground</AttributeValue>
        <AttributeDesignator AttributeId=""urn:xacml:context:attribute:execution-mode"" Category=""urn:oasis:names:tc:xacml:3.0:attribute-category:environment"" DataType=""http://www.w3.org/2001/XMLSchema#string""/>
      </Apply>
    </Condition>
    <ObligationExpressions>
      <ObligationExpression ObligationId=""urn:xacml:obligation:action:set-priority"" FulfillOn=""Permit"">
        <AttributeAssignmentExpression AttributeId=""urn:xacml:attribute:network-priority"">
          <AttributeValue DataType=""http://www.w3.org/2001/XMLSchema#string"">AbsoluteHigh</AttributeValue>
        </AttributeAssignmentExpression>
      </ObligationExpression>
    </ObligationExpressions>
  </Rule>
  
  <Rule RuleId=""urn:xacml:rule:252:DefaultDeny"" Effect=""Deny""/>
</Policy>";
253;Institutional and public utility services;Limited access;"Per l'app PosteID per l'autenticazione SPID, concedo l'accesso alla fotocamera esclusivamente in modalitˆ ""chiedi ogni volta"" per la scansione dei codici QR. Nego qualsiasi altro permesso, inclusi posizione e contatti. Per l'app Agenzia delle Entrate, autorizzo l'accesso all'archiviazione per il download di documenti fiscali, ma nego l'accesso alla rete in background per impedire la sincronizzazione non richiesta. La sicurezza di queste app  fondamentale, ma deve essere ottenuta con il minimo indispensabile dei permessi.";"For the ID.me app for identity authentication, I grant camera access exclusively in ""ask every time"" mode for scanning QR codes. I deny any other permission, including location and contacts. For the official tax agency app (e.g., IRS), I authorize storage access for downloading tax documents, but I deny background network access to prevent unsolicited synchronization. The security of these apps is fundamental, but it must be achieved with the bare minimum of permissions.";GEMINI 2.5;"<Policy PolicyId=""urn:xacml:policy:253:AuthFiscalLimitedAccess"" Version=""1.0"" RuleCombiningAlgId=""urn:oasis:names:tc:xacml:1.0:rule-combining-algorithm:deny-overrides"">
  <Description>Politica di accesso condizionato per app di autenticazione e fiscali (PosteID, AdE).</Description>
  <Target>
    <Subjects>
      <Subject>
        <Match MatchId=""urn:oasis:names:tc:xacml:1.0:function:string-equal"">
          <AttributeValue DataType=""http://www.w3.org/2001/XMLSchema#string"">PosteID</AttributeValue>
          <SubjectAttributeDesignator AttributeId=""urn:oasis:names:tc:xacml:1.0:subject:subject-id"" DataType=""http://www.w3.org/2001/XMLSchema#string""/>
        </Match>
        <Match MatchId=""urn:oasis:names:tc:xacml:1.0:function:string-equal"">
          <AttributeValue DataType=""http://www.w3.org/2001/XMLSchema#string"">AgenziaEntrate</AttributeValue>
          <SubjectAttributeDesignator AttributeId=""urn:oasis:names:tc:xacml:1.0:subject:subject-id"" DataType=""http://www.w3.org/2001/XMLSchema#string""/>
        </Match>
      </Subjects>
    </Target>
  </Target>

  <Rule RuleId=""urn:xacml:rule:253:PermitPosteIDCamera"" Effect=""Permit"">
    <Target>
      <Subjects>
        <Subject>
          <Match MatchId=""urn:oasis:names:tc:xacml:1.0:function:string-equal"">
            <AttributeValue DataType=""http://www.w3.org/2001/XMLSchema#string"">PosteID</AttributeValue>
            <SubjectAttributeDesignator AttributeId=""urn:oasis:names:tc:xacml:1.0:subject:subject-id"" DataType=""http://www.w3.org/2001/XMLSchema#string""/>
          </Match>
        </Subject>
      </Subjects>
      <Actions>
        <Action>
          <Match MatchId=""urn:oasis:names:tc:xacml:1.0:function:string-equal"">
            <AttributeValue DataType=""http://www.w3.org/2001/XMLSchema#string"">scan_qr_code</AttributeValue>
            <ActionAttributeDesignator AttributeId=""urn:xacml:1.0:action:action-id"" DataType=""http://www.w3.org/2001/XMLSchema#string""/>
          </Match>
        </Action>
      </Actions>
      <Resources>
        <Resource>
          <Match MatchId=""urn:oasis:names:tc:xacml:1.0:function:string-equal"">
            <AttributeValue DataType=""http://www.w3.org/2001/XMLSchema#string"">Device.Camera</AttributeValue>
            <ResourceAttributeDesignator AttributeId=""urn:xacml:device:attribute:resource-type"" DataType=""http://www.w3.org/2001/XMLSchema#string""/>
          </Match>
        </Resource>
      </Resources>
    </Target>
    <Condition>
      <Apply FunctionId=""urn:oasis:names:tc:xacml:1.0:function:string-equal"">
        <AttributeValue DataType=""http://www.w3.org/2001/XMLSchema#string"">AskEveryTime</AttributeValue>
        <AttributeDesignator AttributeId=""urn:xacml:context:attribute:permission-mode"" Category=""urn:oasis:names:tc:xacml:3.0:attribute-category:environment"" DataType=""http://www.w3.org/2001/XMLSchema#string""/>
      </Apply>
    </Condition>
  </Rule>

  <Rule RuleId=""urn:xacml:rule:253:PermitAdEStorage"" Effect=""Permit"">
    <Target>
      <Subjects>
        <Subject>
          <Match MatchId=""urn:oasis:names:tc:xacml:1.0:function:string-equal"">
            <AttributeValue DataType=""http://www.w3.org/2001/XMLSchema#string"">AgenziaEntrate</AttributeValue>
            <SubjectAttributeDesignator AttributeId=""urn:oasis:names:tc:xacml:1.0:subject:subject-id"" DataType=""http://www.w3.org/2001/XMLSchema#string""/>
          </Match>
        </Subject>
      </Subjects>
      <Resources>
        <Resource>
          <Match MatchId=""urn:oasis:names:tc:xacml:1.0:function:string-equal"">
            <AttributeValue DataType=""http://www.w3.org/2001/XMLSchema#string"">Device.Storage</AttributeValue>
            <ResourceAttributeDesignator AttributeId=""urn:xacml:device:attribute:resource-type"" DataType=""http://www.w3.org/2001/XMLSchema#string""/>
          </Match>
        </Resource>
      </Resources>
    </Target>
  </Rule>

  <Rule RuleId=""urn:xacml:rule:253:DenyAdEBackgroundNetwork"" Effect=""Deny"">
    <Target>
      <Subjects>
        <Subject>
          <Match MatchId=""urn:oasis:names:tc:xacml:1.0:function:string-equal"">
            <AttributeValue DataType=""http://www.w3.org/2001/XMLSchema#string"">AgenziaEntrate</AttributeValue>
            <SubjectAttributeDesignator AttributeId=""urn:oasis:names:tc:xacml:1.0:subject:subject-id"" DataType=""http://www.w3.org/2001/XMLSchema#string""/>
          </Match>
        </Subject>
      </Subjects>
      <Resources>
        <Resource>
          <Match MatchId=""urn:oasis:names:tc:xacml:1.0:function:string-equal"">
            <AttributeValue DataType=""http://www.w3.org/2001/XMLSchema#string"">Network.Access</AttributeValue>
            <ResourceAttributeDesignator AttributeId=""urn:xacml:network:attribute:resource-type"" DataType=""http://www.w3.org/2001/XMLSchema#string""/>
          </Match>
        </Resource>
      </Resources>
    </Target>
    <Condition>
      <Apply FunctionId=""urn:oasis:names:tc:xacml:1.0:function:string-equal"">
        <AttributeValue DataType=""http://www.w3.org/2001/XMLSchema#string"">Background</AttributeValue>
        <AttributeDesignator AttributeId=""urn:xacml:context:attribute:execution-mode"" Category=""urn:oasis:names:tc:xacml:3.0:attribute-category:environment"" DataType=""http://www.w3.org/2001/XMLSchema#string""/>
      </Apply>
    </Condition>
  </Rule>

  <Rule RuleId=""urn:xacml:rule:253:DenyLocationAndContacts"" Effect=""Deny"">
    <Target>
      <Resources>
        <AnyOf>
          <AllOf>
            <Match MatchId=""urn:oasis:names:tc:xacml:1.0:function:string-equal"">
              <AttributeValue DataType=""http://www.w3.org/2001/XMLSchema#string"">Location.Any</AttributeValue>
              <ResourceAttributeDesignator AttributeId=""urn:xacml:location:attribute:resource-type"" DataType=""http://www.w3.org/2001/XMLSchema#string""/>
            </Match>
          </AllOf>
          <AllOf>
            <Match MatchId=""urn:oasis:names:tc:xacml:1.0:function:string-equal"">
              <AttributeValue DataType=""http://www.w3.org/2001/XMLSchema#string"">User.ContactBook</AttributeValue>
              <ResourceAttributeDesignator AttributeId=""urn:xacml:data:attribute:resource-type"" DataType=""http://www.w3.org/2001/XMLSchema#string""/>
            </Match>
          </AllOf>
        </AnyOf>
      </Resources>
    </Target>
  </Rule>
  
  <Rule RuleId=""urn:xacml:rule:253:DefaultDeny"" Effect=""Deny""/>
</Policy>";
254;Gaming and entertainment;Full access;Per esperienze di gioco in realtˆ aumentata come PokŽmon GO o Pikmin Bloom, concedo l'accesso completo e continuo alla posizione (GPS) e ai sensori di movimento, poichŽ sono indispensabili per la meccanica di gioco. Autorizzo l'accesso alla fotocamera per le funzioni AR e consento all'app di funzionare in background per tracciare i passi e far schiudere le uova. Sono consapevole che questo comporta un significativo consumo di batteria e la condivisione di dati sulla mia mobilitˆ, ma lo accetto come parte integrante dell'esperienza ludica.;For augmented reality gaming experiences like PokŽmon GO or Pikmin Bloom, I grant full and continuous access to location (GPS) and motion sensors, as they are essential to the game mechanics. I authorize camera access for AR functions and allow the app to run in the background to track steps and hatch eggs. I am aware this involves significant battery consumption and sharing of my mobility data, but I accept it as an integral part of the gaming experience.;GEMINI 2.5;"<Policy PolicyId=""urn:xacml:policy:254:ARGamingFullAccess"" Version=""1.0"" RuleCombiningAlgId=""urn:oasis:names:tc:xacml:1.0:rule-combining-algorithm:deny-overrides"">
  <Description>Politica di accesso completo per giochi in Realtˆ Aumentata (PokŽmon GO, Pikmin Bloom).</Description>
  <Target>
    <Subjects>
      <Subject>
        <Match MatchId=""urn:oasis:names:tc:xacml:1.0:function:string-equal"">
          <AttributeValue DataType=""http://www.w3.org/2001/XMLSchema#string"">PokemonGO</AttributeValue>
          <SubjectAttributeDesignator AttributeId=""urn:oasis:names:tc:xacml:1.0:subject:subject-id"" DataType=""http://www.w3.org/2001/XMLSchema#string""/>
        </Match>
        <Match MatchId=""urn:oasis:names:tc:xacml:1.0:function:string-equal"">
          <AttributeValue DataType=""http://www.w3.org/2001/XMLSchema#string"">PikminBloom</AttributeValue>
          <SubjectAttributeDesignator AttributeId=""urn:oasis:names:tc:xacml:1.0:subject:subject-id"" DataType=""http://www.w3.org/2001/XMLSchema#string""/>
        </Match>
      </Subjects>
    </Target>
  </Target>

  <Rule RuleId=""urn:xacml:rule:254:PermitAllARResources"" Effect=""Permit"">
    <Target>
      <Resources>
        <AnyOf>
          <AllOf>
            <Match MatchId=""urn:oasis:names:tc:xacml:1.0:function:string-equal"">
              <AttributeValue DataType=""http://www.w3.org/2001/XMLSchema#string"">Location.Precise</AttributeValue>
              <ResourceAttributeDesignator AttributeId=""urn:xacml:location:attribute:resource-type"" DataType=""http://www.w3.org/2001/XMLSchema#string""/>
            </Match>
          </AllOf>
          <AllOf>
            <Match MatchId=""urn:oasis:names:tc:xacml:1.0:function:string-equal"">
              <AttributeValue DataType=""http://www.w3.org/2001/XMLSchema#string"">Device.MotionSensors</AttributeValue>
              <ResourceAttributeDesignator AttributeId=""urn:xacml:device:attribute:resource-type"" DataType=""http://www.w3.org/2001/XMLSchema#string""/>
            </Match>
          </AllOf>
          <AllOf>
            <Match MatchId=""urn:oasis:names:tc:xacml:1.0:function:string-equal"">
              <AttributeValue DataType=""http://www.w3.org/2001/XMLSchema#string"">Device.Camera</AttributeValue>
              <ResourceAttributeDesignator AttributeId=""urn:xacml:device:attribute:resource-type"" DataType=""http://www.w3.org/2001/XMLSchema#string""/>
            </Match>
          </AllOf>
        </AnyOf>
      </Resources>
    </Target>
    <Condition>
      <Apply FunctionId=""urn:oasis:names:tc:xacml:1.0:function:string-equal"">
        <AttributeValue DataType=""http://www.w3.org/2001/XMLSchema#string"">ContinuousBackground</AttributeValue>
        <AttributeDesignator AttributeId=""urn:xacml:context:attribute:execution-mode"" Category=""urn:oasis:names:tc:xacml:3.0:attribute-category:environment"" DataType=""http://www.w3.org/2001/XMLSchema#string""/>
      </Apply>
    </Condition>
    <AdviceExpressions>
      <AdviceExpression AdviceId=""urn:xacml:advice:note-privacy-tradeoff"" AppliesTo=""Permit"">
        <AttributeAssignmentExpression AttributeId=""urn:xacml:attribute:user-acceptance"">
          <AttributeValue DataType=""http://www.w3.org/2001/XMLSchema#string"">AcceptedDataSharingForCoreFunctionality</AttributeValue>
        </AttributeAssignmentExpression>
      </AdviceExpression>
    </AdviceExpressions>
  </Rule>
  
  <Rule RuleId=""urn:xacml:rule:254:DefaultDeny"" Effect=""Deny""/>
</Policy>";
255;Home and smart home;Continuous and priority access;"Per l'app di gestione del mio sistema di allarme domestico (es. Verisure), concedo l'accesso prioritario alle notifiche push, che devono bypassare qualsiasi modalitˆ ""Non disturbare"". Autorizzo l'accesso alla rete in background per garantire che lo stato del sistema sia sempre aggiornato in tempo reale. Concedo l'accesso alla posizione approssimativa per le funzioni di geofencing (es. ""ricordami di inserire l'allarme quando esco""), ma nego l'accesso al microfono o alla fotocamera tramite l'app del telefono per mantenere la privacy all'interno dell'abitazione.";"For my home alarm system's management app (e.g., ADT or SimpliSafe), I grant priority access to push notifications, which must bypass any ""Do Not Disturb"" mode. I authorize background network access to ensure the system status is always updated in real-time. I grant access to the approximate location for geofencing functions (e.g., ""remind me to set the alarm when I leave""), but I deny access to the microphone or camera via the phone app to maintain privacy inside the home.";GEMINI 2.5;"<Policy PolicyId=""urn:xacml:policy:255:SecuritySystemPriorityAccess"" Version=""1.0"" RuleCombiningAlgId=""urn:oasis:names:tc:xacml:1.0:rule-combining-algorithm:deny-overrides"">
  <Description>Politica di accesso prioritario per app di sistemi di allarme (Verisure).</Description>
  <Target>
    <Subjects>
      <Subject>
        <Match MatchId=""urn:oasis:names:tc:xacml:1.0:function:string-equal"">
          <AttributeValue DataType=""http://www.w3.org/2001/XMLSchema#string"">Verisure</AttributeValue>
          <SubjectAttributeDesignator AttributeId=""urn:oasis:names:tc:xacml:1.0:subject:subject-id"" DataType=""http://www.w3.org/2001/XMLSchema#string""/>
        </Match>
      </Subjects>
    </Target>
  </Target>

  <Rule RuleId=""urn:xacml:rule:255:PermitPriorityNotifications"" Effect=""Permit"">
    <Target>
      <Resources>
        <Resource>
          <Match MatchId=""urn:oasis:names:tc:xacml:1.0:function:string-equal"">
            <AttributeValue DataType=""http://www.w3.org/2001/XMLSchema#string"">Notification.Push</AttributeValue>
            <ResourceAttributeDesignator AttributeId=""urn:xacml:notification:attribute:resource-type"" DataType=""http://www.w3.org/2001/XMLSchema#string""/>
          </Match>
        </Resource>
      </Resources>
    </Target>
    <ObligationExpressions>
      <ObligationExpression ObligationId=""urn:xacml:obligation:action:bypass-dnd"" FulfillOn=""Permit"">
        <AttributeAssignmentExpression AttributeId=""urn:xacml:attribute:notification-setting"">
          <AttributeValue DataType=""http://www.w3.org/2001/XMLSchema#string"">BypassDoNotDisturb</AttributeValue>
        </AttributeAssignmentExpression>
      </ObligationExpression>
    </ObligationExpressions>
  </Rule>

  <Rule RuleId=""urn:xacml:rule:255:PermitBackgroundNetwork"" Effect=""Permit"">
    <Target>
      <Resources>
        <Resource>
          <Match MatchId=""urn:oasis:names:tc:xacml:1.0:function:string-equal"">
            <AttributeValue DataType=""http://www.w3.org/2001/XMLSchema#string"">Network.Access</AttributeValue>
            <ResourceAttributeDesignator AttributeId=""urn:xacml:network:attribute:resource-type"" DataType=""http://www.w3.org/2001/XMLSchema#string""/>
          </Match>
        </Resource>
      </Resources>
    </Target>
    <Condition>
      <Apply FunctionId=""urn:oasis:names:tc:xacml:1.0:function:string-equal"">
        <AttributeValue DataType=""http://www.w3.org/2001/XMLSchema#string"">Background</AttributeValue>
        <AttributeDesignator AttributeId=""urn:xacml:context:attribute:execution-mode"" Category=""urn:oasis:names:tc:xacml:3.0:attribute-category:environment"" DataType=""http://www.w3.org/2001/XMLSchema#string""/>
      </Apply>
    </Condition>
  </Rule>

  <Rule RuleId=""urn:xacml:rule:255:PermitApproximateLocationGeofence"" Effect=""Permit"">
    <Target>
      <Resources>
        <Resource>
          <Match MatchId=""urn:oasis:names:tc:xacml:1.0:function:string-equal"">
            <AttributeValue DataType=""http://www.w3.org/2001/XMLSchema#string"">Location.Approximate</AttributeValue>
            <ResourceAttributeDesignator AttributeId=""urn:xacml:location:attribute:resource-type"" DataType=""http://www.w3.org/2001/XMLSchema#string""/>
          </Match>
        </Resource>
      </Resources>
    </Target>
    <Condition>
      <Apply FunctionId=""urn:oasis:names:tc:xacml:1.0:function:string-equal"">
        <AttributeValue DataType=""http://www.w3.org/2001/XMLSchema#string"">Geofencing</AttributeValue>
        <AttributeDesignator AttributeId=""urn:xacml:context:attribute:purpose"" Category=""urn:oasis:names:tc:xacml:3.0:attribute-category:environment"" DataType=""http://www.w3.org/2001/XMLSchema#string""/>
      </Apply>
    </Condition>
  </Rule>

  <Rule RuleId=""urn:xacml:rule:255:DenyPhoneMicCamera"" Effect=""Deny"">
    <Target>
      <Resources>
        <AnyOf>
          <AllOf>
            <Match MatchId=""urn:oasis:names:tc:xacml:1.0:function:string-equal"">
              <AttributeValue DataType=""http://www.w3.org/2001/XMLSchema#string"">Device.Microphone</AttributeValue>
              <ResourceAttributeDesignator AttributeId=""urn:xacml:device:attribute:resource-type"" DataType=""http://www.w3.org/2001/XMLSchema#string""/>
            </Match>
          </AllOf>
          <AllOf>
            <Match MatchId=""urn:oasis:names:tc:xacml:1.0:function:string-equal"">
              <AttributeValue DataType=""http://www.w3.org/2001/XMLSchema#string"">Device.Camera</AttributeValue>
              <ResourceAttributeDesignator AttributeId=""urn:xacml:device:attribute:resource-type"" DataType=""http://www.w3.org/2001/XMLSchema#string""/>
            </Match>
          </AllOf>
        </AnyOf>
      </Resources>
    </Target>
  </Rule>
  
  <Rule RuleId=""urn:xacml:rule:255:DefaultDeny"" Effect=""Deny""/>
</Policy>";
256;News and information;Limited access;Per aggregatori di podcast come Spotify o Google Podcasts, autorizzo il download automatico di nuovi episodi delle serie che seguo, ma solo tramite rete Wi-Fi per non consumare dati mobili. Nego l'accesso al microfono, alla posizione e ai contatti. Non consento l'analisi dei miei ascolti per creare un profilo psicografico o per suggerirmi pubblicitˆ personalizzate al di fuori del contesto dei podcast stessi.;For podcast aggregators like Spotify or Google Podcasts, I authorize the automatic download of new episodes of the series I follow, but only over a Wi-Fi network to avoid consuming mobile data. I deny access to the microphone, location, and contacts. I do not allow the analysis of my listening habits to create a psychographic profile or to suggest personalized advertising outside the context of the podcasts themselves.;GEMINI 2.5;"<Policy PolicyId=""urn:xacml:policy:256:PodcastLimitedAccess"" Version=""1.0"" RuleCombiningAlgId=""urn:oasis:names:tc:xacml:1.0:rule-combining-algorithm:deny-overrides"">
  <Description>Politica di accesso limitato per aggregatori di podcast (Spotify, Google Podcasts).</Description>
  <Target>
    <Subjects>
      <Subject>
        <Match MatchId=""urn:oasis:names:tc:xacml:1.0:function:string-equal"">
          <AttributeValue DataType=""http://www.w3.org/2001/XMLSchema#string"">Spotify</AttributeValue>
          <SubjectAttributeDesignator AttributeId=""urn:oasis:names:tc:xacml:1.0:subject:subject-id"" DataType=""http://www.w3.org/2001/XMLSchema#string""/>
        </Match>
        <Match MatchId=""urn:oasis:names:tc:xacml:1.0:function:string-equal"">
          <AttributeValue DataType=""http://www.w3.org/2001/XMLSchema#string"">GooglePodcasts</AttributeValue>
          <SubjectAttributeDesignator AttributeId=""urn:oasis:names:tc:xacml:1.0:subject:subject-id"" DataType=""http://www.w3.org/2001/XMLSchema#string""/>
        </Match>
      </Subjects>
    </Target>
  </Target>

  <Rule RuleId=""urn:xacml:rule:256:PermitDownloadWiFi"" Effect=""Permit"">
    <Target>
      <Actions>
        <Action>
          <Match MatchId=""urn:oasis:names:tc:xacml:1.0:function:string-equal"">
            <AttributeValue DataType=""http://www.w3.org/2001/XMLSchema#string"">download_content</AttributeValue>
            <ActionAttributeDesignator AttributeId=""urn:xacml:1.0:action:action-id"" DataType=""http://www.w3.org/2001/XMLSchema#string""/>
          </Match>
        </Action>
      </Actions>
    </Target>
    <Condition>
      <Apply FunctionId=""urn:oasis:names:tc:xacml:1.0:function:string-equal"">
        <AttributeValue DataType=""http://www.w3.org/2001/XMLSchema#string"">Wi-Fi</AttributeValue>
        <AttributeDesignator AttributeId=""urn:xacml:context:attribute:network-type"" Category=""urn:oasis:names:tc:xacml:3.0:attribute-category:environment"" DataType=""http://www.w3.org/2001/XMLSchema#string""/>
      </Apply>
    </Condition>
  </Rule>

  <Rule RuleId=""urn:xacml:rule:256:DenySensorsContacts"" Effect=""Deny"">
    <Target>
      <Resources>
        <AnyOf>
          <AllOf>
            <Match MatchId=""urn:oasis:names:tc:xacml:1.0:function:string-equal"">
              <AttributeValue DataType=""http://www.w3.org/2001/XMLSchema#string"">Device.Microphone</AttributeValue>
              <ResourceAttributeDesignator AttributeId=""urn:xacml:device:attribute:resource-type"" DataType=""http://www.w3.org/2001/XMLSchema#string""/>
            </Match>
          </AllOf>
          <AllOf>
            <Match MatchId=""urn:oasis:names:tc:xacml:1.0:function:string-equal"">
              <AttributeValue DataType=""http://www.w3.org/2001/XMLSchema#string"">Location.Any</AttributeValue>
              <ResourceAttributeDesignator AttributeId=""urn:xacml:location:attribute:resource-type"" DataType=""http://www.w3.org/2001/XMLSchema#string""/>
            </Match>
          </AllOf>
          <AllOf>
            <Match MatchId=""urn:oasis:names:tc:xacml:1.0:function:string-equal"">
              <AttributeValue DataType=""http://www.w3.org/2001/XMLSchema#string"">User.ContactBook</AttributeValue>
              <ResourceAttributeDesignator AttributeId=""urn:xacml:data:attribute:resource-type"" DataType=""http://www.w3.org/2001/XMLSchema#string""/>
            </Match>
          </AllOf>
        </AnyOf>
      </Resources>
    </Target>
  </Rule>

  <Rule RuleId=""urn:xacml:rule:256:DenyPsychographicProfiling"" Effect=""Deny"">
    <Target>
      <Actions>
        <Action>
          <Match MatchId=""urn:oasis:names:tc:xacml:1.0:function:string-equal"">
            <AttributeValue DataType=""http://www.w3.org/2001/XMLSchema#string"">analyze</AttributeValue>
            <ActionAttributeDesignator AttributeId=""urn:xacml:1.0:action:action-id"" DataType=""http://www.w3.org/2001/XMLSchema#string""/>
          </Match>
        </Action>
      </Actions>
      <Resources>
        <Resource>
          <Match MatchId=""urn:oasis:names:tc:xacml:1.0:function:string-equal"">
            <AttributeValue DataType=""http://www.w3.org/2001/XMLSchema#string"">UserData.ListeningHistory</AttributeValue>
            <ResourceAttributeDesignator AttributeId=""urn:xacml:data:attribute:resource-type"" DataType=""http://www.w3.org/2001/XMLSchema#string""/>
          </Match>
        </Resource>
      </Resources>
    </Target>
    <Condition>
      <Apply FunctionId=""urn:oasis:names:tc:xacml:1.0:function:or"">
        <Apply FunctionId=""urn:oasis:names:tc:xacml:1.0:function:string-equal"">
          <AttributeValue DataType=""http://www.w3.org/2001/XMLSchema#string"">PsychographicProfiling</AttributeValue>
          <AttributeDesignator AttributeId=""urn:xacml:context:attribute:purpose"" Category=""urn:oasis:names:tc:xacml:3.0:attribute-category:environment"" DataType=""http://www.w3.org/2001/XMLSchema#string""/>
        </Apply>
        <Apply FunctionId=""urn:oasis:names:tc:xacml:1.0:function:string-equal"">
          <AttributeValue DataType=""http://www.w3.org/2001/XMLSchema#string"">ExternalAdvertising</AttributeValue>
          <AttributeDesignator AttributeId=""urn:xacml:context:attribute:purpose"" Category=""urn:oasis:names:tc:xacml:3.0:attribute-category:environment"" DataType=""http://www.w3.org/2001/XMLSchema#string""/>
        </Apply>
      </Apply>
    </Condition>
  </Rule>
  
  <Rule RuleId=""urn:xacml:rule:256:DefaultDeny"" Effect=""Deny""/>
</Policy>";
257;Institutional and public utility services;Access only while in use;Per l'app Fascicolo Sanitario, concedo l'accesso all'archiviazione e alla rete solo mentre l'app  aperta in primo piano per consultare referti o prenotare visite. Rifiuto qualsiasi notifica push non direttamente legata a un appuntamento imminente. L'accesso a fotocamera, microfono e posizione  permanentemente negato. I miei dati sanitari sono tra le informazioni pi private e il loro accesso deve essere esplicito, intenzionale e limitato nel tempo.;For my Electronic Health Record app, I grant access to storage and the network only while the app is open in the foreground to consult reports or book appointments. I refuse any push notifications not directly related to an impending appointment. Access to the camera, microphone, and location is permanently denied. My health data is among the most private information, and access to it must be explicit, intentional, and time-limited.;GEMINI 2.5;"<Policy PolicyId=""urn:xacml:policy:257:HealthFolderForegroundOnly"" Version=""1.0"" RuleCombiningAlgId=""urn:oasis:names:tc:xacml:1.0:rule-combining-algorithm:deny-overrides"">
  <Description>Politica di accesso esclusivo in primo piano per Fascicolo Sanitario Elettronico.</Description>
  <Target>
    <Subjects>
      <Subject>
        <Match MatchId=""urn:oasis:names:tc:xacml:1.0:function:string-equal"">
          <AttributeValue DataType=""http://www.w3.org/2001/XMLSchema#string"">FascicoloSanitario</AttributeValue>
          <SubjectAttributeDesignator AttributeId=""urn:oasis:names:tc:xacml:1.0:subject:subject-id"" DataType=""http://www.w3.org/2001/XMLSchema#string""/>
        </Match>
      </Subjects>
    </Target>
  </Target>

  <Rule RuleId=""urn:xacml:rule:257:PermitForegroundAccess"" Effect=""Permit"">
    <Target>
      <Resources>
        <AnyOf>
          <AllOf>
            <Match MatchId=""urn:oasis:names:tc:xacml:1.0:function:string-equal"">
              <AttributeValue DataType=""http://www.w3.org/2001/XMLSchema#string"">Device.Storage</AttributeValue>
              <ResourceAttributeDesignator AttributeId=""urn:xacml:device:attribute:resource-type"" DataType=""http://www.w3.org/2001/XMLSchema#string""/>
            </Match>
          </AllOf>
          <AllOf>
            <Match MatchId=""urn:oasis:names:tc:xacml:1.0:function:string-equal"">
              <AttributeValue DataType=""http://www.w3.org/2001/XMLSchema#string"">Network.Access</AttributeValue>
              <ResourceAttributeDesignator AttributeId=""urn:xacml:network:attribute:resource-type"" DataType=""http://www.w3.org/2001/XMLSchema#string""/>
            </Match>
          </AllOf>
        </AnyOf>
      </Resources>
    </Target>
    <Condition>
      <Apply FunctionId=""urn:oasis:names:tc:xacml:1.0:function:string-equal"">
        <AttributeValue DataType=""http://www.w3.org/2001/XMLSchema#string"">Foreground</AttributeValue>
        <AttributeDesignator AttributeId=""urn:xacml:context:attribute:execution-mode"" Category=""urn:oasis:names:tc:xacml:3.0:attribute-category:environment"" DataType=""http://www.w3.org/2001/XMLSchema#string""/>
      </Apply>
    </Condition>
  </Rule>

  <Rule RuleId=""urn:xacml:rule:257:DenyNonImminentNotifications"" Effect=""Deny"">
    <Target>
      <Resources>
        <Resource>
          <Match MatchId=""urn:oasis:names:tc:xacml:1.0:function:string-equal"">
            <AttributeValue DataType=""http://www.w3.org/2001/XMLSchema#string"">Notification.Push</AttributeValue>
            <ResourceAttributeDesignator AttributeId=""urn:xacml:notification:attribute:resource-type"" DataType=""http://www.w3.org/2001/XMLSchema#string""/>
          </Match>
        </Resource>
      </Resources>
    </Target>
    <Condition>
      <Apply FunctionId=""urn:oasis:names:tc:xacml:1.0:function:string-equal"">
        <AttributeValue DataType=""http://www.w3.org/2001/XMLSchema#string"">NonImminentAppointment</AttributeValue>
        <AttributeDesignator AttributeId=""urn:xacml:context:attribute:notification-type"" Category=""urn:oasis:names:tc:xacml:3.0:attribute-category:environment"" DataType=""http://www.w3.org/2001/XMLSchema#string""/>
      </Apply>
    </Condition>
  </Rule>

  <Rule RuleId=""urn:xacml:rule:257:DenySensitiveSensors"" Effect=""Deny"">
    <Target>
      <Resources>
        <AnyOf>
          <AllOf>
            <Match MatchId=""urn:oasis:names:tc:xacml:1.0:function:string-equal"">
              <AttributeValue DataType=""http://www.w3.org/2001/XMLSchema#string"">Device.Camera</AttributeValue>
              <ResourceAttributeDesignator AttributeId=""urn:xacml:device:attribute:resource-type"" DataType=""http://www.w3.org/2001/XMLSchema#string""/>
            </Match>
          </AllOf>
          <AllOf>
            <Match MatchId=""urn:oasis:names:tc:xacml:1.0:function:string-equal"">
              <AttributeValue DataType=""http://www.w3.org/2001/XMLSchema#string"">Device.Microphone</AttributeValue>
              <ResourceAttributeDesignator AttributeId=""urn:xacml:device:attribute:resource-type"" DataType=""http://www.w3.org/2001/XMLSchema#string""/>
            </Match>
          </AllOf>
          <AllOf>
            <Match MatchId=""urn:oasis:names:tc:xacml:1.0:function:string-equal"">
              <AttributeValue DataType=""http://www.w3.org/2001/XMLSchema#string"">Location.Any</AttributeValue>
              <ResourceAttributeDesignator AttributeId=""urn:xacml:location:attribute:resource-type"" DataType=""http://www.w3.org/2001/XMLSchema#string""/>
            </Match>
          </AllOf>
        </AnyOf>
      </Resources>
    </Target>
  </Rule>
  
  <Rule RuleId=""urn:xacml:rule:257:DefaultDeny"" Effect=""Deny""/>
</Policy>";
258;Emergency and safety services;Continuous and priority access;Per le app di sicurezza personale che condividono il percorso con contatti fidati (es. Life360), concedo l'accesso continuo e in background alla mia posizione GPS. Questa autorizzazione  finalizzata esclusivamente a permettere a un circolo ristretto di persone pre-approvate di verificare la mia posizione in tempo reale per motivi di sicurezza. Ho disabilitato qualsiasi funzione accessoria come i report sulla guida o l'analisi dei luoghi visitati, per garantire che i dati sulla mia mobilitˆ non vengano usati per profilazione.;For personal safety apps that share my route with trusted contacts (e.g., Life360), I grant continuous, background access to my GPS location. This permission is solely for allowing a small circle of pre-approved people to check my location in real-time for safety reasons. I have disabled all ancillary functions like driving reports or analysis of visited places, to ensure my mobility data is not used for profiling.;GEMINI 2.5;"<Policy PolicyId=""urn:xacml:policy:258:SafetySharingContinuousAccess"" Version=""1.0"" RuleCombiningAlgId=""urn:oasis:names:tc:xacml:1.0:rule-combining-algorithm:deny-overrides"">
  <Description>Politica di condivisione continua della posizione con contatti fidati (Life360).</Description>
  <Target>
    <Subjects>
      <Subject>
        <Match MatchId=""urn:oasis:names:tc:xacml:1.0:function:string-equal"">
          <AttributeValue DataType=""http://www.w3.org/2001/XMLSchema#string"">Life360</AttributeValue>
          <SubjectAttributeDesignator AttributeId=""urn:oasis:names:tc:xacml:1.0:subject:subject-id"" DataType=""http://www.w3.org/2001/XMLSchema#string""/>
        </Match>
      </Subjects>
    </Target>
  </Target>

  <Rule RuleId=""urn:xacml:rule:258:PermitContinuousLocation"" Effect=""Permit"">
    <Target>
      <Resources>
        <Resource>
          <Match MatchId=""urn:oasis:names:tc:xacml:1.0:function:string-equal"">
            <AttributeValue DataType=""http://www.w3.org/2001/XMLSchema#string"">Location.Precise</AttributeValue>
            <ResourceAttributeDesignator AttributeId=""urn:xacml:location:attribute:resource-type"" DataType=""http://www.w3.org/2001/XMLSchema#string""/>
          </Match>
        </Resource>
      </Resources>
    </Target>
    <Condition>
      <Apply FunctionId=""urn:oasis:names:tc:xacml:1.0:function:and"">
        <Apply FunctionId=""urn:oasis:names:tc:xacml:1.0:function:string-equal"">
          <AttributeValue DataType=""http://www.w3.org/2001/XMLSchema#string"">ContinuousBackground</AttributeValue>
          <AttributeDesignator AttributeId=""urn:xacml:context:attribute:execution-mode"" Category=""urn:oasis:names:tc:xacml:3.0:attribute-category:environment"" DataType=""http://www.w3.org/2001/XMLSchema#string""/>
        </Apply>
        <Apply FunctionId=""urn:oasis:names:tc:xacml:1.0:function:string-equal"">
          <AttributeValue DataType=""http://www.w3.org/2001/XMLSchema#string"">PreApprovedTrustedCircle</AttributeValue>
          <AttributeDesignator AttributeId=""urn:xacml:context:attribute:data-recipient"" Category=""urn:oasis:names:tc:xacml:3.0:attribute-category:environment"" DataType=""http://www.w3.org/2001/XMLSchema#string""/>
        </Apply>
      </Apply>
    </Condition>
  </Rule>

  <Rule RuleId=""urn:xacml:rule:258:DenyProfilingFeatures"" Effect=""Deny"">
    <Target>
      <Actions>
        <Action>
          <Match MatchId=""urn:oasis:names:tc:xacml:1.0:function:string-equal"">
            <AttributeValue DataType=""http://www.w3.org/2001/XMLSchema#string"">analyze</AttributeValue>
            <ActionAttributeDesignator AttributeId=""urn:xacml:1.0:action:action-id"" DataType=""http://www.w3.org/2001/XMLSchema#string""/>
          </Match>
        </Action>
      </Actions>
    </Target>
    <Condition>
      <Apply FunctionId=""urn:oasis:names:tc:xacml:1.0:function:or"">
        <Apply FunctionId=""urn:oasis:names:tc:xacml:1.0:function:string-equal"">
          <AttributeValue DataType=""http://www.w3.org/2001/XMLSchema#string"">DrivingReport</AttributeValue>
          <AttributeDesignator AttributeId=""urn:xacml:context:attribute:purpose"" Category=""urn:oasis:names:tc:xacml:3.0:attribute-category:environment"" DataType=""http://www.w3.org/2001/XMLSchema#string""/>
        </Apply>
        <Apply FunctionId=""urn:oasis:names:tc:xacml:1.0:function:string-equal"">
          <AttributeValue DataType=""http://www.w3.org/2001/XMLSchema#string"">PlaceAnalysis</AttributeValue>
          <AttributeDesignator AttributeId=""urn:xacml:context:attribute:purpose"" Category=""urn:oasis:names:tc:xacml:3.0:attribute-category:environment"" DataType=""http://www.w3.org/2001/XMLSchema#string""/>
        </Apply>
      </Apply>
    </Condition>
  </Rule>
  
  <Rule RuleId=""urn:xacml:rule:258:DefaultDeny"" Effect=""Deny""/>
</Policy>";
259;Institutional and public utility services;Limited access;"Per l'app del mio fornitore di servizi idrici o energetici (es. Enel Energia o A2A), concedo l'accesso alla rete solo per consultare le bollette, monitorare i consumi e inviare l'autolettura. Autorizzo l'accesso alla fotocamera, in modalitˆ ""chiedi ogni volta"", solo per la scansione del codice a barre del contatore. Nego permanentemente l'accesso a posizione, contatti e microfono, e disattivo tutte le notifiche di natura commerciale, mantenendo solo quelle relative a scadenze o interruzioni di servizio.";"For my water or energy provider's app (e.g., PG&E or Con Edison), I grant network access only to view bills, monitor consumption, and submit self-readings. I authorize camera access, in ""ask every time"" mode, only for scanning the meter's barcode. I permanently deny access to location, contacts, and microphone, and I disable all commercial notifications, keeping only those related to deadlines or service interruptions.";GEMINI 2.5;"<Policy PolicyId=""urn:xacml:policy:259:UtilityBillingLimited"" Version=""1.0"" RuleCombiningAlgId=""urn:oasis:names:tc:xacml:1.0:rule-combining-algorithm:deny-overrides"">
  <Description>Politica di accesso limitato per app di fornitura servizi (Enel Energia, A2A).</Description>
  <Target>
    <Subjects>
      <Subject>
        <Match MatchId=""urn:oasis:names:tc:xacml:1.0:function:string-equal"">
          <AttributeValue DataType=""http://www.w3.org/2001/XMLSchema#string"">EnelEnergia</AttributeValue>
          <SubjectAttributeDesignator AttributeId=""urn:oasis:names:tc:xacml:1.0:subject:subject-id"" DataType=""http://www.w3.org/2001/XMLSchema#string""/>
        </Match>
        <Match MatchId=""urn:oasis:names:tc:xacml:1.0:function:string-equal"">
          <AttributeValue DataType=""http://www.w3.org/2001/XMLSchema#string"">A2A</AttributeValue>
          <SubjectAttributeDesignator AttributeId=""urn:oasis:names:tc:xacml:1.0:subject:subject-id"" DataType=""http://www.w3.org/2001/XMLSchema#string""/>
        </Match>
      </Subjects>
    </Target>
  </Target>

  <Rule RuleId=""urn:xacml:rule:259:PermitNetworkForBilling"" Effect=""Permit"">
    <Target>
      <Resources>
        <Resource>
          <Match MatchId=""urn:oasis:names:tc:xacml:1.0:function:string-equal"">
            <AttributeValue DataType=""http://www.w3.org/2001/XMLSchema#string"">Network.Access</AttributeValue>
            <ResourceAttributeDesignator AttributeId=""urn:xacml:network:attribute:resource-type"" DataType=""http://www.w3.org/2001/XMLSchema#string""/>
          </Match>
        </Resource>
      </Resources>
    </Target>
    <Condition>
      <Apply FunctionId=""urn:oasis:names:tc:xacml:1.0:function:or"">
        <Apply FunctionId=""urn:oasis:names:tc:xacml:1.0:function:string-equal"">
          <AttributeValue DataType=""http://www.w3.org/2001/XMLSchema#string"">ConsultBills</AttributeValue>
          <AttributeDesignator AttributeId=""urn:xacml:context:attribute:purpose"" Category=""urn:oasis:names:tc:xacml:3.0:attribute-category:environment"" DataType=""http://www.w3.org/2001/XMLSchema#string""/>
        </Apply>
        <Apply FunctionId=""urn:oasis:names:tc:xacml:1.0:function:string-equal"">
          <AttributeValue DataType=""http://www.w3.org/2001/XMLSchema#string"">SendReadings</AttributeValue>
          <AttributeDesignator AttributeId=""urn:xacml:context:attribute:purpose"" Category=""urn:oasis:names:tc:xacml:3.0:attribute-category:environment"" DataType=""http://www.w3.org/2001/XMLSchema#string""/>
        </Apply>
      </Apply>
    </Condition>
  </Rule>

  <Rule RuleId=""urn:xacml:rule:259:PermitCameraForScan"" Effect=""Permit"">
    <Target>
      <Actions>
        <Action>
          <Match MatchId=""urn:oasis:names:tc:xacml:1.0:function:string-equal"">
            <AttributeValue DataType=""http://www.w3.org/2001/XMLSchema#string"">scan_barcode</AttributeValue>
            <ActionAttributeDesignator AttributeId=""urn:xacml:1.0:action:action-id"" DataType=""http://www.w3.org/2001/XMLSchema#string""/>
          </Match>
        </Action>
      </Actions>
      <Resources>
        <Resource>
          <Match MatchId=""urn:oasis:names:tc:xacml:1.0:function:string-equal"">
            <AttributeValue DataType=""http://www.w3.org/2001/XMLSchema#string"">Device.Camera</AttributeValue>
            <ResourceAttributeDesignator AttributeId=""urn:xacml:device:attribute:resource-type"" DataType=""http://www.w3.org/2001/XMLSchema#string""/>
          </Match>
        </Resource>
      </Resources>
    </Target>
    <Condition>
      <Apply FunctionId=""urn:oasis:names:tc:xacml:1.0:function:string-equal"">
        <AttributeValue DataType=""http://www.w3.org/2001/XMLSchema#string"">AskEveryTime</AttributeValue>
        <AttributeDesignator AttributeId=""urn:xacml:context:attribute:permission-mode"" Category=""urn:oasis:names:tc:xacml:3.0:attribute-category:environment"" DataType=""http://www.w3.org/2001/XMLSchema#string""/>
      </Apply>
    </Condition>
  </Rule>

  <Rule RuleId=""urn:xacml:rule:259:DenySensitiveSensors"" Effect=""Deny"">
    <Target>
      <Resources>
        <AnyOf>
          <AllOf>
            <Match MatchId=""urn:oasis:names:tc:xacml:1.0:function:string-equal"">
              <AttributeValue DataType=""http://www.w3.org/2001/XMLSchema#string"">Location.Any</AttributeValue>
              <ResourceAttributeDesignator AttributeId=""urn:xacml:location:attribute:resource-type"" DataType=""http://www.w3.org/2001/XMLSchema#string""/>
            </Match>
          </AllOf>
          <AllOf>
            <Match MatchId=""urn:oasis:names:tc:xacml:1.0:function:string-equal"">
              <AttributeValue DataType=""http://www.w3.org/2001/XMLSchema#string"">User.ContactBook</AttributeValue>
              <ResourceAttributeDesignator AttributeId=""urn:xacml:data:attribute:resource-type"" DataType=""http://www.w3.org/2001/XMLSchema#string""/>
            </Match>
          </AllOf>
          <AllOf>
            <Match MatchId=""urn:oasis:names:tc:xacml:1.0:function:string-equal"">
              <AttributeValue DataType=""http://www.w3.org/2001/XMLSchema#string"">Device.Microphone</AttributeValue>
              <ResourceAttributeDesignator AttributeId=""urn:xacml:device:attribute:resource-type"" DataType=""http://www.w3.org/2001/XMLSchema#string""/>
            </Match>
          </AllOf>
        </AnyOf>
      </Resources>
    </Target>
  </Rule>

  <Rule RuleId=""urn:xacml:rule:259:DenyCommercialNotifications"" Effect=""Deny"">
    <Target>
      <Resources>
        <Resource>
          <Match MatchId=""urn:oasis:names:tc:xacml:1.0:function:string-equal"">
            <AttributeValue DataType=""http://www.w3.org/2001/XMLSchema#string"">Notification.Push</AttributeValue>
            <ResourceAttributeDesignator AttributeId=""urn:xacml:notification:attribute:resource-type"" DataType=""http://www.w3.org/2001/XMLSchema#string""/>
          </Match>
        </Resource>
      </Resources>
    </Target>
    <Condition>
      <Apply FunctionId=""urn:oasis:names:tc:xacml:1.0:function:string-equal"">
        <AttributeValue DataType=""http://www.w3.org/2001/XMLSchema#string"">Commercial</AttributeValue>
        <AttributeDesignator AttributeId=""urn:xacml:context:attribute:notification-type"" Category=""urn:oasis:names:tc:xacml:3.0:attribute-category:environment"" DataType=""http://www.w3.org/2001/XMLSchema#string""/>
      </Apply>
    </Condition>
  </Rule>
  
  <Rule RuleId=""urn:xacml:rule:259:DefaultDeny"" Effect=""Deny""/>
</Policy>";
260;Gaming and entertainment;Limited access;Per i servizi di cloud gaming come NVIDIA GeForce NOW o Xbox Cloud Gaming, concedo l'accesso prioritario alla rete per garantire uno streaming stabile e a bassa latenza. Autorizzo l'accesso al microfono, ma solo durante una sessione di gioco multiplayer attiva, per la chat vocale. Nego categoricamente l'accesso a contatti, posizione e archiviazione locale, poichŽ l'intera esperienza di gioco risiede nel cloud. La profilazione basata sui miei generi preferiti non deve essere usata per scopi pubblicitari esterni alla piattaforma.;For cloud gaming services like NVIDIA GeForce NOW or Xbox Cloud Gaming, I grant priority network access to ensure stable, low-latency streaming. I authorize microphone access, but only during an active multiplayer gaming session for voice chat. I categorically deny access to contacts, location, and local storage, as the entire gaming experience resides in the cloud. Profiling based on my favorite genres must not be used for advertising purposes external to the platform.;GEMINI 2.5;"<Policy PolicyId=""urn:xacml:policy:260:CloudGamingLimited"" Version=""1.0"" RuleCombiningAlgId=""urn:oasis:names:tc:xacml:1.0:rule-combining-algorithm:deny-overrides"">
  <Description>Politica di accesso limitato per servizi di cloud gaming (GeForce NOW, Xbox Cloud).</Description>
  <Target>
    <Subjects>
      <Subject>
        <Match MatchId=""urn:oasis:names:tc:xacml:1.0:function:string-equal"">
          <AttributeValue DataType=""http://www.w3.org/2001/XMLSchema#string"">GeForceNOW</AttributeValue>
          <SubjectAttributeDesignator AttributeId=""urn:oasis:names:tc:xacml:1.0:subject:subject-id"" DataType=""http://www.w3.org/2001/XMLSchema#string""/>
        </Match>
        <Match MatchId=""urn:oasis:names:tc:xacml:1.0:function:string-equal"">
          <AttributeValue DataType=""http://www.w3.org/2001/XMLSchema#string"">XboxCloudGaming</AttributeValue>
          <SubjectAttributeDesignator AttributeId=""urn:oasis:names:tc:xacml:1.0:subject:subject-id"" DataType=""http://www.w3.org/2001/XMLSchema#string""/>
        </Match>
      </Subjects>
    </Target>
  </Target>

  <Rule RuleId=""urn:xacml:rule:260:PermitPriorityNetwork"" Effect=""Permit"">
    <Target>
      <Resources>
        <Resource>
          <Match MatchId=""urn:oasis:names:tc:xacml:1.0:function:string-equal"">
            <AttributeValue DataType=""http://www.w3.org/2001/XMLSchema#string"">Network.Access</AttributeValue>
            <ResourceAttributeDesignator AttributeId=""urn:xacml:network:attribute:resource-type"" DataType=""http://www.w3.org/2001/XMLSchema#string""/>
          </Match>
        </Resource>
      </Resources>
    </Target>
    <ObligationExpressions>
      <ObligationExpression ObligationId=""urn:xacml:obligation:action:set-priority"" FulfillOn=""Permit"">
        <AttributeAssignmentExpression AttributeId=""urn:xacml:attribute:network-priority"">
          <AttributeValue DataType=""http://www.w3.org/2001/XMLSchema#string"">HighPriorityForStreaming</AttributeValue>
        </AttributeAssignmentExpression>
      </ObligationExpression>
    </ObligationExpressions>
  </Rule>

  <Rule RuleId=""urn:xacml:rule:260:PermitMicForChat"" Effect=""Permit"">
    <Target>
      <Actions>
        <Action>
          <Match MatchId=""urn:oasis:names:tc:xacml:1.0:function:string-equal"">
            <AttributeValue DataType=""http://www.w3.org/2001/XMLSchema#string"">voice_chat</AttributeValue>
            <ActionAttributeDesignator AttributeId=""urn:xacml:1.0:action:action-id"" DataType=""http://www.w3.org/2001/XMLSchema#string""/>
          </Match>
        </Action>
      </Actions>
      <Resources>
        <Resource>
          <Match MatchId=""urn:oasis:names:tc:xacml:1.0:function:string-equal"">
            <AttributeValue DataType=""http://www.w3.org/2001/XMLSchema#string"">Device.Microphone</AttributeValue>
            <ResourceAttributeDesignator AttributeId=""urn:xacml:device:attribute:resource-type"" DataType=""http://www.w3.org/2001/XMLSchema#string""/>
          </Match>
        </Resource>
      </Resources>
    </Target>
    <Condition>
      <Apply FunctionId=""urn:oasis:names:tc:xacml:1.0:function:string-equal"">
        <AttributeValue DataType=""http://www.w3.org/2001/XMLSchema#string"">ActiveMultiplayerSession</AttributeValue>
        <AttributeDesignator AttributeId=""urn:xacml:context:attribute:session-status"" Category=""urn:oasis:names:tc:xacml:3.0:attribute-category:environment"" DataType=""http://www.w3.org/2001/XMLSchema#string""/>
      </Apply>
    </Condition>
  </Rule>

  <Rule RuleId=""urn:xacml:rule:260:DenyLocalData"" Effect=""Deny"">
    <Target>
      <Resources>
        <AnyOf>
          <AllOf>
            <Match MatchId=""urn:oasis:names:tc:xacml:1.0:function:string-equal"">
              <AttributeValue DataType=""http://www.w3.org/2001/XMLSchema#string"">User.ContactBook</AttributeValue>
              <ResourceAttributeDesignator AttributeId=""urn:xacml:data:attribute:resource-type"" DataType=""http://www.w3.org/2001/XMLSchema#string""/>
            </Match>
          </AllOf>
          <AllOf>
            <Match MatchId=""urn:oasis:names:tc:xacml:1.0:function:string-equal"">
              <AttributeValue DataType=""http://www.w3.org/2001/XMLSchema#string"">Location.Any</AttributeValue>
              <ResourceAttributeDesignator AttributeId=""urn:xacml:location:attribute:resource-type"" DataType=""http://www.w3.org/2001/XMLSchema#string""/>
            </Match>
          </AllOf>
          <AllOf>
            <Match MatchId=""urn:oasis:names:tc:xacml:1.0:function:string-equal"">
              <AttributeValue DataType=""http://www.w3.org/2001/XMLSchema#string"">Device.Storage.Local</AttributeValue>
              <ResourceAttributeDesignator AttributeId=""urn:xacml:device:attribute:resource-type"" DataType=""http://www.w3.org/2001/XMLSchema#string""/>
            </Match>
          </AllOf>
        </AnyOf>
      </Resources>
    </Target>
  </Rule>

  <Rule RuleId=""urn:xacml:rule:260:DenyExternalAdProfiling"" Effect=""Deny"">
    <Target>
      <Actions>
        <Action>
          <Match MatchId=""urn:oasis:names:tc:xacml:1.0:function:string-equal"">
            <AttributeValue DataType=""http://www.w3.org/2001/XMLSchema#string"">use_data</AttributeValue>
            <ActionAttributeDesignator AttributeId=""urn:xacml:1.0:action:action-id"" DataType=""http://www.w3.org/2001/XMLSchema#string""/>
          </Match>
        </Action>
      </Actions>
    </Target>
    <Condition>
      <Apply FunctionId=""urn:oasis:names:tc:xacml:1.0:function:string-equal"">
        <AttributeValue DataType=""http://www.w3.org/2001/XMLSchema#string"">ExternalAdvertising</AttributeValue>
        <AttributeDesignator AttributeId=""urn:xacml:context:attribute:purpose"" Category=""urn:oasis:names:tc:xacml:3.0:attribute-category:environment"" DataType=""http://www.w3.org/2001/XMLSchema#string""/>
      </Apply>
    </Condition>
  </Rule>
  
  <Rule RuleId=""urn:xacml:rule:260:DefaultDeny"" Effect=""Deny""/>
</Policy>";
261;Home and smart home;Full access;Per la gestione del mio termostato intelligente tramite l'app Tado¡ o Google Nest, concedo l'accesso completo e in background alla posizione precisa del mio dispositivo. Questa autorizzazione  essenziale per il corretto funzionamento delle skill di geofencing, che regolano automaticamente il riscaldamento/raffreddamento in base alla mia presenza in casa per massimizzare l'efficienza energetica. Accetto questo compromesso sulla privacy in cambio di una funzionalitˆ critica per il comfort e il risparmio.;For managing my smart thermostat via the Tado¡ or Google Nest app, I grant full and background access to my device's precise location. This permission is essential for the proper functioning of geofencing skills, which automatically adjust heating/cooling based on my presence at home to maximize energy efficiency. I accept this privacy compromise in exchange for a critical feature for comfort and savings.;GEMINI 2.5;"<Policy PolicyId=""urn:xacml:policy:261:ThermostatFullLocation"" Version=""1.0"" RuleCombiningAlgId=""urn:oasis:names:tc:xacml:1.0:rule-combining-algorithm:deny-overrides"">
  <Description>Politica di accesso completo alla posizione per la funzionalitˆ di geofencing del termostato (Tado¡, Nest).</Description>
  <Target>
    <Subjects>
      <Subject>
        <Match MatchId=""urn:oasis:names:tc:xacml:1.0:function:string-equal"">
          <AttributeValue DataType=""http://www.w3.org/2001/XMLSchema#string"">Tado</AttributeValue>
          <SubjectAttributeDesignator AttributeId=""urn:oasis:names:tc:xacml:1.0:subject:subject-id"" DataType=""http://www.w3.org/2001/XMLSchema#string""/>
        </Match>
        <Match MatchId=""urn:oasis:names:tc:xacml:1.0:function:string-equal"">
          <AttributeValue DataType=""http://www.w3.org/2001/XMLSchema#string"">GoogleNest</AttributeValue>
          <SubjectAttributeDesignator AttributeId=""urn:oasis:names:tc:xacml:1.0:subject:subject-id"" DataType=""http://www.w3.org/2001/XMLSchema#string""/>
        </Match>
      </Subjects>
    </Target>
  </Target>

  <Rule RuleId=""urn:xacml:rule:261:PermitFullGeofencing"" Effect=""Permit"">
    <Target>
      <Resources>
        <Resource>
          <Match MatchId=""urn:oasis:names:tc:xacml:1.0:function:string-equal"">
            <AttributeValue DataType=""http://www.w3.org/2001/XMLSchema#string"">Location.Precise</AttributeValue>
            <ResourceAttributeDesignator AttributeId=""urn:xacml:location:attribute:resource-type"" DataType=""http://www.w3.org/2001/XMLSchema#string""/>
          </Match>
        </Resource>
      </Resources>
    </Target>
    <Condition>
      <Apply FunctionId=""urn:oasis:names:tc:xacml:1.0:function:and"">
        <Apply FunctionId=""urn:oasis:names:tc:xacml:1.0:function:string-equal"">
          <AttributeValue DataType=""http://www.w3.org/2001/XMLSchema#string"">ContinuousBackground</AttributeValue>
          <AttributeDesignator AttributeId=""urn:xacml:context:attribute:execution-mode"" Category=""urn:oasis:names:tc:xacml:3.0:attribute-category:environment"" DataType=""http://www.w3.org/2001/XMLSchema#string""/>
        </Apply>
        <Apply FunctionId=""urn:oasis:names:tc:xacml:1.0:function:string-equal"">
          <AttributeValue DataType=""http://www.w3.org/2001/XMLSchema#string"">Geofencing</AttributeValue>
          <AttributeDesignator AttributeId=""urn:xacml:context:attribute:purpose"" Category=""urn:oasis:names:tc:xacml:3.0:attribute-category:environment"" DataType=""http://www.w3.org/2001/XMLSchema#string""/>
        </Apply>
      </Apply>
    </Condition>
    <AdviceExpressions>
      <AdviceExpression AdviceId=""urn:xacml:advice:note-privacy-tradeoff"" AppliesTo=""Permit"">
        <AttributeAssignmentExpression AttributeId=""urn:xacml:attribute:user-acceptance"">
          <AttributeValue DataType=""http://www.w3.org/2001/XMLSchema#string"">AcceptedDataSharingForCriticalComfortFunction</AttributeValue>
        </AttributeAssignmentExpression>
      </AdviceExpression>
    </AdviceExpressions>
  </Rule>
  
  <Rule RuleId=""urn:xacml:rule:261:DefaultDeny"" Effect=""Deny""/>
</Policy>";
262;News and information;No profiling;"Utilizzo app di informazione finanziaria come Bloomberg o Il Sole 24 Ore come strumenti di consultazione passiva e anonima. Ho disattivato qualsiasi tipo di personalizzazione del feed di notizie basata sulle mie letture per evitare di creare una ""bolla informativa"" finanziaria. Nego l'autorizzazione a creare un profilo basato sui titoli, le aziende o i settori che seguo per finalitˆ di marketing o per la vendita di servizi correlati. Le notifiche sono attive solo per gli alert di mercato che ho impostato manualmente.";"I use financial information apps like Bloomberg or The Wall Street Journal as passive and anonymous consultation tools. I have disabled any feed personalization based on my readings to avoid creating a financial ""information bubble."" I deny authorization to create a profile based on the stocks, companies, or sectors I follow for marketing purposes or for selling related services. Notifications are active only for market alerts I have manually set.";GEMINI 2.5;"<Policy PolicyId=""urn:xacml:policy:262:FinancialNewsNoProfiling"" Version=""1.0"" RuleCombiningAlgId=""urn:oasis:names:tc:xacml:1.0:rule-combining-algorithm:deny-overrides"">
  <Description>Politica di consultazione passiva e anonima per notizie finanziarie (Bloomberg, Il Sole 24 Ore).</Description>
  <Target>
    <Subjects>
      <Subject>
        <Match MatchId=""urn:oasis:names:tc:xacml:1.0:function:string-equal"">
          <AttributeValue DataType=""http://www.w3.org/2001/XMLSchema#string"">Bloomberg</AttributeValue>
          <SubjectAttributeDesignator AttributeId=""urn:oasis:names:tc:xacml:1.0:subject:subject-id"" DataType=""http://www.w3.org/2001/XMLSchema#string""/>
        </Match>
        <Match MatchId=""urn:oasis:names:tc:xacml:1.0:function:string-equal"">
          <AttributeValue DataType=""http://www.w3.org/2001/XMLSchema#string"">IlSole24Ore</AttributeValue>
          <SubjectAttributeDesignator AttributeId=""urn:oasis:names:tc:xacml:1.0:subject:subject-id"" DataType=""http://www.w3.org/2001/XMLSchema#string""/>
        </Match>
      </Subjects>
    </Target>
  </Target>

  <Rule RuleId=""urn:xacml:rule:262:DenyProfileCreation"" Effect=""Deny"">
    <Target>
      <Actions>
        <AnyOf>
          <AllOf>
            <Match MatchId=""urn:oasis:names:tc:xacml:1.0:function:string-equal"">
              <AttributeValue DataType=""http://www.w3.org/2001/XMLSchema#string"">personalize_feed</AttributeValue>
              <ActionAttributeDesignator AttributeId=""urn:xacml:1.0:action:action-id"" DataType=""http://www.w3.org/2001/XMLSchema#string""/>
            </Match>
          </AllOf>
          <AllOf>
            <Match MatchId=""urn:oasis:names:tc:xacml:1.0:function:string-equal"">
              <AttributeValue DataType=""http://www.w3.org/2001/XMLSchema#string"">create_profile</AttributeValue>
              <ActionAttributeDesignator AttributeId=""urn:xacml:1.0:action:action-id"" DataType=""http://www.w3.org/2001/XMLSchema#string""/>
            </Match>
          </AllOf>
        </AnyOf>
      </Actions>
      <Resources>
        <Resource>
          <Match MatchId=""urn:oasis:names:tc:xacml:1.0:function:string-equal"">
            <AttributeValue DataType=""http://www.w3.org/2001/XMLSchema#string"">UserData.ReadingHistory</AttributeValue>
            <ResourceAttributeDesignator AttributeId=""urn:xacml:data:attribute:resource-type"" DataType=""http://www.w3.org/2001/XMLSchema#string""/>
          </Match>
        </Resource>
      </Resources>
    </Target>
    <Condition>
      <Apply FunctionId=""urn:oasis:names:tc:xacml:1.0:function:or"">
        <Apply FunctionId=""urn:oasis:names:tc:xacml:1.0:function:string-equal"">
          <AttributeValue DataType=""http://www.w3.org/2001/XMLSchema#string"">Marketing</AttributeValue>
          <AttributeDesignator AttributeId=""urn:xacml:context:attribute:purpose"" Category=""urn:oasis:names:tc:xacml:3.0:attribute-category:environment"" DataType=""http://www.w3.org/2001/XMLSchema#string""/>
        </Apply>
        <Apply FunctionId=""urn:oasis:names:tc:xacml:1.0:function:string-equal"">
          <AttributeValue DataType=""http://www.w3.org/2001/XMLSchema#string"">SellingServices</AttributeValue>
          <AttributeDesignator AttributeId=""urn:xacml:context:attribute:purpose"" Category=""urn:oasis:names:tc:xacml:3.0:attribute-category:environment"" DataType=""http://www.w3.org/2001/XMLSchema#string""/>
        </Apply>
      </Apply>
    </Condition>
  </Rule>

  <Rule RuleId=""urn:xacml:rule:262:PermitManualAlerts"" Effect=""Permit"">
    <Target>
      <Resources>
        <Resource>
          <Match MatchId=""urn:oasis:names:tc:xacml:1.0:function:string-equal"">
            <AttributeValue DataType=""http://www.w3.org/2001/XMLSchema#string"">Notification.Push</AttributeValue>
            <ResourceAttributeDesignator AttributeId=""urn:xacml:notification:attribute:resource-type"" DataType=""http://www.w3.org/2001/XMLSchema#string""/>
          </Match>
        </Resource>
      </Resources>
    </Target>
    <Condition>
      <Apply FunctionId=""urn:oasis:names:tc:xacml:1.0:function:string-equal"">
        <AttributeValue DataType=""http://www.w3.org/2001/XMLSchema#string"">ManualMarketAlert</AttributeValue>
        <AttributeDesignator AttributeId=""urn:xacml:context:attribute:notification-type"" Category=""urn:oasis:names:tc:xacml:3.0:attribute-category:environment"" DataType=""http://www.w3.org/2001/XMLSchema#string""/>
      </Apply>
    </Condition>
  </Rule>
  
  <Rule RuleId=""urn:xacml:rule:262:DefaultDeny"" Effect=""Deny""/>
</Policy>";
263;Fitness and health;Access only while in use;Per le app di monitoraggio del sonno come Sleep Cycle, concedo l'accesso al microfono e ai sensori di movimento, ma solo ed esclusivamente durante le ore notturne in cui avvio manualmente una sessione di tracciamento. Esigo che l'analisi dei dati audio (russare, parlare nel sonno) avvenga interamente sul dispositivo. Nego qualsiasi backup automatico di queste registrazioni audio su server cloud e disattivo la condivisione di questi dati sensibili con altre piattaforme, inclusa Apple Salute o Google Fit.;For sleep monitoring apps like Sleep Cycle, I grant access to the microphone and motion sensors, but only and exclusively during the nighttime hours when I manually start a tracking session. I demand that the analysis of audio data (snoring, sleep talking) occurs entirely on the device. I deny any automatic backup of these audio recordings to cloud servers and disable the sharing of this sensitive data with other platforms, including Apple Health or Google Fit.;GEMINI 2.5;"<Policy PolicyId=""urn:xacml:policy:263:SleepMonitoringLimited"" Version=""1.0"" RuleCombiningAlgId=""urn:oasis:names:tc:xacml:1.0:rule-combining-algorithm:deny-overrides"">
  <Description>Politica di accesso condizionale per app di monitoraggio del sonno (Sleep Cycle).</Description>
  <Target>
    <Subjects>
      <Subject>
        <Match MatchId=""urn:oasis:names:tc:xacml:1.0:function:string-equal"">
          <AttributeValue DataType=""http://www.w3.org/2001/XMLSchema#string"">SleepCycle</AttributeValue>
          <SubjectAttributeDesignator AttributeId=""urn:oasis:names:tc:xacml:1.0:subject:subject-id"" DataType=""http://www.w3.org/2001/XMLSchema#string""/>
        </Match>
      </Subjects>
    </Target>
  </Target>

  <Rule RuleId=""urn:xacml:rule:263:PermitNocturnalTracking"" Effect=""Permit"">
    <Target>
      <Resources>
        <AnyOf>
          <AllOf>
            <Match MatchId=""urn:oasis:names:tc:xacml:1.0:function:string-equal"">
              <AttributeValue DataType=""http://www.w3.org/2001/XMLSchema#string"">Device.Microphone</AttributeValue>
              <ResourceAttributeDesignator AttributeId=""urn:xacml:device:attribute:resource-type"" DataType=""http://www.w3.org/2001/XMLSchema#string""/>
            </Match>
          </AllOf>
          <AllOf>
            <Match MatchId=""urn:oasis:names:tc:xacml:1.0:function:string-equal"">
              <AttributeValue DataType=""http://www.w3.org/2001/XMLSchema#string"">Device.MotionSensors</AttributeValue>
              <ResourceAttributeDesignator AttributeId=""urn:xacml:device:attribute:resource-type"" DataType=""http://www.w3.org/2001/XMLSchema#string""/>
            </Match>
          </AllOf>
        </AnyOf>
      </Resources>
    </Target>
    <Condition>
      <Apply FunctionId=""urn:oasis:names:tc:xacml:1.0:function:and"">
        <Apply FunctionId=""urn:oasis:names:tc:xacml:1.0:function:string-equal"">
          <AttributeValue DataType=""http://www.w3.org/2001/XMLSchema#string"">ActiveTrackingSession</AttributeValue>
          <AttributeDesignator AttributeId=""urn:xacml:context:attribute:session-status"" Category=""urn:oasis:names:tc:xacml:3.0:attribute-category:environment"" DataType=""http://www.w3.org/2001/XMLSchema#string""/>
        </Apply>
        <Apply FunctionId=""urn:oasis:names:tc:xacml:1.0:function:string-equal"">
          <AttributeValue DataType=""http://www.w3.org/2001/XMLSchema#string"">NightTime</AttributeValue>
          <AttributeDesignator AttributeId=""urn:xacml:context:attribute:time-of-day"" Category=""urn:oasis:names:tc:xacml:3.0:attribute-category:environment"" DataType=""http://www.w3.org/2001/XMLSchema#string""/>
        </Apply>
      </Apply>
    </Condition>
    <ObligationExpressions>
      <ObligationExpression ObligationId=""urn:xacml:obligation:action:on-device-processing"" FulfillOn=""Permit"">
        <AttributeAssignmentExpression AttributeId=""urn:xacml:attribute:data-processing-location"">
          <AttributeValue DataType=""http://www.w3.org/2001/XMLSchema#string"">OnDeviceOnly</AttributeValue>
        </AttributeAssignmentExpression>
      </ObligationExpression>
    </ObligationExpressions>
  </Rule>

  <Rule RuleId=""urn:xacml:rule:263:DenyAutomaticCloudBackup"" Effect=""Deny"">
    <Target>
      <Actions>
        <Action>
          <Match MatchId=""urn:oasis:names:tc:xacml:1.0:function:string-equal"">
            <AttributeValue DataType=""http://www.w3.org/2001/XMLSchema#string"">backup</AttributeValue>
            <ActionAttributeDesignator AttributeId=""urn:xacml:1.0:action:action-id"" DataType=""http://www.w3.org/2001/XMLSchema#string""/>
          </Match>
        </Action>
      </Actions>
      <Resources>
        <Resource>
          <Match MatchId=""urn:oasis:names:tc:xacml:1.0:function:string-equal"">
            <AttributeValue DataType=""http://www.w3.org/2001/XMLSchema#string"">UserData.AudioRecordings</AttributeValue>
            <ResourceAttributeDesignator AttributeId=""urn:xacml:data:attribute:resource-type"" DataType=""http://www.w3.org/2001/XMLSchema#string""/>
          </Match>
        </Resource>
      </Resources>
    </Target>
    <Condition>
      <Apply FunctionId=""urn:oasis:names:tc:xacml:1.0:function:string-equal"">
        <AttributeValue DataType=""http://www.w3.org/2001/XMLSchema#string"">Automatic</AttributeValue>
        <AttributeDesignator AttributeId=""urn:xacml:context:attribute:backup-trigger"" Category=""urn:oasis:names:tc:xacml:3.0:attribute-category:environment"" DataType=""http://www.w3.org/2001/XMLSchema#string""/>
      </Apply>
    </Condition>
  </Rule>

  <Rule RuleId=""urn:xacml:rule:263:DenySystemHealthSharing"" Effect=""Deny"">
    <Target>
      <Actions>
        <Action>
          <Match MatchId=""urn:oasis:names:tc:xacml:1.0:function:string-equal"">
            <AttributeValue DataType=""http://www.w3.org/2001/XMLSchema#string"">share</AttributeValue>
            <ActionAttributeDesignator AttributeId=""urn:xacml:1.0:action:action-id"" DataType=""http://www.w3.org/2001/XMLSchema#string""/>
          </Match>
        </Action>
      </Actions>
      <Condition>
        <Apply FunctionId=""urn:oasis:names:tc:xacml:1.0:function:or"">
          <Apply FunctionId=""urn:oasis:names:tc:xacml:1.0:function:string-equal"">
            <AttributeValue DataType=""http://www.w3.org/2001/XMLSchema#string"">AppleHealth</AttributeValue>
            <AttributeDesignator AttributeId=""urn:xacml:context:attribute:data-target"" Category=""urn:oasis:names:tc:xacml:3.0:attribute-category:environment"" DataType=""http://www.w3.org/2001/XMLSchema#string""/>
          </Apply>
          <Apply FunctionId=""urn:oasis:names:tc:xacml:1.0:function:string-equal"">
            <AttributeValue DataType=""http://www.w3.org/2001/XMLSchema#string"">GoogleFit</AttributeValue>
            <AttributeDesignator AttributeId=""urn:xacml:context:attribute:data-target"" Category=""urn:oasis:names:tc:xacml:3.0:attribute-category:environment"" DataType=""http://www.w3.org/2001/XMLSchema#string""/>
          </Apply>
        </Apply>
      </Condition>
    </Target>
  </Rule>
  
  <Rule RuleId=""urn:xacml:rule:263:DefaultDeny"" Effect=""Deny""/>
</Policy>";
264;Education and e-learning;No profiling;"Per le app di apprendimento linguistico come Duolingo o di corsi online come Coursera, autorizzo l'accesso al microfono solo durante gli esercizi di pronuncia, in modalitˆ ""chiedi ogni volta"". Nego l'accesso ai contatti per evitare suggerimenti di ""amici"" e disattivo le notifiche non essenziali per mantenere la concentrazione. Non consento l'utilizzo dei miei progressi di apprendimento o delle mie aree di difficoltˆ per creare un profilo da vendere a istituti di formazione o a recruiter per scopi commerciali.";"For language learning apps like Duolingo or online course apps like Coursera, I authorize microphone access only during pronunciation exercises, in ""ask every time"" mode. I deny access to contacts to avoid ""friend"" suggestions and disable non-essential notifications to maintain focus. I do not allow my learning progress or areas of difficulty to be used to create a profile to be sold to educational institutions or recruiters for commercial purposes.";GEMINI 2.5;"<Policy PolicyId=""urn:xacml:policy:264:ElearningNoProfiling"" Version=""1.0"" RuleCombiningAlgId=""urn:oasis:names:tc:xacml:1.0:rule-combining-algorithm:deny-overrides"">
  <Description>Politica di non-profilazione per app educative (Duolingo, Coursera).</Description>
  <Target>
    <Subjects>
      <Subject>
        <Match MatchId=""urn:oasis:names:tc:xacml:1.0:function:string-equal"">
          <AttributeValue DataType=""http://www.w3.org/2001/XMLSchema#string"">Duolingo</AttributeValue>
          <SubjectAttributeDesignator AttributeId=""urn:oasis:names:tc:xacml:1.0:subject:subject-id"" DataType=""http://www.w3.org/2001/XMLSchema#string""/>
        </Match>
        <Match MatchId=""urn:oasis:names:tc:xacml:1.0:function:string-equal"">
          <AttributeValue DataType=""http://www.w3.org/2001/XMLSchema#string"">Coursera</AttributeValue>
          <SubjectAttributeDesignator AttributeId=""urn:oasis:names:tc:xacml:1.0:subject:subject-id"" DataType=""http://www.w3.org/2001/XMLSchema#string""/>
        </Match>
      </Subjects>
    </Target>
  </Target>

  <Rule RuleId=""urn:xacml:rule:264:PermitMicForPronunciation"" Effect=""Permit"">
    <Target>
      <Actions>
        <Action>
          <Match MatchId=""urn:oasis:names:tc:xacml:1.0:function:string-equal"">
            <AttributeValue DataType=""http://www.w3.org/2001/XMLSchema#string"">pronunciation_exercise</AttributeValue>
            <ActionAttributeDesignator AttributeId=""urn:xacml:1.0:action:action-id"" DataType=""http://www.w3.org/2001/XMLSchema#string""/>
          </Match>
        </Action>
      </Actions>
      <Resources>
        <Resource>
          <Match MatchId=""urn:oasis:names:tc:xacml:1.0:function:string-equal"">
            <AttributeValue DataType=""http://www.w3.org/2001/XMLSchema#string"">Device.Microphone</AttributeValue>
            <ResourceAttributeDesignator AttributeId=""urn:xacml:device:attribute:resource-type"" DataType=""http://www.w3.org/2001/XMLSchema#string""/>
          </Match>
        </Resource>
      </Resources>
    </Target>
    <Condition>
      <Apply FunctionId=""urn:oasis:names:tc:xacml:1.0:function:string-equal"">
        <AttributeValue DataType=""http://www.w3.org/2001/XMLSchema#string"">AskEveryTime</AttributeValue>
        <AttributeDesignator AttributeId=""urn:xacml:context:attribute:permission-mode"" Category=""urn:oasis:names:tc:xacml:3.0:attribute-category:environment"" DataType=""http://www.w3.org/2001/XMLSchema#string""/>
      </Apply>
    </Condition>
  </Rule>

  <Rule RuleId=""urn:xacml:rule:264:DenyContacts"" Effect=""Deny"">
    <Target>
      <Resources>
        <Resource>
          <Match MatchId=""urn:oasis:names:tc:xacml:1.0:function:string-equal"">
            <AttributeValue DataType=""http://www.w3.org/2001/XMLSchema#string"">User.ContactBook</AttributeValue>
            <ResourceAttributeDesignator AttributeId=""urn:xacml:data:attribute:resource-type"" DataType=""http://www.w3.org/2001/XMLSchema#string""/>
          </Match>
        </Resource>
      </Resources>
    </Target>
  </Rule>

  <Rule RuleId=""urn:xacml:rule:264:DenyCommercialProfiling"" Effect=""Deny"">
    <Target>
      <Actions>
        <Action>
          <Match MatchId=""urn:oasis:names:tc:xacml:1.0:function:string-equal"">
            <AttributeValue DataType=""http://www.w3.org/2001/XMLSchema#string"">create_profile</AttributeValue>
            <ActionAttributeDesignator AttributeId=""urn:xacml:1.0:action:action-id"" DataType=""http://www.w3.org/2001/XMLSchema#string""/>
          </Match>
        </Action>
      </Actions>
      <Resources>
        <Resource>
          <Match MatchId=""urn:oasis:names:tc:xacml:1.0:function:string-equal"">
            <AttributeValue DataType=""http://www.w3.org/2001/XMLSchema#string"">UserData.LearningProgress</AttributeValue>
            <ResourceAttributeDesignator AttributeId=""urn:xacml:data:attribute:resource-type"" DataType=""http://www.w3.org/2001/XMLSchema#string""/>
          </Match>
        </Resource>
      </Resources>
    </Target>
    <Condition>
      <Apply FunctionId=""urn:oasis:names:tc:xacml:1.0:function:or"">
        <Apply FunctionId=""urn:oasis:names:tc:xacml:1.0:function:string-equal"">
          <AttributeValue DataType=""http://www.w3.org/2001/XMLSchema#string"">CommercialRecruiting</AttributeValue>
          <AttributeDesignator AttributeId=""urn:xacml:context:attribute:purpose"" Category=""urn:oasis:names:tc:xacml:3.0:attribute-category:environment"" DataType=""http://www.w3.org/2001/XMLSchema#string""/>
        </Apply>
        <Apply FunctionId=""urn:oasis:names:tc:xacml:1.0:function:string-equal"">
          <AttributeValue DataType=""http://www.w3.org/2001/XMLSchema#string"">TrainingInstituteSales</AttributeValue>
          <AttributeDesignator AttributeId=""urn:xacml:context:attribute:purpose"" Category=""urn:oasis:names:tc:xacml:3.0:attribute-category:environment"" DataType=""http://www.w3.org/2001/XMLSchema#string""/>
        </Apply>
      </Apply>
    </Condition>
  </Rule>
  
  <Rule RuleId=""urn:xacml:rule:264:DefaultDeny"" Effect=""Deny""/>
</Policy>";
265;Dating apps;Limited access;"Per app come Tinder o Bumble, adotto una politica di ""offuscamento digitale"". Concedo l'accesso a una posizione approssimativa e nego l'accesso alla galleria completa, scegliendo manualmente e singolarmente le foto da caricare. Non collego mai il mio profilo Instagram o Spotify per evitare di rivelare informazioni sul mio stile di vita. La mia interazione  confinata all'interno dell'app e nego il permesso di tracciare la mia attivitˆ su altri siti per evitare di ricevere pubblicitˆ basata sui miei interessi romantici.";"For apps like Tinder or Bumble, I adopt a ""digital obfuscation"" policy. I grant access to an approximate location and deny access to the full gallery, manually and individually choosing the photos to upload. I never link my Instagram or Spotify profile to avoid revealing information about my lifestyle. My interaction is confined within the app, and I deny permission to track my activity on other sites to avoid receiving advertising based on my romantic interests.";GEMINI 2.5;"<Policy PolicyId=""urn:xacml:policy:265:DatingLimitedAccess"" Version=""1.0"" RuleCombiningAlgId=""urn:oasis:names:tc:xacml:1.0:rule-combining-algorithm:deny-overrides"">
  <Description>Politica di accesso limitato e offuscamento digitale per app di incontri (Tinder, Bumble).</Description>
  <Target>
    <Subjects>
      <Subject>
        <Match MatchId=""urn:oasis:names:tc:xacml:1.0:function:string-equal"">
          <AttributeValue DataType=""http://www.w3.org/2001/XMLSchema#string"">Tinder</AttributeValue>
          <SubjectAttributeDesignator AttributeId=""urn:oasis:names:tc:xacml:1.0:subject:subject-id"" DataType=""http://www.w3.org/2001/XMLSchema#string""/>
        </Match>
        <Match MatchId=""urn:oasis:names:tc:xacml:1.0:function:string-equal"">
          <AttributeValue DataType=""http://www.w3.org/2001/XMLSchema#string"">Bumble</AttributeValue>
          <SubjectAttributeDesignator AttributeId=""urn:oasis:names:tc:xacml:1.0:subject:subject-id"" DataType=""http://www.w3.org/2001/XMLSchema#string""/>
        </Match>
      </Subjects>
    </Target>
  </Target>

  <Rule RuleId=""urn:xacml:rule:265:PermitApproximateLocation"" Effect=""Permit"">
    <Target>
      <Resources>
        <Resource>
          <Match MatchId=""urn:oasis:names:tc:xacml:1.0:function:string-equal"">
            <AttributeValue DataType=""http://www.w3.org/2001/XMLSchema#string"">Location.Approximate</AttributeValue>
            <ResourceAttributeDesignator AttributeId=""urn:xacml:location:attribute:resource-type"" DataType=""http://www.w3.org/2001/XMLSchema#string""/>
          </Match>
        </Resource>
      </Resources>
    </Target>
  </Rule>

  <Rule RuleId=""urn:xacml:rule:265:DenyFullGallery"" Effect=""Deny"">
    <Target>
      <Resources>
        <Resource>
          <Match MatchId=""urn:oasis:names:tc:xacml:1.0:function:string-equal"">
            <AttributeValue DataType=""http://www.w3.org/2001/XMLSchema#string"">Device.Storage.Photos.Full</AttributeValue>
            <ResourceAttributeDesignator AttributeId=""urn:xacml:device:attribute:resource-type"" DataType=""http://www.w3.org/2001/XMLSchema#string""/>
          </Match>
        </Resource>
      </Resources>
    </Target>
  </Rule>

  <Rule RuleId=""urn:xacml:rule:265:DenySocialLinking"" Effect=""Deny"">
    <Target>
      <Actions>
        <Action>
          <Match MatchId=""urn:oasis:names:tc:xacml:1.0:function:string-equal"">
            <AttributeValue DataType=""http://www.w3.org/2001/XMLSchema#string"">link_account</AttributeValue>
            <ActionAttributeDesignator AttributeId=""urn:xacml:1.0:action:action-id"" DataType=""http://www.w3.org/2001/XMLSchema#string""/>
          </Match>
        </Action>
      </Actions>
    </Target>
    <Condition>
      <Apply FunctionId=""urn:oasis:names:tc:xacml:1.0:function:or"">
        <Apply FunctionId=""urn:oasis:names:tc:xacml:1.0:function:string-equal"">
          <AttributeValue DataType=""http://www.w3.org/2001/XMLSchema#string"">Instagram</AttributeValue>
          <AttributeDesignator AttributeId=""urn:xacml:context:attribute:external-service"" Category=""urn:oasis:names:tc:xacml:3.0:attribute-category:environment"" DataType=""http://www.w3.org/2001/XMLSchema#string""/>
        </Apply>
        <Apply FunctionId=""urn:oasis:names:tc:xacml:1.0:function:string-equal"">
          <AttributeValue DataType=""http://www.w3.org/2001/XMLSchema#string"">Spotify</AttributeValue>
          <AttributeDesignator AttributeId=""urn:xacml:context:attribute:external-service"" Category=""urn:oasis:names:tc:xacml:3.0:attribute-category:environment"" DataType=""http://www.w3.org/2001/XMLSchema#string""/>
        </Apply>
      </Apply>
    </Condition>
  </Rule>

  <Rule RuleId=""urn:xacml:rule:265:DenyExternalTracking"" Effect=""Deny"">
    <Target>
      <Actions>
        <Action>
          <Match MatchId=""urn:oasis:names:tc:xacml:1.0:function:string-equal"">
            <AttributeValue DataType=""http://www.w3.org/2001/XMLSchema#string"">track_activity</AttributeValue>
            <ActionAttributeDesignator AttributeId=""urn:xacml:1.0:action:action-id"" DataType=""http://www.w3.org/2001/XMLSchema#string""/>
          </Match>
        </Action>
      </Actions>
      <Resources>
        <Resource>
          <Match MatchId=""urn:oasis:names:tc:xacml:1.0:function:string-equal"">
            <AttributeValue DataType=""http://www.w3.org/2001/XMLSchema#string"">WebActivity.External</AttributeValue>
            <ResourceAttributeDesignator AttributeId=""urn:xacml:data:attribute:resource-type"" DataType=""http://www.w3.org/2001/XMLSchema#string""/>
          </Match>
        </Resource>
      </Resources>
    </Target>
    <Condition>
      <Apply FunctionId=""urn:oasis:names:tc:xacml:1.0:function:string-equal"">
        <AttributeValue DataType=""http://www.w3.org/2001/XMLSchema#string"">ExternalAdvertising</AttributeValue>
        <AttributeDesignator AttributeId=""urn:xacml:context:attribute:purpose"" Category=""urn:oasis:names:tc:xacml:3.0:attribute-category:environment"" DataType=""http://www.w3.org/2001/XMLSchema#string""/>
      </Apply>
    </Condition>
  </Rule>
  
  <Rule RuleId=""urn:xacml:rule:265:DefaultDeny"" Effect=""Deny""/>
</Policy>";
266;Automotive and connected vehicles;Access only while in use;"Per l'app della mia auto (es. MyBMW o Mercedes me connect), autorizzo l'accesso alla posizione solo quando invio attivamente una destinazione al navigatore di bordo o quando utilizzo la funzione ""trova la mia auto"". Disattivo la registrazione continua dei percorsi e nego l'accesso ai dati di telemetria sullo stile di guida. L'accesso al Bluetooth  consentito per la funzione di chiave digitale, ma non autorizzo l'app ad accedere ai miei contatti o al calendario per ""prevedere"" i miei spostamenti.";"For my car's app (e.g., MyBMW or Mercedes me connect), I authorize location access only when actively sending a destination to the onboard navigation or when using the ""find my car"" function. I disable continuous route recording and deny access to telemetry data on driving style. Bluetooth access is allowed for the digital key function, but I do not authorize the app to access my contacts or calendar to ""predict"" my movements.";GEMINI 2.5;"<Policy PolicyId=""urn:xacml:policy:266:ConnectedCarLimited"" Version=""1.0"" RuleCombiningAlgId=""urn:oasis:names:tc:xacml:1.0:rule-combining-algorithm:deny-overrides"">
  <Description>Politica di accesso condizionale per app di veicoli connessi (MyBMW, Mercedes me connect).</Description>
  <Target>
    <Subjects>
      <Subject>
        <Match MatchId=""urn:oasis:names:tc:xacml:1.0:function:string-equal"">
          <AttributeValue DataType=""http://www.w3.org/2001/XMLSchema#string"">MyBMW</AttributeValue>
          <SubjectAttributeDesignator AttributeId=""urn:oasis:names:tc:xacml:1.0:subject:subject-id"" DataType=""http://www.w3.org/2001/XMLSchema#string""/>
        </Match>
        <Match MatchId=""urn:oasis:names:tc:xacml:1.0:function:string-equal"">
          <AttributeValue DataType=""http://www.w3.org/2001/XMLSchema#string"">MercedesMeConnect</AttributeValue>
          <SubjectAttributeDesignator AttributeId=""urn:oasis:names:tc:xacml:1.0:subject:subject-id"" DataType=""http://www.w3.org/2001/XMLSchema#string""/>
        </Match>
      </Subjects>
    </Target>
  </Target>

  <Rule RuleId=""urn:xacml:rule:266:PermitActiveLocation"" Effect=""Permit"">
    <Target>
      <Resources>
        <Resource>
          <Match MatchId=""urn:oasis:names:tc:xacml:1.0:function:string-equal"">
            <AttributeValue DataType=""http://www.w3.org/2001/XMLSchema#string"">Location.Any</AttributeValue>
            <ResourceAttributeDesignator AttributeId=""urn:xacml:location:attribute:resource-type"" DataType=""http://www.w3.org/2001/XMLSchema#string""/>
          </Match>
        </Resource>
      </Resources>
      <Actions>
        <AnyOf>
          <AllOf>
            <Match MatchId=""urn:oasis:names:tc:xacml:1.0:function:string-equal"">
              <AttributeValue DataType=""http://www.w3.org/2001/XMLSchema#string"">send_destination_to_car</AttributeValue>
              <ActionAttributeDesignator AttributeId=""urn:xacml:1.0:action:action-id"" DataType=""http://www.w3.org/2001/XMLSchema#string""/>
            </Match>
          </AllOf>
          <AllOf>
            <Match MatchId=""urn:oasis:names:tc:xacml:1.0:function:string-equal"">
              <AttributeValue DataType=""http://www.w3.org/2001/XMLSchema#string"">find_car_location</AttributeValue>
              <ActionAttributeDesignator AttributeId=""urn:xacml:1.0:action:action-id"" DataType=""http://www.w3.org/2001/XMLSchema#string""/>
            </Match>
          </AllOf>
        </AnyOf>
      </Actions>
    </Target>
  </Rule>

  <Rule RuleId=""urn:xacml:rule:266:DenyContinuousRouteRecording"" Effect=""Deny"">
    <Target>
      <Actions>
        <Action>
          <Match MatchId=""urn:oasis:names:tc:xacml:1.0:function:string-equal"">
            <AttributeValue DataType=""http://www.w3.org/2001/XMLSchema#string"">record_route</AttributeValue>
            <ActionAttributeDesignator AttributeId=""urn:xacml:1.0:action:action-id"" DataType=""http://www.w3.org/2001/XMLSchema#string""/>
          </Match>
        </Action>
      </Actions>
    </Target>
    <Condition>
      <Apply FunctionId=""urn:oasis:names:tc:xacml:1.0:function:string-equal"">
        <AttributeValue DataType=""http://www.w3.org/2001/XMLSchema#string"">ContinuousBackground</AttributeValue>
        <AttributeDesignator AttributeId=""urn:xacml:context:attribute:execution-mode"" Category=""urn:oasis:names:tc:xacml:3.0:attribute-category:environment"" DataType=""http://www.w3.org/2001/XMLSchema#string""/>
      </Apply>
    </Condition>
  </Rule>

  <Rule RuleId=""urn:xacml:rule:266:DenyDrivingTelemetry"" Effect=""Deny"">
    <Target>
      <Resources>
        <Resource>
          <Match MatchId=""urn:oasis:names:tc:xacml:1.0:function:string-equal"">
            <AttributeValue DataType=""http://www.w3.org/2001/XMLSchema#string"">Vehicle.Telemetry.DrivingStyle</AttributeValue>
            <ResourceAttributeDesignator AttributeId=""urn:xacml:vehicle:attribute:resource-type"" DataType=""http://www.w3.org/2001/XMLSchema#string""/>
          </Match>
        </Resource>
      </Resources>
    </Target>
  </Rule>

  <Rule RuleId=""urn:xacml:rule:266:DenyContactsCalendar"" Effect=""Deny"">
    <Target>
      <Resources>
        <AnyOf>
          <AllOf>
            <Match MatchId=""urn:oasis:names:tc:xacml:1.0:function:string-equal"">
              <AttributeValue DataType=""http://www.w3.org/2001/XMLSchema#string"">User.ContactBook</AttributeValue>
              <ResourceAttributeDesignator AttributeId=""urn:xacml:data:attribute:resource-type"" DataType=""http://www.w3.org/2001/XMLSchema#string""/>
            </Match>
          </AllOf>
          <AllOf>
            <Match MatchId=""urn:oasis:names:tc:xacml:1.0:function:string-equal"">
              <AttributeValue DataType=""http://www.w3.org/2001/XMLSchema#string"">User.Calendar</AttributeValue>
              <ResourceAttributeDesignator AttributeId=""urn:xacml:data:attribute:resource-type"" DataType=""http://www.w3.org/2001/XMLSchema#string""/>
            </Match>
          </AllOf>
        </AnyOf>
      </Resources>
    </Target>
  </Rule>
  
  <Rule RuleId=""urn:xacml:rule:266:DefaultDeny"" Effect=""Deny""/>
</Policy>";
267;Utilities and tools;Full access;"Per il mio gestore di password come Bitwarden o 1Password, concedo l'accesso completo e prioritario al servizio di ""riempimento automatico"" del sistema operativo, in quanto  una funzione di sicurezza critica. Autorizzo l'app ad operare sopra le altre applicazioni per compilare le credenziali. Tuttavia, nego categoricamente qualsiasi accesso alla rete, salvo quando avvio manualmente una sincronizzazione del vault. L'app deve funzionare primariamente offline, senza raccogliere alcuna statistica di utilizzo.";"For my password manager like Bitwarden or 1Password, I grant full and priority access to the operating system's ""autofill"" service, as it is a critical security function. I authorize the app to operate over other applications to fill credentials. However, I categorically deny any network access, except when I manually initiate a vault sync. The app must function primarily offline, without collecting any usage statistics.";GEMINI 2.5;"<Policy PolicyId=""urn:xacml:policy:267:PasswordManagerCritical"" Version=""1.0"" RuleCombiningAlgId=""urn:oasis:names:tc:xacml:1.0:rule-combining-algorithm:deny-overrides"">
  <Description>Politica di accesso critico per gestori di password (Bitwarden, 1Password).</Description>
  <Target>
    <Subjects>
      <Subject>
        <Match MatchId=""urn:oasis:names:tc:xacml:1.0:function:string-equal"">
          <AttributeValue DataType=""http://www.w3.org/2001/XMLSchema#string"">Bitwarden</AttributeValue>
          <SubjectAttributeDesignator AttributeId=""urn:oasis:names:tc:xacml:1.0:subject:subject-id"" DataType=""http://www.w3.org/2001/XMLSchema#string""/>
        </Match>
        <Match MatchId=""urn:oasis:names:tc:xacml:1.0:function:string-equal"">
          <AttributeValue DataType=""http://www.w3.org/2001/XMLSchema#string"">1Password</AttributeValue>
          <SubjectAttributeDesignator AttributeId=""urn:oasis:names:tc:xacml:1.0:subject:subject-id"" DataType=""http://www.w3.org/2001/XMLSchema#string""/>
        </Match>
      </Subjects>
    </Target>
  </Target>

  <Rule RuleId=""urn:xacml:rule:267:PermitCriticalAutofill"" Effect=""Permit"">
    <Target>
      <Actions>
        <AnyOf>
          <AllOf>
            <Match MatchId=""urn:oasis:names:tc:xacml:1.0:function:string-equal"">
              <AttributeValue DataType=""http://www.w3.org/2001/XMLSchema#string"">autofill_credentials</AttributeValue>
              <ActionAttributeDesignator AttributeId=""urn:xacml:1.0:action:action-id"" DataType=""http://www.w3.org/2001/XMLSchema#string""/>
            </Match>
          </AllOf>
          <AllOf>
            <Match MatchId=""urn:oasis:names:tc:xacml:1.0:function:string-equal"">
              <AttributeValue DataType=""http://www.w3.org/2001/XMLSchema#string"">draw_overlay</AttributeValue>
              <ActionAttributeDesignator AttributeId=""urn:xacml:1.0:action:action-id"" DataType=""http://www.w3.org/2001/XMLSchema#string""/>
            </Match>
          </AllOf>
        </AnyOf>
      </Actions>
    </Target>
    <ObligationExpressions>
      <ObligationExpression ObligationId=""urn:xacml:obligation:action:set-priority"" FulfillOn=""Permit"">
        <AttributeAssignmentExpression AttributeId=""urn:xacml:attribute:service-priority"">
          <AttributeValue DataType=""http://www.w3.org/2001/XMLSchema#string"">CriticalSecurity</AttributeValue>
        </AttributeAssignmentExpression>
      </ObligationExpression>
    </ObligationExpressions>
  </Rule>

  <Rule RuleId=""urn:xacml:rule:267:DenyNetworkExceptManualSync"" Effect=""Deny"">
    <Target>
      <Resources>
        <Resource>
          <Match MatchId=""urn:oasis:names:tc:xacml:1.0:function:string-equal"">
            <AttributeValue DataType=""http://www.w3.org/2001/XMLSchema#string"">Network.Access</AttributeValue>
            <ResourceAttributeDesignator AttributeId=""urn:xacml:network:attribute:resource-type"" DataType=""http://www.w3.org/2001/XMLSchema#string""/>
          </Match>
        </Resource>
      </Resources>
    </Target>
    <Condition>
      <Apply FunctionId=""urn:oasis:names:tc:xacml:1.0:function:not"">
        <Apply FunctionId=""urn:oasis:names:tc:xacml:1.0:function:string-equal"">
          <AttributeValue DataType=""http://www.w3.org/2001/XMLSchema#string"">ManualSync</AttributeValue>
          <AttributeDesignator AttributeId=""urn:xacml:context:attribute:sync-trigger"" Category=""urn:oasis:names:tc:xacml:3.0:attribute-category:action"" DataType=""http://www.w3.org/2001/XMLSchema#string""/>
        </Apply>
      </Apply>
    </Condition>
  </Rule>

  <Rule RuleId=""urn:xacml:rule:267:DenyUsageStatistics"" Effect=""Deny"">
    <Target>
      <Actions>
        <Action>
          <Match MatchId=""urn:oasis:names:tc:xacml:1.0:function:string-equal"">
            <AttributeValue DataType=""http://www.w3.org/2001/XMLSchema#string"">collect</AttributeValue>
            <ActionAttributeDesignator AttributeId=""urn:xacml:1.0:action:action-id"" DataType=""http://www.w3.org/2001/XMLSchema#string""/>
          </Match>
        </Action>
      </Actions>
      <Resources>
        <Resource>
          <Match MatchId=""urn:oasis:names:tc:xacml:1.0:function:string-equal"">
            <AttributeValue DataType=""http://www.w3.org/2001/XMLSchema#string"">UserData.UsageStatistics</AttributeValue>
            <ResourceAttributeDesignator AttributeId=""urn:xacml:data:attribute:resource-type"" DataType=""http://www.w3.org/2001/XMLSchema#string""/>
          </Match>
        </Resource>
      </Resources>
    </Target>
  </Rule>
  
  <Rule RuleId=""urn:xacml:rule:267:DefaultDeny"" Effect=""Deny""/>
</Policy>";
268;Online shopping;Limited access;Per le app che aggregano le carte fedeltˆ come Stocard, concedo l'accesso alla fotocamera esclusivamente per la scansione del codice a barre di una nuova carta. Nego l'accesso alla posizione e disattivo le notifiche basate sulla prossimitˆ ai negozi. Non autorizzo l'analisi aggregata dei miei acquisti su diversi brand per creare un profilo di consumatore. L'app deve funzionare come un semplice portafoglio digitale e non come uno strumento di monitoraggio delle mie abitudini di spesa.;For apps that aggregate loyalty cards like Stocard, I grant camera access exclusively for scanning the barcode of a new card. I deny location access and disable notifications based on proximity to stores. I do not authorize the aggregate analysis of my purchases across different brands to create a consumer profile. The app must function as a simple digital wallet and not as a tool for monitoring my spending habits.;GEMINI 2.5;"<Policy PolicyId=""urn:xacml:policy:268:LoyaltyAggregatorLimited"" Version=""1.0"" RuleCombiningAlgId=""urn:oasis:names:tc:xacml:1.0:rule-combining-algorithm:deny-overrides"">
  <Description>Politica di accesso limitato per aggregatori di carte fedeltˆ (Stocard).</Description>
  <Target>
    <Subjects>
      <Subject>
        <Match MatchId=""urn:oasis:names:tc:xacml:1.0:function:string-equal"">
          <AttributeValue DataType=""http://www.w3.org/2001/XMLSchema#string"">Stocard</AttributeValue>
          <SubjectAttributeDesignator AttributeId=""urn:oasis:names:tc:xacml:1.0:subject:subject-id"" DataType=""http://www.w3.org/2001/XMLSchema#string""/>
        </Match>
      </Subjects>
    </Target>
  </Target>

  <Rule RuleId=""urn:xacml:rule:268:PermitCameraForScan"" Effect=""Permit"">
    <Target>
      <Actions>
        <Action>
          <Match MatchId=""urn:oasis:names:tc:xacml:1.0:function:string-equal"">
            <AttributeValue DataType=""http://www.w3.org/2001/XMLSchema#string"">scan_barcode</AttributeValue>
            <ActionAttributeDesignator AttributeId=""urn:xacml:1.0:action:action-id"" DataType=""http://www.w3.org/2001/XMLSchema#string""/>
          </Match>
        </Action>
      </Actions>
      <Resources>
        <Resource>
          <Match MatchId=""urn:oasis:names:tc:xacml:1.0:function:string-equal"">
            <AttributeValue DataType=""http://www.w3.org/2001/XMLSchema#string"">Device.Camera</AttributeValue>
            <ResourceAttributeDesignator AttributeId=""urn:xacml:device:attribute:resource-type"" DataType=""http://www.w3.org/2001/XMLSchema#string""/>
          </Match>
        </Resource>
      </Resources>
    </Target>
    <Condition>
      <Apply FunctionId=""urn:oasis:names:tc:xacml:1.0:function:string-equal"">
        <AttributeValue DataType=""http://www.w3.org/2001/XMLSchema#string"">AskEveryTime</AttributeValue>
        <AttributeDesignator AttributeId=""urn:xacml:context:attribute:permission-mode"" Category=""urn:oasis:names:tc:xacml:3.0:attribute-category:environment"" DataType=""http://www.w3.org/2001/XMLSchema#string""/>
      </Apply>
    </Condition>
  </Rule>

  <Rule RuleId=""urn:xacml:rule:268:DenyLocationProximity"" Effect=""Deny"">
    <Target>
      <Resources>
        <AnyOf>
          <AllOf>
            <Match MatchId=""urn:oasis:names:tc:xacml:1.0:function:string-equal"">
              <AttributeValue DataType=""http://www.w3.org/2001/XMLSchema#string"">Location.Any</AttributeValue>
              <ResourceAttributeDesignator AttributeId=""urn:xacml:location:attribute:resource-type"" DataType=""http://www.w3.org/2001/XMLSchema#string""/>
            </Match>
          </AllOf>
          <AllOf>
            <Match MatchId=""urn:oasis:names:tc:xacml:1.0:function:string-equal"">
              <AttributeValue DataType=""http://www.w3.org/2001/XMLSchema#string"">Notification.Proximity</AttributeValue>
              <ResourceAttributeDesignator AttributeId=""urn:xacml:notification:attribute:resource-type"" DataType=""http://www.w3.org/2001/XMLSchema#string""/>
            </Match>
          </AllOf>
        </AnyOf>
      </Resources>
    </Target>
  </Rule>

  <Rule RuleId=""urn:xacml:rule:268:DenyAggregatedAnalysis"" Effect=""Deny"">
    <Target>
      <Actions>
        <Action>
          <Match MatchId=""urn:oasis:names:tc:xacml:1.0:function:string-equal"">
            <AttributeValue DataType=""http://www.w3.org/2001/XMLSchema#string"">analyze</AttributeValue>
            <ActionAttributeDesignator AttributeId=""urn:xacml:1.0:action:action-id"" DataType=""http://www.w3.org/2001/XMLSchema#string""/>
          </Match>
        </Action>
      </Actions>
      <Resources>
        <Resource>
          <Match MatchId=""urn:oasis:names:tc:xacml:1.0:function:string-equal"">
            <AttributeValue DataType=""http://www.w3.org/2001/XMLSchema#string"">AggregatedPurchaseData</AttributeValue>
            <ResourceAttributeDesignator AttributeId=""urn:xacml:data:attribute:resource-type"" DataType=""http://www.w3.org/2001/XMLSchema#string""/>
          </Match>
        </Resource>
      </Resources>
    </Target>
    <Condition>
      <Apply FunctionId=""urn:oasis:names:tc:xacml:1.0:function:string-equal"">
        <AttributeValue DataType=""http://www.w3.org/2001/XMLSchema#string"">ConsumerProfiling</AttributeValue>
        <AttributeDesignator AttributeId=""urn:xacml:context:attribute:purpose"" Category=""urn:oasis:names:tc:xacml:3.0:attribute-category:environment"" DataType=""http://www.w3.org/2001/XMLSchema#string""/>
      </Apply>
    </Condition>
  </Rule>
  
  <Rule RuleId=""urn:xacml:rule:268:DefaultDeny"" Effect=""Deny""/>
</Policy>";
269;Hobby and specific interests;Access only while in use;Per app di riconoscimento come PlantNet (piante) o SkyView Lite (stelle), concedo l'accesso alla fotocamera e alla posizione solo nel momento esatto in cui sto inquadrando un soggetto per identificarlo. Non autorizzo il salvataggio dei metadati di geolocalizzazione nelle foto scattate dall'app e nego qualsiasi raccolta di dati in background. Queste app sono strumenti di scoperta momentanea e non devono trasformarsi in diari passivi delle mie esplorazioni.;For recognition apps like PlantNet (plants) or SkyView Lite (stars), I grant camera and location access only at the exact moment I am framing a subject to identify it. I do not authorize the saving of geolocation metadata in photos taken by the app and deny any background data collection. These apps are tools for momentary discovery and must not turn into passive diaries of my explorations.;GEMINI 2.5;"<Policy PolicyId=""urn:xacml:policy:269:HobbyOnDemandAccess"" Version=""1.0"" RuleCombiningAlgId=""urn:oasis:names:tc:xacml:1.0:rule-combining-algorithm:deny-overrides"">
  <Description>Politica di accesso momentaneo per app di identificazione (PlantNet, SkyView Lite).</Description>
  <Target>
    <Subjects>
      <Subject>
        <Match MatchId=""urn:oasis:names:tc:xacml:1.0:function:string-equal"">
          <AttributeValue DataType=""http://www.w3.org/2001/XMLSchema#string"">PlantNet</AttributeValue>
          <SubjectAttributeDesignator AttributeId=""urn:oasis:names:tc:xacml:1.0:subject:subject-id"" DataType=""http://www.w3.org/2001/XMLSchema#string""/>
        </Match>
        <Match MatchId=""urn:oasis:names:tc:xacml:1.0:function:string-equal"">
          <AttributeValue DataType=""http://www.w3.org/2001/XMLSchema#string"">SkyViewLite</AttributeValue>
          <SubjectAttributeDesignator AttributeId=""urn:oasis:names:tc:xacml:1.0:subject:subject-id"" DataType=""http://www.w3.org/2001/XMLSchema#string""/>
        </Match>
      </Subjects>
    </Target>
  </Target>

  <Rule RuleId=""urn:xacml:rule:269:PermitActiveIdentification"" Effect=""Permit"">
    <Target>
      <Resources>
        <AnyOf>
          <AllOf>
            <Match MatchId=""urn:oasis:names:tc:xacml:1.0:function:string-equal"">
              <AttributeValue DataType=""http://www.w3.org/2001/XMLSchema#string"">Device.Camera</AttributeValue>
              <ResourceAttributeDesignator AttributeId=""urn:xacml:device:attribute:resource-type"" DataType=""http://www.w3.org/2001/XMLSchema#string""/>
            </Match>
          </AllOf>
          <AllOf>
            <Match MatchId=""urn:oasis:names:tc:xacml:1.0:function:string-equal"">
              <AttributeValue DataType=""http://www.w3.org/2001/XMLSchema#string"">Location.Any</AttributeValue>
              <ResourceAttributeDesignator AttributeId=""urn:xacml:location:attribute:resource-type"" DataType=""http://www.w3.org/2001/XMLSchema#string""/>
            </Match>
          </AllOf>
        </AnyOf>
      </Resources>
      <Actions>
        <Action>
          <Match MatchId=""urn:oasis:names:tc:xacml:1.0:function:string-equal"">
            <AttributeValue DataType=""http://www.w3.org/2001/XMLSchema#string"">identify_subject</AttributeValue>
            <ActionAttributeDesignator AttributeId=""urn:xacml:1.0:action:action-id"" DataType=""http://www.w3.org/2001/XMLSchema#string""/>
          </Match>
        </Action>
      </Actions>
    </Target>
    <Condition>
      <Apply FunctionId=""urn:oasis:names:tc:xacml:1.0:function:string-equal"">
        <AttributeValue DataType=""http://www.w3.org/2001/XMLSchema#string"">ActiveIdentificationSession</AttributeValue>
        <AttributeDesignator AttributeId=""urn:xacml:context:attribute:session-status"" Category=""urn:oasis:names:tc:xacml:3.0:attribute-category:environment"" DataType=""http://www.w3.org/2001/XMLSchema#string""/>
      </Apply>
    </Condition>
  </Rule>

  <Rule RuleId=""urn:xacml:rule:269:DenyGeoMetadataSave"" Effect=""Deny"">
    <Target>
      <Actions>
        <Action>
          <Match MatchId=""urn:oasis:names:tc:xacml:1.0:function:string-equal"">
            <AttributeValue DataType=""http://www.w3.org/2001/XMLSchema#string"">save_metadata</AttributeValue>
            <ActionAttributeDesignator AttributeId=""urn:xacml:1.0:action:action-id"" DataType=""http://www.w3.org/2001/XMLSchema#string""/>
          </Match>
        </Action>
      </Actions>
      <Resources>
        <Resource>
          <Match MatchId=""urn:oasis:names:tc:xacml:1.0:function:string-equal"">
            <AttributeValue DataType=""http://www.w3.org/2001/XMLSchema#string"">Photo.GeoMetadata</AttributeValue>
            <ResourceAttributeDesignator AttributeId=""urn:xacml:data:attribute:resource-type"" DataType=""http://www.w3.org/2001/XMLSchema#string""/>
          </Match>
        </Resource>
      </Resources>
    </Target>
  </Rule>

  <Rule RuleId=""urn:xacml:rule:269:DenyBackgroundCollection"" Effect=""Deny"">
    <Target>
      <Actions>
        <Action>
          <Match MatchId=""urn:oasis:names:tc:xacml:1.0:function:string-equal"">
            <AttributeValue DataType=""http://www.w3.org/2001/XMLSchema#string"">collect</AttributeValue>
            <ActionAttributeDesignator AttributeId=""urn:xacml:1.0:action:action-id"" DataType=""http://www.w3.org/2001/XMLSchema#string""/>
          </Match>
        </Action>
      </Actions>
    </Target>
    <Condition>
      <Apply FunctionId=""urn:oasis:names:tc:xacml:1.0:function:string-equal"">
        <AttributeValue DataType=""http://www.w3.org/2001/XMLSchema#string"">Background</AttributeValue>
        <AttributeDesignator AttributeId=""urn:xacml:context:attribute:execution-mode"" Category=""urn:oasis:names:tc:xacml:3.0:attribute-category:environment"" DataType=""http://www.w3.org/2001/XMLSchema#string""/>
      </Apply>
    </Condition>
  </Rule>
  
  <Rule RuleId=""urn:xacml:rule:269:DefaultDeny"" Effect=""Deny""/>
</Policy>";
270;Gaming and entertainment;Access only while in use;Per i giochi mobili come Genshin Impact o Call of Duty Mobile, consento lÕaccesso al microfono solo durante sessioni multiplayer attive e allÕarchiviazione locale esclusivamente per il salvataggio dei progressi di gioco. Nego lÕaccesso ai contatti, alla posizione e ai dati di rete in background. Le statistiche di gioco possono essere utilizzate solo per migliorare le performance del servizio e non per finalitˆ di marketing o pubblicitˆ personalizzata.;For mobile games like Genshin Impact or Call of Duty Mobile, I allow microphone access only during active multiplayer sessions and local storage access exclusively for saving game progress. I deny access to contacts, location, and background network data. Game statistics may only be used to improve service performance and not for marketing or personalized advertising purposes.;GPT-5.1;"<Policy PolicyId=""urn:example:policy:block15:270"" Version=""1.0"">
  <Description>Per i giochi mobili come Genshin Impact o Call of Duty Mobile, consento lÕaccesso al microfono solo durante sessioni multiplayer attive e allÕarchiviazione locale esclusivamente per il salvataggio dei progressi di gioco. Nego lÕaccesso ai contatti, alla posizione e ai dati di rete in background. Le statistiche di gioco possono essere utilizzate solo per migliorare le performance del servizio e non per finalitˆ di marketing o pubblicitˆ personalizzata.</Description>
  <Rule RuleId=""rule270"" Effect=""Permit"">
    <Description>Subject=User; Action=access; Resource=microphone,local-storage; Condition=purpose=gameplay, background=denied, contacts=denied, marketing=denied</Description>
  </Rule>
</Policy>";
271;Home and smart home;Controlled access;Per le app di gestione domestica come Google Home, Alexa o Home+, concedo lÕaccesso alla rete locale e ai dispositivi smart presenti in casa. Tuttavia, nego lÕaccesso continuo alla posizione, che pu˜ essere utilizzata solo per comandi vocali legati al contesto (Òaccendi le luci di casaÓ quando sono geograficamente vicino). Non consento la raccolta dei dati ambientali o vocali per scopi di profilazione.;"For home management apps like Google Home, Alexa, or Home+, I grant access to the local network and smart devices in the home. However, I deny continuous location access, which may only be used for context-aware voice commands (""turn on the house lights"" when I am geographically close). I do not allow the collection of environmental or voice data for profiling purposes.";GPT-5.1;"<Policy PolicyId=""urn:example:policy:block15:271"" Version=""1.0"">
  <Description>Per le app di gestione domestica come Google Home, Alexa o Home+, concedo lÕaccesso alla rete locale e ai dispositivi smart presenti in casa. Tuttavia, nego lÕaccesso continuo alla posizione, che pu˜ essere utilizzata solo per comandi vocali legati al contesto (Òaccendi le luci di casaÓ quando sono geograficamente vicino). Non consento la raccolta dei dati ambientali o vocali per scopi di profilazione.</Description>
  <Rule RuleId=""rule271"" Effect=""Permit"">
    <Description>Subject=User; Action=access; Resource=local-network,smart-devices; Condition=location=limited, voice-data=purpose-limited, profiling=denied</Description>
  </Rule>
</Policy>";
272;News and information;Limited personalization;Per app di informazione generalista come Google News e Flipboard, consento la personalizzazione dei contenuti solo in base alle categorie che seleziono manualmente. Disattivo ogni forma di tracciamento delle mie letture e non autorizzo la creazione di profili pubblicitari. Le notifiche push sono limitate agli argomenti da me espressamente sottoscritti.;For general information apps like Google News and Flipboard, I allow content personalization only based on the categories I manually select. I disable all tracking of my reading habits and do not authorize the creation of advertising profiles. Push notifications are limited to topics I have expressly subscribed to.;GPT-5.1;"<Policy PolicyId=""urn:example:policy:block15:272"" Version=""1.0"">
  <Description>Per app di informazione generalista come Google News e Flipboard, consento la personalizzazione dei contenuti solo in base alle categorie che seleziono manualmente. Disattivo ogni forma di tracciamento delle mie letture e non autorizzo la creazione di profili pubblicitari. Le notifiche push sono limitate agli argomenti da me espressamente sottoscritti.</Description>
  <Rule RuleId=""rule272"" Effect=""Permit"">
    <Description>Subject=User; Action=read; Resource=news-content; Condition=personalization=manual-only, tracking=denied, profiling=denied, notifications=limited</Description>
  </Rule>
</Policy>";
273;Fitness and health;Full access but local;Per Fitbit, Withings Health Mate e Garmin Connect, autorizzo la raccolta di dati biometrici e di attivitˆ fisica solo ai fini del monitoraggio personale. Tutti i dati devono essere conservati in locale o su cloud cifrato e non condivisi con terze parti. Nego lÕuso dei dati sanitari per analisi statistiche o per finalitˆ pubblicitarie, anche in forma anonima.;For Fitbit, Withings Health Mate, and Garmin Connect, I authorize the collection of biometric and physical activity data solely for personal monitoring. All data must be stored locally or on an encrypted cloud and not shared with third parties. I deny the use of health data for statistical analysis or advertising purposes, even in anonymous form.;GPT-5.1;"<Policy PolicyId=""urn:example:policy:block15:273"" Version=""1.0"">
  <Description>Per Fitbit, Withings Health Mate e Garmin Connect, autorizzo la raccolta di dati biometrici e di attivitˆ fisica solo ai fini del monitoraggio personale. Tutti i dati devono essere conservati in locale o su cloud cifrato e non condivisi con terze parti. Nego lÕuso dei dati sanitari per analisi statistiche o per finalitˆ pubblicitarie, anche in forma anonima.</Description>
  <Rule RuleId=""rule273"" Effect=""Permit"">
    <Description>Subject=User; Action=collect; Resource=biometric-data,activity-data; Condition=storage=encrypted-local, sharing=denied, analytics=denied</Description>
  </Rule>
</Policy>";
274;Education and e-learning;Limited access;Per piattaforme didattiche come Khan Academy, Udemy e Coursera, consento lÕuso della rete per il download dei corsi e lÕaccesso al microfono esclusivamente per esercizi interattivi. Nego lÕaccesso ai contatti e alla posizione, nonchŽ la possibilitˆ di condividere i miei progressi o interessi con altri utenti o partner esterni.;For educational platforms like Khan Academy, Udemy, and Coursera, I allow network use for downloading courses and microphone access exclusively for interactive exercises. I deny access to contacts and location, as well as the ability to share my progress or interests with other users or external partners.;GPT-5.1;"<Policy PolicyId=""urn:example:policy:block15:274"" Version=""1.0"">
  <Description>Per piattaforme didattiche come Khan Academy, Udemy e Coursera, consento lÕuso della rete per il download dei corsi e lÕaccesso al microfono esclusivamente per esercizi interattivi. Nego lÕaccesso ai contatti e alla posizione, nonchŽ la possibilitˆ di condividere i miei progressi o interessi con altri utenti o partner esterni.</Description>
  <Rule RuleId=""rule274"" Effect=""Permit"">
    <Description>Subject=User; Action=access; Resource=network,microphone; Condition=purpose=learning, contacts=denied, location=denied, sharing=denied</Description>
  </Rule>
</Policy>";
275;Dating apps;Controlled access;Per applicazioni come Tinder, Bumble e Hinge, concedo lÕaccesso alla posizione precisa solo durante lÕutilizzo attivo dellÕapp. Non autorizzo la sincronizzazione con altri social network o servizi musicali. Le foto e i contenuti caricati devono rimanere allÕinterno dellÕapp e non essere riutilizzati a scopi pubblicitari o analitici.;For applications like Tinder, Bumble, and Hinge, I grant access to precise location only during active use of the app. I do not authorize synchronization with other social networks or music services. Uploaded photos and content must remain within the app and not be reused for advertising or analytical purposes.;GPT-5.1;"<Policy PolicyId=""urn:example:policy:block15:275"" Version=""1.0"">
  <Description>Per applicazioni come Tinder, Bumble e Hinge, concedo lÕaccesso alla posizione precisa solo durante lÕutilizzo attivo dellÕapp. Non autorizzo la sincronizzazione con altri social network o servizi musicali. Le foto e i contenuti caricati devono rimanere allÕinterno dellÕapp e non essere riutilizzati a scopi pubblicitari o analitici.</Description>
  <Rule RuleId=""rule275"" Effect=""Permit"">
    <Description>Subject=User; Action=access; Resource=location,media-content; Condition=usage=while-in-use, social-sync=denied, marketing=denied, analytics=denied</Description>
  </Rule>
</Policy>";
276;Automotive and connected vehicles;Necessary permissions / Only in use;Per MyAudi, Tesla, o Mercedes me, autorizzo la raccolta dei dati di posizione e di stato del veicolo solo durante la connessione attiva dellÕapp. Non consento la trasmissione continua di dati telemetrici al produttore, salvo per aggiornamenti software o diagnostica autorizzata. Disattivo ogni opzione di Òmonitoraggio percorsoÓ permanente.;"For MyAudi, Tesla, or Mercedes me, I authorize the collection of location and vehicle status data only during an active connection with the app. I do not allow the continuous transmission of telemetric data to the manufacturer, except for authorized software updates or diagnostics. I disable any permanent ""route monitoring"" option.";GPT-5.1;"<Policy PolicyId=""urn:example:policy:block15:276"" Version=""1.0"">
  <Description>Per MyAudi, Tesla, o Mercedes me, autorizzo la raccolta dei dati di posizione e di stato del veicolo solo durante la connessione attiva dellÕapp. Non consento la trasmissione continua di dati telemetrici al produttore, salvo per aggiornamenti software o diagnostica autorizzata. Disattivo ogni opzione di Òmonitoraggio percorsoÓ permanente.</Description>
  <Rule RuleId=""rule276"" Effect=""Permit"">
    <Description>Subject=User; Action=collect; Resource=vehicle-status,location; Condition=usage=active-session, telemetry=restricted, tracking=disabled</Description>
  </Rule>
</Policy>";
277;Utilities and tools;Continuous and priority access;Per app di sicurezza come Authy, Microsoft Authenticator e Bitwarden, concedo lÕaccesso prioritario al sistema per la gestione delle credenziali e della verifica a due fattori. Non autorizzo alcuna connessione automatica a Internet, salvo per la sincronizzazione sicura delle chiavi. Tutti i dati devono essere crittografati e conservati localmente.;For security apps like Authy, Microsoft Authenticator, and Bitwarden, I grant priority access to the system for managing credentials and two-factor verification. I do not authorize any automatic internet connection, except for the secure synchronization of keys. All data must be encrypted and stored locally.;GPT-5.1;"<Policy PolicyId=""urn:example:policy:block15:277"" Version=""1.0"">
  <Description>Per app di sicurezza come Authy, Microsoft Authenticator e Bitwarden, concedo lÕaccesso prioritario al sistema per la gestione delle credenziali e della verifica a due fattori. Non autorizzo alcuna connessione automatica a Internet, salvo per la sincronizzazione sicura delle chiavi. Tutti i dati devono essere crittografati e conservati localmente.</Description>
  <Rule RuleId=""rule277"" Effect=""Permit"">
    <Description>Subject=User; Action=access; Resource=credentials,2FA-data; Condition=internet=restricted, encryption=mandatory, storage=local</Description>
  </Rule>
</Policy>";
278;Online shopping;Controlled access;Per app come Zalando, Nike Store e H&M, concedo lÕaccesso ai dati di pagamento solo attraverso gateway sicuri (es. Apple Pay o PayPal). Nego la raccolta di dati comportamentali o di geolocalizzazione per la personalizzazione delle offerte. Le notifiche promozionali devono essere limitate a eventi o ordini che ho espressamente sottoscritto.;For apps like Zalando, Nike Store, and H&M, I grant access to payment data only through secure gateways (e.g., Apple Pay or PayPal). I deny the collection of behavioral or geolocation data for offer personalization. Promotional notifications must be limited to events or orders I have expressly subscribed to.;GPT-5.1;"<Policy PolicyId=""urn:example:policy:block15:278"" Version=""1.0"">
  <Description>Per app come Zalando, Nike Store e H&M, concedo lÕaccesso ai dati di pagamento solo attraverso gateway sicuri (es. Apple Pay o PayPal). Nego la raccolta di dati comportamentali o di geolocalizzazione per la personalizzazione delle offerte. Le notifiche promozionali devono essere limitate a eventi o ordini che ho espressamente sottoscritto.</Description>
  <Rule RuleId=""rule278"" Effect=""Permit"">
    <Description>Subject=User; Action=access; Resource=payment-data; Condition=gateway=secure, behavioral-data=denied, geolocation=denied, notifications=opt-in</Description>
  </Rule>
</Policy>";
279;Hobby and specific interests;Access only while in use;Per applicazioni come Seek by iNaturalist, Sky Guide e BirdNET, consento lÕuso della fotocamera e del GPS solo durante lÕidentificazione attiva di specie o costellazioni. Nego il salvataggio automatico delle immagini e lÕassociazione dei dati raccolti con il mio profilo utente. LÕesperienza resta strettamente offline e informativa.;For applications like Seek by iNaturalist, Sky Guide, and BirdNET, I allow the use of the camera and GPS only during the active identification of species or constellations. I deny the automatic saving of images and the association of collected data with my user profile. The experience remains strictly offline and informational.;GPT-5.1;"<Policy PolicyId=""urn:example:policy:block15:279"" Version=""1.0"">
  <Description>Per applicazioni come Seek by iNaturalist, Sky Guide e BirdNET, consento lÕuso della fotocamera e del GPS solo durante lÕidentificazione attiva di specie o costellazioni. Nego il salvataggio automatico delle immagini e lÕassociazione dei dati raccolti con il mio profilo utente. LÕesperienza resta strettamente offline e informativa.</Description>
  <Rule RuleId=""rule279"" Effect=""Permit"">
    <Description>Subject=User; Action=access; Resource=camera,GPS; Condition=purpose=identification, storage=manual-only, profile-link=denied, mode=offline</Description>
  </Rule>
</Policy>";
280;Music and streaming;No profiling;Per app come Netflix o Prime Video, autorizzo lÕuso dei dati solo per la riproduzione dei contenuti e la gestione della cronologia interna. Disattivo qualsiasi forma di tracciamento per fini pubblicitari o suggerimenti basati sulle mie visualizzazioni precedenti. Nego lÕaccesso alla posizione e non consento la condivisione di statistiche dÕuso con piattaforme esterne. I suggerimenti devono basarsi solo su ci˜ che ho valutato manualmente, non su algoritmi predittivi.;For apps like Netflix or Prime Video, I authorize the use of data only for content playback and internal history management. I disable any form of tracking for advertising purposes or suggestions based on my previous viewings. I deny location access and do not allow the sharing of usage statistics with external platforms. Suggestions must be based only on what I have manually rated, not on predictive algorithms.;GPT-5.1;"<Policy PolicyId=""urn:example:policy:block15:280"" Version=""1.0"">
  <Description>Per app come Netflix o Prime Video, autorizzo lÕuso dei dati solo per la riproduzione dei contenuti e la gestione della cronologia interna. Disattivo qualsiasi forma di tracciamento per fini pubblicitari o suggerimenti basati sulle mie visualizzazioni precedenti. Nego lÕaccesso alla posizione e non consento la condivisione di statistiche dÕuso con piattaforme esterne. I suggerimenti devono basarsi solo su ci˜ che ho valutato manualmente, non su algoritmi predittivi.</Description>
  <Rule RuleId=""rule280"" Effect=""Permit"">
    <Description>Subject=User; Action=use; Resource=streaming-data; Condition=purpose=content-playback, tracking=denied, profiling=denied, sharing=denied</Description>
  </Rule>
</Policy>";
281;Home and smart home;Limited access;Per sistemi integrati come Alexa o Google Home, consento lÕaccesso ai microfoni solo durante i comandi vocali attivi e nego la registrazione permanente delle conversazioni. I dati sulla temperatura e sullÕuso energetico vengono condivisi solo allÕinterno dellÕecosistema domestico e mai con partner commerciali. Le routine automatiche possono usare la posizione, ma solo quando entro o esco da casa, evitando tracciamenti continui.;For integrated systems like Alexa or Google Home, I allow access to microphones only during active voice commands and deny the permanent recording of conversations. Temperature and energy use data are shared only within the domestic ecosystem and never with commercial partners. Automatic routines may use location, but only when I enter or leave home, avoiding continuous tracking.;GPT-5.1;"<Policy PolicyId=""urn:example:policy:block15:281"" Version=""1.0"">
  <Description>Per sistemi integrati come Alexa o Google Home, consento lÕaccesso ai microfoni solo durante i comandi vocali attivi e nego la registrazione permanente delle conversazioni. I dati sulla temperatura e sullÕuso energetico vengono condivisi solo allÕinterno dellÕecosistema domestico e mai con partner commerciali. Le routine automatiche possono usare la posizione, ma solo quando entro o esco da casa, evitando tracciamenti continui.</Description>
  <Rule RuleId=""rule281"" Effect=""Permit"">
    <Description>Subject=User; Action=access; Resource=microphone,environmental-data; Condition=usage=while-in-use, recording=denied, data-sharing=internal-only, tracking=conditional</Description>
  </Rule>
</Policy>";
282;News and information;Access only while in use;Utilizzando app come ANSA o Rai News, permetto lÕaccesso temporaneo alla rete e ai dati di utilizzo per caricare i contenuti aggiornati, ma disattivo la personalizzazione del feed. Le notifiche push sono attive solo per le notizie di interesse nazionale e non includono pubblicitˆ o consigli sponsorizzati. Le mie preferenze di lettura non devono essere memorizzate nŽ condivise con servizi di analytics.;Using apps like AP News or Reuters, I allow temporary access to the network and usage data to load updated content, but I disable feed personalization. Push notifications are active only for national interest news and do not include advertising or sponsored recommendations. My reading preferences must not be stored or shared with analytics services.;GPT-5.1;"<Policy PolicyId=""urn:example:policy:block15:282"" Version=""1.0"">
  <Description>Utilizzando app come ANSA o Rai News, permetto lÕaccesso temporaneo alla rete e ai dati di utilizzo per caricare i contenuti aggiornati, ma disattivo la personalizzazione del feed. Le notifiche push sono attive solo per le notizie di interesse nazionale e non includono pubblicitˆ o consigli sponsorizzati. Le mie preferenze di lettura non devono essere memorizzate nŽ condivise con servizi di analytics.</Description>
  <Rule RuleId=""rule282"" Effect=""Permit"">
    <Description>Subject=User; Action=access; Resource=network,usage-data; Condition=feed=non-personalized, analytics=denied, notifications=national-news-only</Description>
  </Rule>
</Policy>";
283;Fitness and health;Full access;Per app mediche certificate come MioDottore o Fascicolo Sanitario, concedo pieno accesso ai dati biometrici e al GPS quando necessario per il monitoraggio della salute o la localizzazione delle strutture. Accetto che i dati vengano salvati su server protetti, ma rifiuto la loro condivisione con terze parti non sanitarie. Queste informazioni devono essere usate esclusivamente per finalitˆ cliniche e di prevenzione.;For certified medical apps like Zocdoc or my Electronic Health Record app, I grant full access to biometric data and GPS when necessary for health monitoring or locating facilities. I accept that data will be saved on secure servers, but I refuse their sharing with non-healthcare third parties. This information must be used exclusively for clinical and preventive purposes.;GPT-5.1;"<Policy PolicyId=""urn:example:policy:block15:283"" Version=""1.0"">
  <Description>Per app mediche certificate come MioDottore o Fascicolo Sanitario, concedo pieno accesso ai dati biometrici e al GPS quando necessario per il monitoraggio della salute o la localizzazione delle strutture. Accetto che i dati vengano salvati su server protetti, ma rifiuto la loro condivisione con terze parti non sanitarie. Queste informazioni devono essere usate esclusivamente per finalitˆ cliniche e di prevenzione.</Description>
  <Rule RuleId=""rule283"" Effect=""Permit"">
    <Description>Subject=User; Action=access; Resource=biometric-data,GPS; Condition=purpose=health-monitoring, storage=secure, sharing=denied, scope=medical-only</Description>
  </Rule>
</Policy>";
284;Education and e-learning;Limited access;Per le piattaforme universitarie e le app ministeriali come ÒUniversitalyÓ, concedo lÕaccesso ai miei dati accademici e ai file caricati solo durante le sessioni attive. Nego il tracciamento dei tempi di connessione e non autorizzo lÕuso delle mie performance per fini statistici o promozionali. Le comunicazioni devono avvenire su canali sicuri e con autenticazione a due fattori.;For university platforms and official student aid apps (e.g., FAFSA), I grant access to my academic data and uploaded files only during active sessions. I deny tracking of connection times and do not authorize the use of my performance for statistical or promotional purposes. Communications must occur on secure channels and with two-factor authentication.;GPT-5.1;"<Policy PolicyId=""urn:example:policy:block15:284"" Version=""1.0"">
  <Description>Per le piattaforme universitarie e le app ministeriali come ÒUniversitalyÓ, concedo lÕaccesso ai miei dati accademici e ai file caricati solo durante le sessioni attive. Nego il tracciamento dei tempi di connessione e non autorizzo lÕuso delle mie performance per fini statistici o promozionali. Le comunicazioni devono avvenire su canali sicuri e con autenticazione a due fattori.</Description>
  <Rule RuleId=""rule284"" Effect=""Permit"">
    <Description>Subject=User; Action=access; Resource=academic-data,uploaded-files; Condition=session=active-only, tracking=denied, communication=secure, authentication=2FA</Description>
  </Rule>
</Policy>";
285;Dating apps;No profiling;Per app basate su compatibilitˆ come OkCupid o Hinge, non consento la condivisione dei dati con reti pubblicitarie. Le informazioni sul mio profilo restano visibili solo allÕinterno dellÕapp e non vengono utilizzate per suggerire prodotti o servizi affini. LÕaccesso alla posizione  consentito solo in modalitˆ approssimativa, senza memorizzare cronologie di spostamento.;For compatibility-based apps like OkCupid or Hinge, I do not allow data sharing with advertising networks. The information on my profile remains visible only within the app and is not used to suggest related products or services. Location access is allowed only in approximate mode, without storing movement histories.;GPT-5.1;"<Policy PolicyId=""urn:example:policy:block15:285"" Version=""1.0"">
  <Description>Per app basate su compatibilitˆ come OkCupid o Hinge, non consento la condivisione dei dati con reti pubblicitarie. Le informazioni sul mio profilo restano visibili solo allÕinterno dellÕapp e non vengono utilizzate per suggerire prodotti o servizi affini. LÕaccesso alla posizione  consentito solo in modalitˆ approssimativa, senza memorizzare cronologie di spostamento.</Description>
  <Rule RuleId=""rule285"" Effect=""Permit"">
    <Description>Subject=User; Action=access; Resource=profile-data,location; Condition=sharing=denied, location=approximate-only, tracking=denied</Description>
  </Rule>
</Policy>";
286;Emergency and safety services;Full access;Per servizi di sicurezza come eCall o lÕapp del 112, concedo lÕaccesso illimitato alla posizione e ai dati di movimento, anche in background, poichŽ critici per lÕassistenza dÕemergenza. Accetto la trasmissione immediata dei dati di localizzazione e del numero di passeggeri ai soccorritori in caso di incidente. Tutte le altre funzionalitˆ, come la diagnostica remota, devono restare disattivate in assenza di consenso esplicito.;For security services like in-vehicle SOS (e.g., OnStar) or the 911 app, I grant unlimited access to location and movement data, even in the background, as they are critical for emergency assistance. I accept the immediate transmission of location data and passenger count to responders in the event of an accident. All other functionalities, such as remote diagnostics, must remain disabled without explicit consent.;GPT-5.1;"<Policy PolicyId=""urn:example:policy:block15:286"" Version=""1.0"">
  <Description>Per servizi di sicurezza come eCall o lÕapp del 112, concedo lÕaccesso illimitato alla posizione e ai dati di movimento, anche in background, poichŽ critici per lÕassistenza dÕemergenza. Accetto la trasmissione immediata dei dati di localizzazione e del numero di passeggeri ai soccorritori in caso di incidente. Tutte le altre funzionalitˆ, come la diagnostica remota, devono restare disattivate in assenza di consenso esplicito.</Description>
  <Rule RuleId=""rule286"" Effect=""Permit"">
    <Description>Subject=User; Action=access; Resource=location,motion-data; Condition=background=allowed, purpose=emergency-assistance, diagnostics=disabled</Description>
  </Rule>
</Policy>";
287;Utilities and tools;Access only while in use;Per app di scansione documenti o QR, come Adobe Scan o Microsoft Lens, autorizzo la fotocamera solo nel momento in cui effettuo una scansione. Le immagini vengono salvate localmente e non sincronizzate automaticamente nel cloud. Disattivo ogni funzione di riconoscimento del testo che richiede invio di dati a server esterni, mantenendo la conversione offline.;For document or QR scanning apps, like Adobe Scan or Microsoft Lens, I authorize the camera only when I am performing a scan. The images are saved locally and not automatically synchronized to the cloud. I disable any text recognition (OCR) feature that requires sending data to external servers, keeping the conversion offline.;GPT-5.1;"<Policy PolicyId=""urn:example:policy:block15:287"" Version=""1.0"">
  <Description>Per app di scansione documenti o QR, come Adobe Scan o Microsoft Lens, autorizzo la fotocamera solo nel momento in cui effettuo una scansione. Le immagini vengono salvate localmente e non sincronizzate automaticamente nel cloud. Disattivo ogni funzione di riconoscimento del testo che richiede invio di dati a server esterni, mantenendo la conversione offline.</Description>
  <Rule RuleId=""rule287"" Effect=""Permit"">
    <Description>Subject=User; Action=access; Resource=camera,images; Condition=usage=while-in-use, storage=local, OCR=offline-only</Description>
  </Rule>
</Policy>";
288;Banking and payment apps;Full access;Per applicazioni di pagamento e identitˆ digitale come PagoPA o Satispay, concedo pieno accesso alla rete, ai dati bancari e ai log di transazione, ma limito lÕuso delle informazioni a finalitˆ di sicurezza e tracciabilitˆ fiscale. Nego lÕuso dei dati di spesa per creare un profilo consumatore o per offerte personalizzate. Ogni operazione deve essere autenticata tramite biometria o PIN.;For payment and digital identity applications like Zelle or (official government payment app), I grant full access to the network, bank data, and transaction logs, but I limit the use of information to security and tax traceability purposes. I deny the use of spending data to create a consumer profile or for personalized offers. Every operation must be authenticated via biometrics or PIN.;GPT-5.1;"<Policy PolicyId=""urn:example:policy:block15:288"" Version=""1.0"">
  <Description>Per applicazioni di pagamento e identitˆ digitale come PagoPA o Satispay, concedo pieno accesso alla rete, ai dati bancari e ai log di transazione, ma limito lÕuso delle informazioni a finalitˆ di sicurezza e tracciabilitˆ fiscale. Nego lÕuso dei dati di spesa per creare un profilo consumatore o per offerte personalizzate. Ogni operazione deve essere autenticata tramite biometria o PIN.</Description>
  <Rule RuleId=""rule288"" Effect=""Permit"">
    <Description>Subject=User; Action=access; Resource=bank-data,transaction-logs; Condition=purpose=security, profiling=denied, authentication=biometric-or-PIN</Description>
  </Rule>
</Policy>";
289;Hobby and specific interests;No profiling;Per app culturali come Google Arts & Culture o SkyMap, consento lÕaccesso ai sensori solo durante la consultazione e nego qualsiasi raccolta di dati sullÕuso o sugli argomenti esplorati. Le preferenze artistiche o astronomiche non devono essere archiviate per scopi di marketing o suggerimenti futuri. LÕesperienza resta di pura esplorazione personale, senza tracciamento nŽ personalizzazione.;For cultural apps like Google Arts & Culture or SkyMap, I allow access to sensors only during consultation and deny any collection of usage data or topics explored. Artistic or astronomical preferences must not be archived for marketing purposes or future suggestions. The experience remains one of purely personal exploration, without tracking or personalization.;GPT-5.1;"<Policy PolicyId=""urn:example:policy:block15:289"" Version=""1.0"">
  <Description>Per app culturali come Google Arts & Culture o SkyMap, consento lÕaccesso ai sensori solo durante la consultazione e nego qualsiasi raccolta di dati sullÕuso o sugli argomenti esplorati. Le preferenze artistiche o astronomiche non devono essere archiviate per scopi di marketing o suggerimenti futuri. LÕesperienza resta di pura esplorazione personale, senza tracciamento nŽ personalizzazione.</Description>
  <Rule RuleId=""rule289"" Effect=""Permit"">
    <Description>Subject=User; Action=access; Resource=sensors,content; Condition=usage=while-in-use, tracking=denied, profiling=denied, purpose=personal-exploration</Description>
  </Rule>
</Policy>";
290;Music and streaming;Limited and temporary access;Per le piattaforme di streaming musicale come Spotify e YouTube Music, consento lÕaccesso al microfono solo per lÕuso della ricerca vocale o per lÕidentificazione dei brani tramite comandi vocali. Tuttavia, lÕautorizzazione  revocata automaticamente dopo ogni sessione, evitando che lÕapp possa attivarlo in background. Non concedo lÕaccesso alla posizione o ai contatti, e nego la sincronizzazione automatica con i social network.;For music streaming platforms like Spotify and YouTube Music, I allow microphone access only for using voice search or identifying songs via voice commands. However, the permission is automatically revoked after each session, preventing the app from activating it in the background. I do not grant access to location or contacts, and I deny automatic synchronization with social networks.;GPT-5.1;"<Policy PolicyId=""urn:example:policy:block16:290"" Version=""1.0"">
  <Description>Per le piattaforme di streaming musicale come Spotify e YouTube Music, consento lÕaccesso al microfono solo per lÕuso della ricerca vocale o per lÕidentificazione dei brani tramite comandi vocali. Tuttavia, lÕautorizzazione  revocata automaticamente dopo ogni sessione, evitando che lÕapp possa attivarlo in background. Non concedo lÕaccesso alla posizione o ai contatti, e nego la sincronizzazione automatica con i social network.</Description>
  <Rule RuleId=""rule290"" Effect=""Permit"">
    <Description>Subject=User; Action=access; Resource=microphone; Condition=purpose=voice-search, duration=session-only, background=denied, contacts=denied, social-sync=denied</Description>
  </Rule>
</Policy>";
291;Gaming and entertainment;Limited profiling;Per i giochi mobile come Clash Royale o Asphalt 9, accetto la profilazioneÊsoloÊper il miglioramento dellÕesperienza di gioco, ad esempio per bilanciare le sfide o proporre eventi coerenti con il mio livello. Tuttavia, nego ogni utilizzo di tali dati a fini pubblicitari o per suggerimenti di altri giochi fuori dalla piattaforma.;For mobile games like Clash Royale or Asphalt 9, I accept profiling only for improving the gaming experience, for example, to balance challenges or propose events consistent with my level. However, I deny any use of such data for advertising purposes or for suggesting other games outside the platform.;GPT-5.1;"<Policy PolicyId=""urn:example:policy:block16:291"" Version=""1.0"">
  <Description>Per i giochi mobile come Clash Royale o Asphalt 9, accetto la profilazione solo per il miglioramento dellÕesperienza di gioco, ad esempio per bilanciare le sfide o proporre eventi coerenti con il mio livello. Tuttavia, nego ogni utilizzo di tali dati a fini pubblicitari o per suggerimenti di altri giochi fuori dalla piattaforma.</Description>
  <Rule RuleId=""rule291"" Effect=""Permit"">
    <Description>Subject=User; Action=profile; Resource=game-data; Condition=purpose=game-improvement, marketing=denied, external-suggestions=denied</Description>
  </Rule>
</Policy>";
292;Fitness and health;Limited and temporary access;Per app di monitoraggio come Google Fit o Samsung Health, consento lÕaccesso ai sensori di movimento e frequenza cardiaca solo durante lÕattivitˆ sportiva, con revoca automatica al termine. Non autorizzo backup automatici su cloud e nego la condivisione dei dati sanitari con app di terze parti o inserzionisti.;For monitoring apps like Google Fit or Samsung Health, I allow access to motion and heart rate sensors only during sports activity, with automatic revocation at the end. I do not authorize automatic cloud backups and deny the sharing of health data with third-party apps or advertisers.;GPT-5.1;"<Policy PolicyId=""urn:example:policy:block16:292"" Version=""1.0"">
  <Description>Per app di monitoraggio come Google Fit o Samsung Health, consento lÕaccesso ai sensori di movimento e frequenza cardiaca solo durante lÕattivitˆ sportiva, con revoca automatica al termine. Non autorizzo backup automatici su cloud e nego la condivisione dei dati sanitari con app di terze parti o inserzionisti.</Description>
  <Rule RuleId=""rule292"" Effect=""Permit"">
    <Description>Subject=User; Action=access; Resource=motion-sensors,heart-rate; Condition=duration=activity-only, backup=denied, sharing=denied</Description>
  </Rule>
</Policy>";
293;Home and smart home;Notifications only;Per le app di controllo domestico come Alexa e Home Assistant, consento solo lÕinvio di notifiche legate allo stato dei dispositivi (porte aperte, temperatura, allarmi). Non concedo lÕaccesso continuo alla rete locale o ai microfoni se non quando avvio un comando vocale esplicito. Tutte le notifiche devono essere informative e non promozionali.;For home control apps like Alexa and Home Assistant, I only allow sending notifications related to device status (doors open, temperature, alarms). I do not grant continuous access to the local network or microphones unless I initiate an explicit voice command. All notifications must be informational and not promotional.;GPT-5.1;"<Policy PolicyId=""urn:example:policy:block16:293"" Version=""1.0"">
  <Description>Per le app di controllo domestico come Alexa e Home Assistant, consento solo lÕinvio di notifiche legate allo stato dei dispositivi (porte aperte, temperatura, allarmi). Non concedo lÕaccesso continuo alla rete locale o ai microfoni se non quando avvio un comando vocale esplicito. Tutte le notifiche devono essere informative e non promozionali.</Description>
  <Rule RuleId=""rule293"" Effect=""Permit"">
    <Description>Subject=User; Action=notify; Resource=device-status; Condition=network=limited, microphone=manual-only, notifications=informational-only</Description>
  </Rule>
</Policy>";
294;Banking and payment apps;Access only while in use;Per applicazioni come Revolut e Hype, autorizzo temporaneamente lÕuso della fotocamera per la scansione di documenti o QR code, ma il permesso  automaticamente revocato dopo ogni utilizzo. Nego lÕaccesso ai contatti, alla posizione e allÕarchiviazione locale. I dati di transazione non devono essere utilizzati per fini analitici o pubblicitari.;For applications like Revolut and Chime, I temporarily authorize the use of the camera for scanning documents or QR codes, but the permission is automatically revoked after each use. I deny access to contacts, location, and local storage. Transaction data must not be used for analytical or analytical purposes.;GPT-5.1;"<Policy PolicyId=""urn:example:policy:block16:294"" Version=""1.0"">
  <Description>Per applicazioni come Revolut e Hype, autorizzo temporaneamente lÕuso della fotocamera per la scansione di documenti o QR code, ma il permesso  automaticamente revocato dopo ogni utilizzo. Nego lÕaccesso ai contatti, alla posizione e allÕarchiviazione locale. I dati di transazione non devono essere utilizzati per fini analitici o pubblicitari.</Description>
  <Rule RuleId=""rule294"" Effect=""Permit"">
    <Description>Subject=User; Action=access; Resource=camera; Condition=usage=while-in-use, contacts=denied, location=denied, storage=denied, analytics=denied</Description>
  </Rule>
</Policy>";
295;News and information;Notifications only;Per applicazioni di notizie come ANSA o Corriere della Sera, attivo solo le notifiche push per le breaking news. Nego lÕaccesso alla posizione e non consento la personalizzazione del feed. Le notifiche devono limitarsi alle informazioni generali, escludendo suggerimenti basati su articoli letti o temi precedentemente consultati.;For news applications like AP News or The New York Times, I only activate push notifications for breaking news. I deny location access and do not allow feed personalization. Notifications must be limited to general information, excluding suggestions based on articles read or previously consulted topics.;GPT-5.1;"<Policy PolicyId=""urn:example:policy:block16:295"" Version=""1.0"">
  <Description>Per applicazioni di notizie come ANSA o Corriere della Sera, attivo solo le notifiche push per le breaking news. Nego lÕaccesso alla posizione e non consento la personalizzazione del feed. Le notifiche devono limitarsi alle informazioni generali, escludendo suggerimenti basati su articoli letti o temi precedentemente consultati.</Description>
  <Rule RuleId=""rule295"" Effect=""Permit"">
    <Description>Subject=User; Action=notify; Resource=news; Condition=notifications=breaking-news-only, location=denied, personalization=denied</Description>
  </Rule>
</Policy>";
296;Utilities and tools;Limited access;Per strumenti come Google Drive e Dropbox, consento lÕaccesso ai file solo in modalitˆ Òin usoÓ, ovvero durante lÕapertura o il caricamento manuale di documenti. LÕapp non deve avere accesso in background allÕintera memoria del dispositivo, e la sincronizzazione automatica  attiva solo sotto rete Wi-Fi e previa autorizzazione.;"For tools like Google Drive and Dropbox, I allow access to files only ""while in use,"" i.e., during the manual opening or uploading of documents. The app must not have background access to the device's entire storage, and automatic synchronization is active only on a Wi-Fi network and with prior authorization.";GPT-5.1;"<Policy PolicyId=""urn:example:policy:block16:296"" Version=""1.0"">
  <Description>Per strumenti come Google Drive e Dropbox, consento lÕaccesso ai file solo in modalitˆ Òin usoÓ, ovvero durante lÕapertura o il caricamento manuale di documenti. LÕapp non deve avere accesso in background allÕintera memoria del dispositivo, e la sincronizzazione automatica  attiva solo sotto rete Wi-Fi e previa autorizzazione.</Description>
  <Rule RuleId=""rule296"" Effect=""Permit"">
    <Description>Subject=User; Action=access; Resource=files; Condition=usage=while-in-use, background=denied, sync=manual-only, network=WiFi-only</Description>
  </Rule>
</Policy>";
297;Education and e-learning;Limited profiling;Per app di formazione come Khan Academy o edX, acconsento allÕuso dei miei progressi di apprendimento per migliorare i suggerimenti di corsi e percorsi didattici personalizzati. Tuttavia, la profilazione deve avvenire solo in forma interna e non pu˜ essere condivisa o venduta a enti di formazione o aziende terze.;For training apps like Khan Academy or edX, I consent to the use of my learning progress to improve course suggestions and personalized educational paths. However, profiling must only occur internally and cannot be shared or sold to training institutions or third-party companies.;GPT-5.1;"<Policy PolicyId=""urn:example:policy:block16:297"" Version=""1.0"">
  <Description>Per app di formazione come Khan Academy o edX, acconsento allÕuso dei miei progressi di apprendimento per migliorare i suggerimenti di corsi e percorsi didattici personalizzati. Tuttavia, la profilazione deve avvenire solo in forma interna e non pu˜ essere condivisa o venduta a enti di formazione o aziende terze.</Description>
  <Rule RuleId=""rule297"" Effect=""Permit"">
    <Description>Subject=User; Action=profile; Resource=learning-progress; Condition=purpose=internal-recommendations, sharing=denied, selling=denied</Description>
  </Rule>
</Policy>";
298;Weather services;Notifications only;Per app come 3B Meteo o IlMeteo.it, concedo solo lÕinvio di notifiche di allerta meteo basate sulla mia posizione impostata manualmente. Nego lÕaccesso continuo alla geolocalizzazione e vieto lÕuso dei miei dati per pubblicitˆ geotargettizzate. Le notifiche devono essere esclusivamente informative e prive di contenuti promozionali.;For apps like AccuWeather or The Weather Channel, I only grant the sending of weather alert notifications based on my manually set location. I deny continuous access to geolocation and prohibit the use of my data for geotargeted advertising. Notifications must be exclusively informational and free of promotional content.;GPT-5.1;"<Policy PolicyId=""urn:example:policy:block16:298"" Version=""1.0"">
  <Description>Per app come 3B Meteo o IlMeteo.it, concedo solo lÕinvio di notifiche di allerta meteo basate sulla mia posizione impostata manualmente. Nego lÕaccesso continuo alla geolocalizzazione e vieto lÕuso dei miei dati per pubblicitˆ geotargettizzate. Le notifiche devono essere esclusivamente informative e prive di contenuti promozionali.</Description>
  <Rule RuleId=""rule298"" Effect=""Permit"">
    <Description>Subject=User; Action=notify; Resource=weather-alerts; Condition=location=manual-only, geotargeting=denied, marketing=denied</Description>
  </Rule>
</Policy>";
299;Institutional and public utility services;Full access;Per applicazioni come IO, 112 Where ARE U o Immuni (in caso di riattivazione), concedo pieno accesso ai servizi di localizzazione, alle notifiche e ai dati di rete per garantire la piena funzionalitˆ dei servizi di emergenza e sicurezza pubblica. In questo contesto, la privacy personale  subordinata alla tutela della salute e della sicurezza collettiva.;For applications like the official government app, the 911 app, or COVID Alert apps (if reactivated), I grant full access to location services, notifications, and network data to ensure the full functionality of emergency and public safety services. In this context, personal privacy is subordinate to the protection of collective health and safety.;GPT-5.1;"<Policy PolicyId=""urn:example:policy:block16:299"" Version=""1.0"">
  <Description>Per applicazioni come IO, 112 Where ARE U o Immuni (in caso di riattivazione), concedo pieno accesso ai servizi di localizzazione, alle notifiche e ai dati di rete per garantire la piena funzionalitˆ dei servizi di emergenza e sicurezza pubblica. In questo contesto, la privacy personale  subordinata alla tutela della salute e della sicurezza collettiva.</Description>
  <Rule RuleId=""rule299"" Effect=""Permit"">
    <Description>Subject=User; Action=access; Resource=location,network,notifications; Condition=purpose=public-safety, privacy=secondary</Description>
  </Rule>
</Policy>";
300;Photos, files, and storage;Access only while in use;Per applicazioni di gestione file come Google Files o Solid Explorer, autorizzo lÕaccesso alla memoria solo quando apro esplicitamente lÕapp per navigare o modificare documenti. Non consento la scansione automatica del contenuto in background nŽ la raccolta di statistiche sui file archiviati. Ogni operazione di lettura o scrittura deve essere avviata manualmente.;For file management applications like Google Files or Solid Explorer, I authorize access to storage only when I explicitly open the app to browse or modify documents. I do not allow automatic content scanning in the background or the collection of statistics on stored files. Every read or write operation must be initiated manually.;GPT-5.1;"<Policy PolicyId=""urn:example:policy:block16:300"" Version=""1.0"">
  <Description>Per applicazioni di gestione file come Google Files o Solid Explorer, autorizzo lÕaccesso alla memoria solo quando apro esplicitamente lÕapp per navigare o modificare documenti. Non consento la scansione automatica del contenuto in background nŽ la raccolta di statistiche sui file archiviati. Ogni operazione di lettura o scrittura deve essere avviata manualmente.</Description>
  <Rule RuleId=""rule300"" Effect=""Permit"">
    <Description>Subject=User; Action=access; Resource=storage; Condition=usage=manual-only, background=denied, analytics=denied</Description>
  </Rule>
</Policy>";
301;Photos, files, and storage;Limited access;Per app fotografiche come Google Foto o Amazon Photos, consento lÕaccesso alla galleria solo per la sincronizzazione delle immagini che seleziono manualmente. Le foto non devono essere sottoposte ad analisi automatica per il riconoscimento dei volti o la categorizzazione dei soggetti senza consenso esplicito. LÕupload automatico  disattivato per evitare copie non autorizzate sul cloud.;For photo apps like Google Photos or Amazon Photos, I allow gallery access only for synchronizing the images I manually select. Photos must not undergo automatic analysis for facial recognition or subject categorization without explicit consent. Automatic upload is disabled to prevent unauthorized copies to the cloud.;GPT-5.1;"<Policy PolicyId=""urn:example:policy:block16:301"" Version=""1.0"">
  <Description>Per app fotografiche come Google Foto o Amazon Photos, consento lÕaccesso alla galleria solo per la sincronizzazione delle immagini che seleziono manualmente. Le foto non devono essere sottoposte ad analisi automatica per il riconoscimento dei volti o la categorizzazione dei soggetti senza consenso esplicito. LÕupload automatico  disattivato per evitare copie non autorizzate sul cloud.</Description>
  <Rule RuleId=""rule301"" Effect=""Permit"">
    <Description>Subject=User; Action=access; Resource=photo-gallery; Condition=sync=manual-only, face-recognition=denied, auto-upload=disabled</Description>
  </Rule>
</Policy>";
302;Photos, files, and storage;Limited and temporary access;Per strumenti di scansione documenti come Adobe Scan o Microsoft Lens, concedo lÕuso della fotocamera e dellÕarchiviazione locale solo durante la scansione attiva, con revoca immediata del permesso al termine dellÕoperazione. Non autorizzo la sincronizzazione automatica su server esterni, nŽ lÕindicizzazione OCR dei file a fini analitici o pubblicitari.;For document scanning tools like Adobe Scan or Microsoft Lens, I grant use of the camera and local storage only during the active scan, with immediate revocation of permission at the end of the operation. I do not authorize automatic synchronization to external servers, nor OCR indexing of files for analytical or advertising purposes.;GPT-5.1;"<Policy PolicyId=""urn:example:policy:block16:302"" Version=""1.0"">
  <Description>Per strumenti di scansione documenti come Adobe Scan o Microsoft Lens, concedo lÕuso della fotocamera e dellÕarchiviazione locale solo durante la scansione attiva, con revoca immediata del permesso al termine dellÕoperazione. Non autorizzo la sincronizzazione automatica su server esterni, nŽ lÕindicizzazione OCR dei file a fini analitici o pubblicitari.</Description>
  <Rule RuleId=""rule302"" Effect=""Permit"">
    <Description>Subject=User; Action=access; Resource=camera,local-storage; Condition=usage=active-scan-only, sync=denied, OCR=denied</Description>
  </Rule>
</Policy>";
303;Cloud and productivity;Full access;Per app di backup come OneDrive o iCloud Drive, concedo lÕaccesso completo allÕarchiviazione locale e alla sincronizzazione in background, ma esclusivamente per la conservazione sicura dei miei file. Tali dati non possono essere usati per generare insight o raccomandazioni, nŽ condivisi con partner esterni. I backup devono essere cifrati end-to-end.;For backup apps like OneDrive or iCloud Drive, I grant full access to local storage and background synchronization, but exclusively for the secure preservation of my files. Such data cannot be used to generate insights or recommendations, nor shared with external partners. Backups must be end-to-end encrypted.;GPT-5.1;"<Policy PolicyId=""urn:example:policy:block16:303"" Version=""1.0"">
  <Description>Per app di backup come OneDrive o iCloud Drive, concedo lÕaccesso completo allÕarchiviazione locale e alla sincronizzazione in background, ma esclusivamente per la conservazione sicura dei miei file. Tali dati non possono essere usati per generare insight o raccomandazioni, nŽ condivisi con partner esterni. I backup devono essere cifrati end-to-end.</Description>
  <Rule RuleId=""rule303"" Effect=""Permit"">
    <Description>Subject=User; Action=backup; Resource=local-storage,cloud; Condition=purpose=data-preservation, analytics=denied, sharing=denied, encryption=end-to-end</Description>
  </Rule>
</Policy>";
304;Cloud and productivity;Notifications only;Per app di gestione cloud come Dropbox, attivo unicamente le notifiche di completamento del caricamento o dellÕaggiornamento di un file condiviso. LÕapp non deve accedere alla posizione, ai contatti o alle altre app del dispositivo. Le notifiche informative devono rimanere separate da eventuali comunicazioni promozionali.;For cloud management apps like Dropbox, I only activate notifications for the completion of an upload or an update to a shared file. The app must not access location, contacts, or other apps on the device. Informational notifications must remain separate from any promotional communications.;GPT-5.1;"<Policy PolicyId=""urn:example:policy:block16:304"" Version=""1.0"">
  <Description>Per app di gestione cloud come Dropbox, attivo unicamente le notifiche di completamento del caricamento o dellÕaggiornamento di un file condiviso. LÕapp non deve accedere alla posizione, ai contatti o alle altre app del dispositivo. Le notifiche informative devono rimanere separate da eventuali comunicazioni promozionali.</Description>
  <Rule RuleId=""rule304"" Effect=""Permit"">
    <Description>Subject=User; Action=notify; Resource=cloud-files; Condition=notifications=status-only, location=denied, contacts=denied, marketing=denied</Description>
  </Rule>
</Policy>";
305;Creativity and design;Access only while in use;Per app di editing grafico come Canva o Adobe Express, autorizzo lÕaccesso ai file e alla fotocamera solo durante la creazione o la modifica di un progetto. Nego qualsiasi sincronizzazione automatica o suggerimento basato su design precedenti. LÕapp deve conservare i progetti esclusivamente in locale salvo mio consenso esplicito per lÕupload su cloud.;For graphic editing apps like Canva or Adobe Express, I authorize access to files and the camera only during the creation or modification of a project. I deny any automatic synchronization or suggestions based on previous designs. The app must save projects exclusively locally unless I give explicit consent for a cloud upload.;GPT-5.1;"<Policy PolicyId=""urn:example:policy:block16:305"" Version=""1.0"">
  <Description>Per app di editing grafico come Canva o Adobe Express, autorizzo lÕaccesso ai file e alla fotocamera solo durante la creazione o la modifica di un progetto. Nego qualsiasi sincronizzazione automatica o suggerimento basato su design precedenti. LÕapp deve conservare i progetti esclusivamente in locale salvo mio consenso esplicito per lÕupload su cloud.</Description>
  <Rule RuleId=""rule305"" Effect=""Permit"">
    <Description>Subject=User; Action=access; Resource=files,camera; Condition=usage=while-in-use, sync=manual-only, storage=local, suggestions=denied</Description>
  </Rule>
</Policy>";
306;Creativity and design;Limited profiling;Per piattaforme creative come Behance o Pinterest, consento lÕuso dei miei interessi e interazioni unicamente per affinare i suggerimenti interni di contenuti e ispirazioni visive. Tuttavia, vieto lÕuso di tali dati per finalitˆ di marketing o targeting pubblicitario fuori piattaforma. La personalizzazione deve restare confinata allÕambiente dellÕapp.;For creative platforms like Behance or Pinterest, I allow the use of my interests and interactions solely to refine internal suggestions for content and visual inspiration. However, I prohibit the use of such data for marketing or off-platform ad targeting. Personalization must remain confined to the app's environment.;GPT-5.1;"<Policy PolicyId=""urn:example:policy:block16:306"" Version=""1.0"">
  <Description>Per piattaforme creative come Behance o Pinterest, consento lÕuso dei miei interessi e interazioni unicamente per affinare i suggerimenti interni di contenuti e ispirazioni visive. Tuttavia, vieto lÕuso di tali dati per finalitˆ di marketing o targeting pubblicitario fuori piattaforma. La personalizzazione deve restare confinata allÕambiente dellÕapp.</Description>
  <Rule RuleId=""rule306"" Effect=""Permit"">
    <Description>Subject=User; Action=profile; Resource=interest-data; Condition=purpose=internal-recommendation, marketing=denied, external-targeting=denied</Description>
  </Rule>
</Policy>";
307;Creativity and design;Limited access;Per app di fotografia come Lightroom Mobile o Snapseed, consento lÕaccesso alla galleria solo per gli album che seleziono esplicitamente per lÕediting. LÕapp non deve analizzare in background il rullino completo nŽ sincronizzare automaticamente i progetti. Ogni upload deve essere confermato manualmente.;For photography apps like Lightroom Mobile or Snapseed, I allow gallery access only for the albums I explicitly select for editing. The app must not scan the entire camera roll in the background or automatically synchronize projects. Every upload must be manually confirmed.;GPT-5.1;"<Policy PolicyId=""urn:example:policy:block16:307"" Version=""1.0"">
  <Description>Per app di fotografia come Lightroom Mobile o Snapseed, consento lÕaccesso alla galleria solo per gli album che seleziono esplicitamente per lÕediting. LÕapp non deve analizzare in background il rullino completo nŽ sincronizzare automaticamente i progetti. Ogni upload deve essere confermato manualmente.</Description>
  <Rule RuleId=""rule307"" Effect=""Permit"">
    <Description>Subject=User; Action=access; Resource=photo-gallery; Condition=selection=manual-only, background=denied, sync=manual-only</Description>
  </Rule>
</Policy>";
308;Digital assistance and support;Full access;Per app di supporto remoto come TeamViewer o AnyDesk, concedo lÕaccesso completo al dispositivo solo per la durata della sessione di assistenza, supervisionando ogni azione in tempo reale. Non consento connessioni automatiche o persistenti. Tutte le sessioni devono terminare con la revoca immediata dei permessi e la cancellazione dei log locali.;For remote support apps like TeamViewer or AnyDesk, I grant full access to the device only for the duration of the assistance session, supervising every action in real-time. I do not allow automatic or persistent connections. All sessions must end with the immediate revocation of permissions and deletion of local logs.;GPT-5.1;"<Policy PolicyId=""urn:example:policy:block16:308"" Version=""1.0"">
  <Description>Per app di supporto remoto come TeamViewer o AnyDesk, concedo lÕaccesso completo al dispositivo solo per la durata della sessione di assistenza, supervisionando ogni azione in tempo reale. Non consento connessioni automatiche o persistenti. Tutte le sessioni devono terminare con la revoca immediata dei permessi e la cancellazione dei log locali.</Description>
  <Rule RuleId=""rule308"" Effect=""Permit"">
    <Description>Subject=User; Action=access; Resource=device; Condition=session=temporary, supervision=required, auto-connect=denied, logs=deleted</Description>
  </Rule>
</Policy>";
309;Digital assistance and support;Limited and temporary access;Per chatbot o assistenti virtuali come Google Assistant o Amazon Alexa, consento temporaneamente lÕuso del microfono solo quando attivo manualmente un comando vocale. Dopo lÕinterazione, il permesso  revocato. Nego lÕascolto passivo, la registrazione continua e lÕutilizzo delle conversazioni per finalitˆ pubblicitarie o di addestramento dei modelli.;For chatbots or virtual assistants like Google Assistant or Amazon Alexa, I temporarily allow microphone use only when I manually activate a voice command. After the interaction, the permission is revoked. I deny passive listening, continuous recording, and the use of conversations for advertising or model training purposes.;GPT-5.1;"<Policy PolicyId=""urn:example:policy:block16:309"" Version=""1.0"">
  <Description>Per chatbot o assistenti virtuali come Google Assistant o Amazon Alexa, consento temporaneamente lÕuso del microfono solo quando attivo manualmente un comando vocale. Dopo lÕinterazione, il permesso  revocato. Nego lÕascolto passivo, la registrazione continua e lÕutilizzo delle conversazioni per finalitˆ pubblicitarie o di addestramento dei modelli.</Description>
  <Rule RuleId=""rule309"" Effect=""Permit"">
    <Description>Subject=User; Action=access; Resource=microphone; Condition=usage=manual-only, duration=session-only, passive-listening=denied, recording=denied, training=denied</Description>
  </Rule>
</Policy>";
310;Music and streaming;Notifications only;Per app come Apple Music, Deezer e Tidal, attivo esclusivamente le notifiche relative a nuove uscite o playlist suggerite. Nego lÕaccesso a microfono, posizione o contatti. LÕapp non deve raccogliere dati su ascolti passati per fini pubblicitari o per creare profili esterni.;For apps like Apple Music, Deezer, and Tidal, I only activate notifications related to new releases or suggested playlists. I deny access to the microphone, location, or contacts. The app must not collect data on past listening for advertising purposes or to create external profiles.;GPT-5.1;"<Policy PolicyId=""urn:example:policy:block17:310"" Version=""1.0"">
  <Description>Per app come Apple Music, Deezer e Tidal, attivo esclusivamente le notifiche relative a nuove uscite o playlist suggerite. Nego lÕaccesso a microfono, posizione o contatti. LÕapp non deve raccogliere dati su ascolti passati per fini pubblicitari o per creare profili esterni.</Description>
  <Rule RuleId=""rule310"" Effect=""Permit"">
    <Description>Subject=User; Action=notify; Resource=music-updates; Condition=microphone=denied, location=denied, contacts=denied, profiling=denied</Description>
  </Rule>
</Policy>";
311;Fitness and health;Limited profiling;Per app come MyFitnessPal o Strava, autorizzo la profilazione dei miei dati di attivitˆ fisica solo per personalizzare programmi di allenamento e obiettivi personali. I dati non devono essere condivisi con partner pubblicitari o terze parti, e la profilazione resta confinata allÕambiente interno dellÕapp.;For apps like MyFitnessPal or Strava, I authorize the profiling of my physical activity data only to personalize workout programs and personal goals. The data must not be shared with advertising partners or third parties, and profiling remains confined to the app's internal environment.;GPT-5.1;"<Policy PolicyId=""urn:example:policy:block17:311"" Version=""1.0"">
  <Description>Per app come MyFitnessPal o Strava, autorizzo la profilazione dei miei dati di attivitˆ fisica solo per personalizzare programmi di allenamento e obiettivi personali. I dati non devono essere condivisi con partner pubblicitari o terze parti, e la profilazione resta confinata allÕambiente interno dellÕapp.</Description>
  <Rule RuleId=""rule311"" Effect=""Permit"">
    <Description>Subject=User; Action=profile; Resource=fitness-data; Condition=purpose=training-optimization, sharing=denied, marketing=denied</Description>
  </Rule>
</Policy>";
312;Home and smart home;Limited access;Per app di telecamere e sicurezza domestica come Arlo o Ring, concedo lÕaccesso alla fotocamera e microfono solo quando avvio manualmente il controllo live. Nego la registrazione automatica continua e lÕaccesso alla posizione in background, garantendo la privacy dei familiari e degli ospiti.;For home security camera apps like Arlo or Ring, I grant access to the camera and microphone only when I manually initiate a live feed. I deny continuous automatic recording and background location access, ensuring the privacy of family members and guests.;GPT-5.1;"<Policy PolicyId=""urn:example:policy:block17:312"" Version=""1.0"">
  <Description>Per app di telecamere e sicurezza domestica come Arlo o Ring, concedo lÕaccesso alla fotocamera e microfono solo quando avvio manualmente il controllo live. Nego la registrazione automatica continua e lÕaccesso alla posizione in background, garantendo la privacy dei familiari e degli ospiti.</Description>
  <Rule RuleId=""rule312"" Effect=""Permit"">
    <Description>Subject=User; Action=access; Resource=camera,microphone; Condition=usage=manual-only, recording=denied, background=denied, privacy=protected</Description>
  </Rule>
</Policy>";
313;News and information;Limited and temporary access;Per app come Repubblica, ANSA o Il Sole 24 Ore, autorizzo temporaneamente lÕaccesso ai feed personalizzati solo durante la lettura attiva. Dopo la chiusura dellÕapp, lÕautorizzazione  revocata. Non consento lÕuso dei miei dati per profilazione pubblicitaria o vendita a terzi.;For apps like The New York Times, AP News, or The Wall Street Journal, I temporarily authorize access to personalized feeds only during active reading. After closing the app, the authorization is revoked. I do not allow the use of my data for advertising profiling or sale to third parties.;GPT-5.1;"<Policy PolicyId=""urn:example:policy:block17:313"" Version=""1.0"">
  <Description>Per app come Repubblica, ANSA o Il Sole 24 Ore, autorizzo temporaneamente lÕaccesso ai feed personalizzati solo durante la lettura attiva. Dopo la chiusura dellÕapp, lÕautorizzazione  revocata. Non consento lÕuso dei miei dati per profilazione pubblicitaria o vendita a terzi.</Description>
  <Rule RuleId=""rule313"" Effect=""Permit"">
    <Description>Subject=User; Action=access; Resource=personalized-feeds; Condition=duration=session-only, profiling=denied, selling=denied</Description>
  </Rule>
</Policy>";
314;Banking and payment apps;Limited profiling;Per app come PayPal o N26, consento la profilazione interna dei miei movimenti finanziari solo per suggerimenti di sicurezza o ottimizzazione dei pagamenti (es. avvisi su spese ricorrenti). Nego ogni utilizzo dei dati per pubblicitˆ esterna o offerte commerciali non richieste.;For apps like PayPal or Chime, I allow internal profiling of my financial movements only for security suggestions or payment optimization (e.g., alerts on recurring expenses). I deny any use of the data for external advertising or unsolicited commercial offers.;GPT-5.1;"<Policy PolicyId=""urn:example:policy:block17:314"" Version=""1.0"">
  <Description>Per app come PayPal o N26, consento la profilazione interna dei miei movimenti finanziari solo per suggerimenti di sicurezza o ottimizzazione dei pagamenti (es. avvisi su spese ricorrenti). Nego ogni utilizzo dei dati per pubblicitˆ esterna o offerte commerciali non richieste.</Description>
  <Rule RuleId=""rule314"" Effect=""Permit"">
    <Description>Subject=User; Action=profile; Resource=financial-data; Condition=purpose=security-optimization, external-marketing=denied</Description>
  </Rule>
</Policy>";
315;Utilities and tools;Notifications only;Per app di gestione batteria e performance come AccuBattery o CCleaner, autorizzo unicamente lÕinvio di notifiche sullo stato del dispositivo o consigli per ottimizzare lÕautonomia. Non concedo lÕaccesso alla posizione, ai contatti o ai file locali e nego qualsiasi raccolta di dati a fini analitici.;For battery and performance management apps like AccuBattery or CCleaner, I only authorize sending notifications about the device's status or tips to optimize battery life. I do not grant access to location, contacts, or local files and deny any data collection for analytical purposes.;GPT-5.1;"<Policy PolicyId=""urn:example:policy:block17:315"" Version=""1.0"">
  <Description>Per app di gestione batteria e performance come AccuBattery o CCleaner, autorizzo unicamente lÕinvio di notifiche sullo stato del dispositivo o consigli per ottimizzare lÕautonomia. Non concedo lÕaccesso alla posizione, ai contatti o ai file locali e nego qualsiasi raccolta di dati a fini analitici.</Description>
  <Rule RuleId=""rule315"" Effect=""Permit"">
    <Description>Subject=User; Action=notify; Resource=device-status; Condition=location=denied, contacts=denied, analytics=denied</Description>
  </Rule>
</Policy>";
316;Online shopping;Limited and temporary access;Per app come Shein, Aliexpress o Temu, concedo lÕaccesso alla fotocamera solo per scansione QR o codici promozionali durante lÕacquisto, con revoca immediata al termine dellÕoperazione. Nego qualsiasi raccolta di dati di navigazione o profilazione pubblicitaria senza consenso esplicito.;For apps like Shein, Aliexpress, or Temu, I grant camera access only for scanning QR codes or promotional codes during purchase, with immediate revocation at the end of the operation. I deny any collection of browsing data or advertising profiling without explicit consent.;GPT-5.1;"<Policy PolicyId=""urn:example:policy:block17:316"" Version=""1.0"">
  <Description>Per app come Shein, Aliexpress o Temu, concedo lÕaccesso alla fotocamera solo per scansione QR o codici promozionali durante lÕacquisto, con revoca immediata al termine dellÕoperazione. Nego qualsiasi raccolta di dati di navigazione o profilazione pubblicitaria senza consenso esplicito.</Description>
  <Rule RuleId=""rule316"" Effect=""Permit"">
    <Description>Subject=User; Action=access; Resource=camera; Condition=usage=QR-scan-only, duration=session-only, profiling=denied, navigation-data=denied</Description>
  </Rule>
</Policy>";
317;Gaming and entertainment;Notifications only;Per app come PokŽmon GO o Harry Potter: Wizards Unite, attivo solo notifiche di eventi speciali o aggiornamenti della community. Non concedo accesso continuo a microfono, posizione o archiviazione e nego la raccolta di dati per profilazione pubblicitaria.;For apps like PokŽmon GO or Harry Potter: Wizards Unite, I only activate notifications for special events or community updates. I do not grant continuous access to the microphone, location, or storage and deny data collection for advertising profiling.;GPT-5.1;"<Policy PolicyId=""urn:example:policy:block17:317"" Version=""1.0"">
  <Description>Per app come PokŽmon GO o Harry Potter: Wizards Unite, attivo solo notifiche di eventi speciali o aggiornamenti della community. Non concedo accesso continuo a microfono, posizione o archiviazione e nego la raccolta di dati per profilazione pubblicitaria.</Description>
  <Rule RuleId=""rule317"" Effect=""Permit"">
    <Description>Subject=User; Action=notify; Resource=game-events; Condition=microphone=denied, location=denied, storage=denied, profiling=denied</Description>
  </Rule>
</Policy>";
318;Creativity and design;Limited and temporary access;Per app come Procreate o Affinity Designer, concedo lÕaccesso alla memoria e alla fotocamera solo durante lÕediting di un progetto attivo. Dopo il salvataggio, il permesso viene revocato e lÕapp non deve conservare copie dei file in cloud senza autorizzazione esplicita.;For apps like Procreate or Affinity Designer, I grant access to storage and the camera only during the editing of an active project. After saving, the permission is revoked, and the app must not keep copies of files in the cloud without explicit authorization.;GPT-5.1;"<Policy PolicyId=""urn:example:policy:block17:318"" Version=""1.0"">
  <Description>Per app come Procreate o Affinity Designer, concedo lÕaccesso alla memoria e alla fotocamera solo durante lÕediting di un progetto attivo. Dopo il salvataggio, il permesso viene revocato e lÕapp non deve conservare copie dei file in cloud senza autorizzazione esplicita.</Description>
  <Rule RuleId=""rule318"" Effect=""Permit"">
    <Description>Subject=User; Action=access; Resource=storage,camera; Condition=usage=active-editing, duration=session-only, cloud-backup=denied</Description>
  </Rule>
</Policy>";
319;Digital assistance and support;Limited profiling;Per app di helpdesk come Zendesk o Freshdesk, autorizzo lÕuso dei dati di interazione solo per migliorare la qualitˆ del supporto e la risoluzione dei ticket. Non consento lÕutilizzo dei dati per marketing esterno o profilazione pubblicitaria e ogni accesso deve essere loggato e tracciabile.;For helpdesk apps like Zendesk or Freshdesk, I authorize the use of interaction data only to improve support quality and ticket resolution. I do not allow the use of data for external marketing or advertising profiling, and all access must be logged and traceable.;GPT-5.1;"<Policy PolicyId=""urn:example:policy:block17:319"" Version=""1.0"">
  <Description>Per app di helpdesk come Zendesk o Freshdesk, autorizzo lÕuso dei dati di interazione solo per migliorare la qualitˆ del supporto e la risoluzione dei ticket. Non consento lÕutilizzo dei dati per marketing esterno o profilazione pubblicitaria e ogni accesso deve essere loggato e tracciabile.</Description>
  <Rule RuleId=""rule319"" Effect=""Permit"">
    <Description>Subject=User; Action=use; Resource=support-data; Condition=purpose=service-quality, marketing=denied, logging=required</Description>
  </Rule>
</Policy>";
320;Weather services;Access only while in use;Per app come Meteo.it e 3B Meteo, concedo lÕaccesso alla posizione solo quando apro lÕapp per consultare le previsioni o impostare alert personalizzati. Nego la raccolta di dati in background e vieto la profilazione per scopi pubblicitari.;For apps like The Weather Channel and AccuWeather, I grant location access only when I open the app to check forecasts or set custom alerts. I deny background data collection and prohibit profiling for advertising purposes.;GPT-5.1;"<Policy PolicyId=""urn:example:policy:block17:320"" Version=""1.0"">
  <Description>Per app come Meteo.it e 3B Meteo, concedo lÕaccesso alla posizione solo quando apro lÕapp per consultare le previsioni o impostare alert personalizzati. Nego la raccolta di dati in background e vieto la profilazione per scopi pubblicitari.</Description>
  <Rule RuleId=""rule320"" Effect=""Permit"">
    <Description>Subject=User; Action=access; Resource=location; Condition=usage=while-in-use, background=denied, profiling=denied</Description>
  </Rule>
</Policy>";
321;Weather services;Notifications only;Per app come IlMeteo o WeatherPro, attivo solo notifiche di allerte meteo, temporali o nevicate. Non autorizzo la geolocalizzazione continua nŽ lÕaccesso ad altri dati sensibili del dispositivo.;For apps like Weather.com or WeatherPro, I only activate notifications for weather alerts, storms, or snowfall. I do not authorize continuous geolocation or access to other sensitive device data.;GPT-5.1;"<Policy PolicyId=""urn:example:policy:block17:321"" Version=""1.0"">
  <Description>Per app come IlMeteo o WeatherPro, attivo solo notifiche di allerte meteo, temporali o nevicate. Non autorizzo la geolocalizzazione continua nŽ lÕaccesso ad altri dati sensibili del dispositivo.</Description>
  <Rule RuleId=""rule321"" Effect=""Permit"">
    <Description>Subject=User; Action=notify; Resource=weather-alerts; Condition=location=manual-only, sensitive-data=denied</Description>
  </Rule>
</Policy>";
322;Emergency and safety services;Full access;Per app come IO, Immuni o 112 Where ARE U, concedo pieno accesso a posizione, notifiche e rete per garantire la funzionalitˆ di emergenza e i servizi pubblici. Considero questi permessi essenziali per la sicurezza personale e collettiva.;For apps like the official government app, COVID Alert apps, or the 911 Emergency app, I grant full access to location, notifications, and the network to ensure emergency functionality and public services. I consider these permissions essential for personal and collective safety.;GPT-5.1;"<Policy PolicyId=""urn:example:policy:block17:322"" Version=""1.0"">
  <Description>Per app come IO, Immuni o 112 Where ARE U, concedo pieno accesso a posizione, notifiche e rete per garantire la funzionalitˆ di emergenza e i servizi pubblici. Considero questi permessi essenziali per la sicurezza personale e collettiva.</Description>
  <Rule RuleId=""rule322"" Effect=""Permit"">
    <Description>Subject=User; Action=access; Resource=location,network,notifications; Condition=purpose=public-safety</Description>
  </Rule>
</Policy>";
323;Institutional and public utility services;Notifications only;Per app ministeriali o comunali di informazione come ANPR o PagoPA, attivo solo le notifiche relative a scadenze, comunicazioni ufficiali o servizi disponibili. Nego qualsiasi accesso in background a contatti, posizione o file multimediali.;For ministerial or municipal information apps like a DMV app or an official payment app, I only activate notifications related to deadlines, official communications, or available services. I deny any background access to contacts, location, or media files.;GPT-5.1;"<Policy PolicyId=""urn:example:policy:block17:323"" Version=""1.0"">
  <Description>Per app ministeriali o comunali di informazione come ANPR o PagoPA, attivo solo le notifiche relative a scadenze, comunicazioni ufficiali o servizi disponibili. Nego qualsiasi accesso in background a contatti, posizione o file multimediali.</Description>
  <Rule RuleId=""rule323"" Effect=""Permit"">
    <Description>Subject=User; Action=notify; Resource=public-services; Condition=background=denied, contacts=denied, location=denied, media-files=denied</Description>
  </Rule>
</Policy>";
324;Transport and mobility;Limited access;Per app come Trenitalia, Italo o Moovit, concedo lÕaccesso alla posizione solo durante la pianificazione di un viaggio o per la visualizzazione del percorso in tempo reale. Nego lÕuso dei dati per offerte commerciali o profilazione pubblicitaria.;For apps like Amtrak, Greyhound, or Moovit, I grant location access only when planning a trip or for real-time route viewing. I deny the use of data for commercial offers or advertising profiling.;GPT-5.1;"<Policy PolicyId=""urn:example:policy:block17:324"" Version=""1.0"">
  <Description>Per app come Trenitalia, Italo o Moovit, concedo lÕaccesso alla posizione solo durante la pianificazione di un viaggio o per la visualizzazione del percorso in tempo reale. Nego lÕuso dei dati per offerte commerciali o profilazione pubblicitaria.</Description>
  <Rule RuleId=""rule324"" Effect=""Permit"">
    <Description>Subject=User; Action=access; Resource=location; Condition=usage=while-in-use, marketing=denied, profiling=denied</Description>
  </Rule>
</Policy>";
325;Transport and mobility;Notifications only;Per app di sharing mobility come Lime o Helbiz, attivo esclusivamente notifiche su disponibilitˆ veicoli o manutenzione dei mezzi. LÕaccesso alla posizione o ai contatti  disattivato fino a quando non avvio manualmente lÕutilizzo del servizio.;For sharing mobility apps like Lime or Bird, I only activate notifications about vehicle availability or maintenance. Access to location or contacts is disabled until I manually start using the service.;GPT-5.1;"<Policy PolicyId=""urn:example:policy:block17:325"" Version=""1.0"">
  <Description>Per app di sharing mobility come Lime o Helbiz, attivo esclusivamente notifiche su disponibilitˆ veicoli o manutenzione dei mezzi. LÕaccesso alla posizione o ai contatti  disattivato fino a quando non avvio manualmente lÕutilizzo del servizio.</Description>
  <Rule RuleId=""rule325"" Effect=""Permit"">
    <Description>Subject=User; Action=notify; Resource=vehicle-status; Condition=location=disabled, contacts=disabled, notifications=informational-only</Description>
  </Rule>
</Policy>";
326;Social media and entertainment;Limited access;Per app come Instagram o Snapchat, concedo lÕaccesso a fotocamera e galleria solo per i contenuti che scelgo di pubblicare. Nego la scansione automatica dei contatti e qualsiasi profilazione pubblicitaria basata su immagini o video caricati.;For apps like Instagram or Snapchat, I grant access to the camera and gallery only for the content I choose to publish. I deny automatic contact scanning and any advertising profiling based on uploaded images or videos.;GPT-5.1;"<Policy PolicyId=""urn:example:policy:block17:326"" Version=""1.0"">
  <Description>Per app come Instagram o Snapchat, concedo lÕaccesso a fotocamera e galleria solo per i contenuti che scelgo di pubblicare. Nego la scansione automatica dei contatti e qualsiasi profilazione pubblicitaria basata su immagini o video caricati.</Description>
  <Rule RuleId=""rule326"" Effect=""Permit"">
    <Description>Subject=User; Action=access; Resource=camera,gallery; Condition=usage=manual-only, contacts=denied, ad-profiling=denied</Description>
  </Rule>
</Policy>";
327;Social media and entertainment;Limited and temporary access;Per app come VSCO o TikTok, autorizzo temporaneamente lÕuso della fotocamera e del microfono durante la creazione di contenuti. Al termine della sessione, tutti i permessi vengono revocati per evitare accessi in background o raccolta di dati non necessari.;For apps like VSCO or TikTok, I temporarily authorize the use of the camera and microphone during content creation. At the end of the session, all permissions are revoked to prevent background access or unnecessary data collection.;GPT-5.1;"<Policy PolicyId=""urn:example:policy:block17:327"" Version=""1.0"">
  <Description>Per app come VSCO o TikTok, autorizzo temporaneamente lÕuso della fotocamera e del microfono durante la creazione di contenuti. Al termine della sessione, tutti i permessi vengono revocati per evitare accessi in background o raccolta di dati non necessari.</Description>
  <Rule RuleId=""rule327"" Effect=""Permit"">
    <Description>Subject=User; Action=access; Resource=camera,microphone; Condition=duration=session-only, background=denied, data-collection=limited</Description>
  </Rule>
</Policy>";
328;Cloud and productivity;Access only while in use;Per app come Google Workspace, Microsoft OneDrive o Dropbox Business, concedo lÕaccesso ai file solo quando apro un documento o lo carico manualmente. Nego la sincronizzazione automatica dei dati aziendali su dispositivi non autorizzati.;For apps like Google Workspace, Microsoft OneDrive, or Dropbox Business, I grant file access only when I open a document or manually upload it. I deny automatic synchronization of company data on unauthorized devices.;GPT-5.1;"<Policy PolicyId=""urn:example:policy:block17:328"" Version=""1.0"">
  <Description>Per app come Google Workspace, Microsoft OneDrive o Dropbox Business, concedo lÕaccesso ai file solo quando apro un documento o lo carico manualmente. Nego la sincronizzazione automatica dei dati aziendali su dispositivi non autorizzati.</Description>
  <Rule RuleId=""rule328"" Effect=""Permit"">
    <Description>Subject=User; Action=access; Resource=enterprise-files; Condition=usage=while-in-use, sync=restricted-to-authorized-devices</Description>
  </Rule>
</Policy>";
329;Cloud and productivity;Full access;Per strumenti come SharePoint o Box, concedo accesso completo ai documenti aziendali, ma solo su dispositivi gestiti e protetti da autenticazione forte. LÕuso dei dati  limitato alle funzionalitˆ di collaborazione e backup, senza profilazione esterna.;For tools like SharePoint or Box, I grant full access to company documents, but only on managed devices protected by strong authentication. Data use is limited to collaboration and backup functionalities, without external profiling.;GPT-5.1;"<Policy PolicyId=""urn:example:policy:block17:329"" Version=""1.0"">
  <Description>Per strumenti come SharePoint o Box, concedo accesso completo ai documenti aziendali, ma solo su dispositivi gestiti e protetti da autenticazione forte. LÕuso dei dati  limitato alle funzionalitˆ di collaborazione e backup, senza profilazione esterna.</Description>
  <Rule RuleId=""rule329"" Effect=""Permit"">
    <Description>Subject=User; Action=access; Resource=enterprise-documents; Condition=device=managed, authentication=strong, profiling=denied</Description>
  </Rule>
</Policy>";
330;Digital assistance and support;Full access;Per app come TeamViewer, AnyDesk o Apple Support, autorizzo pieno accesso al dispositivo durante le sessioni di assistenza, controllando ogni operazione in tempo reale. Tutte le sessioni devono terminare con revoca automatica dei permessi.;For apps like TeamViewer, AnyDesk, or Apple Support, I authorize full access to the device during assistance sessions, monitoring every operation in real-time. All sessions must end with the automatic revocation of permissions.;GPT-5.1;"<Policy PolicyId=""urn:example:policy:block17:330"" Version=""1.0"">
  <Description>Per app come TeamViewer, AnyDesk o Apple Support, autorizzo pieno accesso al dispositivo durante le sessioni di assistenza, controllando ogni operazione in tempo reale. Tutte le sessioni devono terminare con revoca automatica dei permessi.</Description>
  <Rule RuleId=""rule330"" Effect=""Permit"">
    <Description>Subject=User; Action=access; Resource=device; Condition=session=temporary, supervision=required, permission-revocation=automatic</Description>
  </Rule>
</Policy>";
331;Digital assistance and support;Limited and temporary access;Per strumenti diagnostici come Dr. Fone o Phone Doctor Plus, concedo lÕaccesso temporaneo a sensori, memoria e rete solo durante la scansione attiva. Al termine, i permessi sono revocati e nessun dato viene conservato senza autorizzazione.;For diagnostic tools like Dr. Fone or Phone Doctor Plus, I grant temporary access to sensors, memory, and network only during the active scan. Afterward, permissions are revoked, and no data is retained without authorization.;GPT-5.1;"<Policy PolicyId=""urn:example:policy:block17:331"" Version=""1.0"">
  <Description>Per strumenti diagnostici come Dr. Fone o Phone Doctor Plus, concedo lÕaccesso temporaneo a sensori, memoria e rete solo durante la scansione attiva. Al termine, i permessi sono revocati e nessun dato viene conservato senza autorizzazione.</Description>
  <Rule RuleId=""rule331"" Effect=""Permit"">
    <Description>Subject=User; Action=access; Resource=sensors,memory,network; Condition=duration=session-only, data-retention=denied</Description>
  </Rule>
</Policy>";
332;Education and e-learning;Notifications only;Per app come Duolingo, Coursera o Udemy, attivo solo notifiche su aggiornamenti di corsi o scadenze, senza consentire lÕaccesso a microfono, contatti o posizione. Nego lÕuso dei miei progressi per profilazione pubblicitaria.;For apps like Duolingo, Coursera, or Udemy, I only activate notifications for course updates or deadlines, without allowing access to the microphone, contacts, or location. I deny the use of my progress for advertising profiling.;GPT-5.1;"<Policy PolicyId=""urn:example:policy:block17:332"" Version=""1.0"">
  <Description>Per app come Duolingo, Coursera o Udemy, attivo solo notifiche su aggiornamenti di corsi o scadenze, senza consentire lÕaccesso a microfono, contatti o posizione. Nego lÕuso dei miei progressi per profilazione pubblicitaria.</Description>
  <Rule RuleId=""rule332"" Effect=""Permit"">
    <Description>Subject=User; Action=notify; Resource=course-updates; Condition=microphone=denied, contacts=denied, location=denied, profiling=denied</Description>
  </Rule>
</Policy>";
333;Fitness and health;Notifications only;Per app di monitoraggio come Fitbit o Polar Flow, attivo esclusivamente notifiche relative a obiettivi giornalieri, battiti o allenamenti programmati. Non autorizzo raccolta dati passiva o sincronizzazione continua con altri servizi.;For monitoring apps like Fitbit or Polar Flow, I exclusively activate notifications related to daily goals, heart rate, or scheduled workouts. I do not authorize passive data collection or continuous synchronization with other services.;GPT-5.1;"<Policy PolicyId=""urn:example:policy:block17:333"" Version=""1.0"">
  <Description>Per app di monitoraggio come Fitbit o Polar Flow, attivo esclusivamente notifiche relative a obiettivi giornalieri, battiti o allenamenti programmati. Non autorizzo raccolta dati passiva o sincronizzazione continua con altri servizi.</Description>
  <Rule RuleId=""rule333"" Effect=""Permit"">
    <Description>Subject=User; Action=notify; Resource=fitness-updates; Condition=data-collection=active-only, sync=denied</Description>
  </Rule>
</Policy>";
334;Creativity and design;Limited profiling;Per app come Canva for Education o Adobe Creative Cloud, consento la profilazione dei miei progetti solo per suggerimenti creativi o template personalizzati. Nego lÕuso dei dati per marketing esterno o vendita a terze parti.;For apps like Canva for Education or Adobe Creative Cloud, I allow the profiling of my projects only for creative suggestions or personalized templates. I deny the use of data for external marketing or sale to third parties.;GPT-5.1;"<Policy PolicyId=""urn:example:policy:block17:334"" Version=""1.0"">
  <Description>Per app come Canva for Education o Adobe Creative Cloud, consento la profilazione dei miei progetti solo per suggerimenti creativi o template personalizzati. Nego lÕuso dei dati per marketing esterno o vendita a terze parti.</Description>
  <Rule RuleId=""rule334"" Effect=""Permit"">
    <Description>Subject=User; Action=profile; Resource=creative-projects; Condition=purpose=creative-suggestions, marketing=denied, selling=denied</Description>
  </Rule>
</Policy>";

335;Gaming and entertainment;Access only while in use / Ask every time;Per app di gaming mobile come Fortnite, Genshin Impact o PUBG Mobile, concedo lÕaccesso al microfono solo durante le sessioni di gioco attive per la chat vocale. Nego lÕaccesso a contatti, posizione e archiviazione in background. Al termine della sessione, tutti i permessi vengono revocati automaticamente per garantire la privacy dei miei dati e prevenire raccolte non autorizzate. La profilazione basata sulle preferenze di gioco deve essere limitata allÕinterno dellÕapp e non pu˜ essere condivisa con terze parti a fini pubblicitari.;For mobile gaming apps like Fortnite, Genshin Impact, or PUBG Mobile, I grant microphone access only during active gaming sessions for voice chat. I deny access to contacts, location, and background storage. At the end of the session, all permissions are automatically revoked to ensure my data privacy and prevent unauthorized collection. Profiling based on gaming preferences must be limited within the app and cannot be shared with third parties for advertising purposes.;GPT-5.1;"<Policy PolicyId=""urn:example:policy:block17:335"" Version=""1.0"">
  <Description>Per app di gaming mobile come Fortnite, Genshin Impact o PUBG Mobile, concedo lÕaccesso al microfono solo durante le sessioni di gioco attive per la chat vocale. Nego lÕaccesso a contatti, posizione e archiviazione in background. Al termine della sessione, tutti i permessi vengono revocati automaticamente per garantire la privacy dei miei dati e prevenire raccolte non autorizzate. La profilazione basata sulle preferenze di gioco deve essere limitata allÕinterno dellÕapp e non pu˜ essere condivisa con terze parti a fini pubblicitari.</Description>
  <Rule RuleId=""rule335"" Effect=""Permit"">
    <Description>Subject=User; Action=access; Resource=microphone; Condition=usage=active-session-only, contacts=denied, location=denied, storage=denied, permission-revocation=automatic, profiling=internal-only</Description>
  </Rule>
</Policy>";

